time,open,high,low,close
2012-02-24 09:00:00,426.32,429.42,425.67,425.72
2012-02-24 10:00:00,425.9,427.49,423.43,423.43
2012-02-24 11:00:00,425.9,427.49,423.43,423.43
2012-02-24 13:00:00,425.9,427.49,423.43,423.43
2012-02-24 14:00:00,425.9,427.49,423.43,423.43
2012-02-27 09:00:00,428.72,429.37,426.25,429.37
2012-02-27 10:00:00,429.42,430.75,428.41,428.41
2012-02-27 11:00:00,429.42,430.75,428.41,428.41
2012-02-27 13:00:00,429.42,430.75,428.41,428.41
2012-02-27 14:00:00,429.42,430.75,428.41,428.41
2012-02-28 09:00:00,427.9,428.61,425.59,427.59
2012-02-28 10:00:00,427.09,427.19,421.65,422.22
2012-02-28 11:00:00,427.09,427.19,421.65,422.22
2012-02-28 13:00:00,427.09,427.19,421.65,422.22
2012-02-28 14:00:00,427.09,427.19,421.65,422.22
2012-02-29 09:00:00,422.63,423.52,418.01,421.64
2012-02-29 10:00:00,421.37,423.64,420.64,423.64
2012-02-29 11:00:00,421.37,423.64,420.64,423.64
2012-02-29 13:00:00,421.37,423.64,420.64,423.64
2012-02-29 14:00:00,421.37,423.64,420.64,423.64
2012-03-01 09:00:00,424.75,427.61,422.65,427.61
2012-03-01 10:00:00,427.4,427.95,426.51,427.95
2012-03-01 11:00:00,427.4,427.95,426.51,427.95
2012-03-01 13:00:00,427.4,427.95,426.51,427.95
2012-03-01 14:00:00,427.4,427.95,426.51,427.95
2012-03-02 09:00:00,438.22,439.49,434.62,435.92
2012-03-02 10:00:00,436.0,439.6,436.0,439.6
2012-03-02 11:00:00,436.0,439.6,436.0,439.6
2012-03-02 13:00:00,436.0,439.6,436.0,439.6
2012-03-02 14:00:00,436.0,439.6,436.0,439.6
2012-03-05 09:00:00,439.6,458.24,439.6,458.24
2012-03-05 10:00:00,457.87,458.55,457.47,457.5
2012-03-05 11:00:00,457.51,458.06,457.51,458.05
2012-03-05 13:00:00,458.04,459.8,458.02,458.02
2012-03-05 14:00:00,457.21,457.21,457.21,457.21
2012-03-06 09:00:00,457.21,468.15,454.28,458.7
2012-03-06 10:00:00,458.52,458.67,444.99,447.97
2012-03-06 11:00:00,448.36,451.51,447.8,448.19
2012-03-06 13:00:00,448.25,449.24,447.57,448.41
2012-03-06 14:00:00,448.25,449.24,447.57,448.41
2012-03-07 09:00:00,445.0,445.0,433.69,437.99
2012-03-07 10:00:00,437.44,438.99,436.31,438.99
2012-03-07 11:00:00,439.12,444.25,439.12,442.0
2012-03-07 13:00:00,442.84,443.52,441.06,443.52
2012-03-07 14:00:00,444.02,444.02,444.02,444.02
2012-03-08 09:00:00,444.02,444.02,436.41,442.46
2012-03-08 10:00:00,442.53,442.53,435.92,438.35
2012-03-08 11:00:00,438.32,438.41,436.76,437.53
2012-03-08 13:00:00,437.68,437.75,432.66,433.08
2012-03-08 14:00:00,431.66,431.66,431.66,431.66
2012-03-09 09:00:00,431.66,435.27,428.38,429.75
2012-03-09 10:00:00,429.73,430.52,424.43,426.3
2012-03-09 11:00:00,426.83,428.67,426.59,428.5
2012-03-09 13:00:00,428.2,432.33,428.2,432.33
2012-03-09 14:00:00,432.11,432.11,432.11,432.11
2012-03-12 09:00:00,432.11,432.61,426.75,427.84
2012-03-12 10:00:00,427.88,428.73,425.55,425.55
2012-03-12 11:00:00,425.13,425.26,423.43,424.56
2012-03-12 13:00:00,425.1,426.64,425.1,426.19
2012-03-12 14:00:00,428.02,428.02,428.02,428.02
2012-03-13 09:00:00,428.02,431.52,427.76,431.52
2012-03-13 10:00:00,431.89,433.66,428.0,428.33
2012-03-13 11:00:00,427.9,429.4,427.81,427.97
2012-03-13 13:00:00,428.2,431.04,428.07,431.04
2012-03-13 14:00:00,429.39,429.39,429.39,429.39
2012-03-14 09:00:00,429.39,437.23,429.39,433.41
2012-03-14 10:00:00,433.57,433.57,429.72,430.0
2012-03-14 11:00:00,430.03,433.27,430.03,432.32
2012-03-14 13:00:00,432.14,432.91,429.22,431.74
2012-03-14 14:00:00,433.86,433.86,433.86,433.86
2012-03-15 09:00:00,433.86,435.79,430.39,434.75
2012-03-15 10:00:00,434.68,438.18,431.8,438.18
2012-03-15 11:00:00,438.38,439.06,436.53,436.53
2012-03-15 13:00:00,436.9,442.55,436.9,441.86
2012-03-15 14:00:00,441.85,441.85,441.85,441.85
2012-03-16 09:00:00,441.85,450.32,441.85,446.69
2012-03-16 10:00:00,446.63,447.22,442.71,442.71
2012-03-16 11:00:00,442.43,442.99,439.87,442.99
2012-03-16 13:00:00,443.51,446.15,443.22,445.01
2012-03-16 14:00:00,441.89,441.89,438.52,438.52
2012-03-19 09:00:00,438.52,438.52,433.6,437.27
2012-03-19 10:00:00,437.86,439.88,437.45,438.51
2012-03-19 11:00:00,438.4,440.92,438.11,440.17
2012-03-19 13:00:00,440.33,440.89,438.01,438.31
2012-03-19 14:00:00,438.07,438.07,438.07,438.07
2012-03-20 09:00:00,438.07,441.73,435.2,438.56
2012-03-20 10:00:00,438.72,438.72,436.14,436.4
2012-03-20 11:00:00,436.18,439.01,436.18,438.52
2012-03-20 13:00:00,438.49,440.39,438.29,440.39
2012-03-20 14:00:00,440.29,440.29,440.29,440.29
2012-03-21 09:00:00,440.29,445.86,440.29,444.11
2012-03-21 10:00:00,443.88,444.67,443.35,444.58
2012-03-21 11:00:00,444.81,448.25,444.81,448.25
2012-03-21 13:00:00,447.92,450.25,447.28,447.35
2012-03-21 14:00:00,445.77,445.77,445.77,445.77
2012-03-22 09:00:00,445.77,446.98,442.44,444.53
2012-03-22 10:00:00,444.79,446.64,444.79,445.16
2012-03-22 11:00:00,445.79,448.1,445.67,448.1
2012-03-22 13:00:00,447.75,448.92,447.52,448.4
2012-03-22 14:00:00,445.67,445.67,445.67,445.67
2012-03-23 09:00:00,445.67,452.0,445.67,450.15
2012-03-23 10:00:00,450.16,450.93,449.4,450.24
2012-03-23 11:00:00,450.87,450.87,450.01,450.29
2012-03-23 13:00:00,450.74,455.16,450.74,453.68
2012-03-23 14:00:00,454.1,454.1,454.1,454.1
2012-03-26 09:00:00,454.1,458.78,451.46,452.63
2012-03-26 10:00:00,452.77,456.96,452.77,456.96
2012-03-26 11:00:00,457.23,459.04,457.23,458.95
2012-03-26 13:00:00,459.11,459.19,456.52,456.69
2012-03-26 14:00:00,459.26,459.26,459.26,459.26
2012-03-27 09:00:00,459.26,459.26,453.2,455.69
2012-03-27 10:00:00,455.72,457.09,454.35,454.51
2012-03-27 11:00:00,454.78,455.27,454.27,455.27
2012-03-27 13:00:00,455.2,455.2,446.94,446.94
2012-03-27 14:00:00,445.92,445.92,445.92,445.92
2012-03-28 09:00:00,445.92,445.92,437.05,439.06
2012-03-28 10:00:00,439.33,446.72,439.33,446.72
2012-03-28 11:00:00,447.12,447.14,443.43,444.03
2012-03-28 13:00:00,444.09,446.07,443.99,445.91
2012-03-28 14:00:00,446.32,446.32,446.32,446.32
2012-03-29 09:00:00,446.32,449.01,443.81,446.31
2012-03-29 10:00:00,446.42,447.39,445.12,445.36
2012-03-29 11:00:00,445.26,445.27,444.71,445.11
2012-03-29 13:00:00,444.53,444.87,439.47,441.32
2012-03-29 14:00:00,439.63,439.63,439.63,439.63
2012-03-30 09:00:00,439.63,443.74,439.63,440.64
2012-03-30 10:00:00,440.43,441.47,439.79,439.79
2012-03-30 11:00:00,439.7,439.7,437.62,438.66
2012-03-30 13:00:00,438.8,442.28,438.54,441.37
2012-03-30 14:00:00,441.03,441.03,441.03,441.03
2012-04-03 09:00:00,441.03,442.86,440.8,440.82
2012-04-03 10:00:00,440.95,442.84,440.23,442.39
2012-04-03 11:00:00,442.52,445.27,442.41,445.26
2012-04-03 13:00:00,444.72,446.14,444.09,445.11
2012-04-03 14:00:00,445.77,445.77,445.77,445.77
2012-04-04 09:00:00,445.77,447.02,443.89,444.73
2012-04-04 10:00:00,444.52,445.66,442.47,443.59
2012-04-04 11:00:00,443.58,443.58,441.83,442.4
2012-04-04 13:00:00,442.44,442.44,439.27,441.37
2012-04-04 14:00:00,439.77,439.77,439.77,439.77
2012-04-05 09:00:00,439.77,440.12,436.67,436.96
2012-04-05 10:00:00,437.42,440.61,437.42,440.61
2012-04-05 11:00:00,440.0,442.72,440.0,442.59
2012-04-05 13:00:00,442.35,445.8,441.63,445.0
2012-04-05 14:00:00,444.93,444.93,444.93,444.93
2012-04-06 09:00:00,444.93,449.19,444.93,447.65
2012-04-06 10:00:00,447.58,449.61,445.96,449.61
2012-04-06 11:00:00,449.51,450.13,449.04,449.04
2012-04-06 13:00:00,449.52,450.23,447.85,448.67
2012-04-06 14:00:00,447.44,447.44,447.44,447.44
2012-04-09 09:00:00,447.44,450.78,447.44,450.65
2012-04-09 10:00:00,450.66,452.06,448.23,449.15
2012-04-09 11:00:00,449.12,449.69,448.17,449.54
2012-04-09 13:00:00,449.77,450.11,448.93,449.04
2012-04-09 14:00:00,450.73,450.73,450.73,450.73
2012-04-10 09:00:00,450.73,452.58,448.91,452.23
2012-04-10 10:00:00,452.68,455.86,452.14,453.76
2012-04-10 11:00:00,453.93,454.39,453.53,453.53
2012-04-10 13:00:00,453.57,454.05,450.45,452.14
2012-04-10 14:00:00,450.85,450.85,450.85,450.85
2012-04-11 09:00:00,450.85,457.56,450.85,455.36
2012-04-11 10:00:00,454.76,456.44,452.69,453.11
2012-04-11 11:00:00,453.12,454.81,452.83,454.39
2012-04-11 13:00:00,454.85,458.68,454.85,458.68
2012-04-11 14:00:00,458.74,458.74,458.74,458.74
2012-04-12 09:00:00,458.74,468.14,458.74,465.93
2012-04-12 10:00:00,465.94,465.94,464.35,465.33
2012-04-12 11:00:00,465.69,466.91,465.47,465.84
2012-04-12 13:00:00,465.79,467.29,464.74,465.18
2012-04-12 14:00:00,465.26,465.26,465.26,465.26
2012-04-13 09:00:00,465.26,467.65,463.54,465.94
2012-04-13 10:00:00,466.01,468.38,463.96,463.96
2012-04-13 11:00:00,464.52,466.31,464.27,466.31
2012-04-13 13:00:00,466.19,466.19,462.84,463.12
2012-04-13 14:00:00,462.52,462.52,462.52,462.52
2012-04-16 09:00:00,462.52,465.06,461.76,464.73
2012-04-16 10:00:00,464.86,466.87,463.24,466.8
2012-04-16 11:00:00,466.26,468.32,466.09,468.18
2012-04-16 13:00:00,468.39,470.73,468.25,468.55
2012-04-16 14:00:00,468.26,468.26,468.26,468.26
2012-04-17 09:00:00,468.26,471.58,467.58,471.52
2012-04-17 10:00:00,471.78,474.92,471.08,471.82
2012-04-17 11:00:00,472.04,473.87,471.81,472.99
2012-04-17 13:00:00,473.15,474.04,472.5,473.45
2012-04-17 14:00:00,472.84,472.84,472.84,472.84
2012-04-18 09:00:00,472.84,475.1,471.4,474.08
2012-04-18 10:00:00,473.74,478.87,473.11,478.78
2012-04-18 11:00:00,478.75,478.82,475.52,475.52
2012-04-18 13:00:00,475.76,476.32,471.36,472.58
2012-04-18 14:00:00,472.16,472.16,472.16,472.16
2012-04-19 09:00:00,472.16,473.31,469.6,472.41
2012-04-19 10:00:00,472.33,472.33,467.65,469.88
2012-04-19 11:00:00,469.21,469.26,468.12,468.13
2012-04-19 13:00:00,467.93,467.93,465.29,466.49
2012-04-19 14:00:00,467.08,467.08,467.08,467.08
2012-04-20 09:00:00,467.08,467.56,462.91,464.83
2012-04-20 10:00:00,464.9,469.14,464.9,468.45
2012-04-20 11:00:00,469.54,470.5,468.24,468.56
2012-04-20 13:00:00,468.45,468.64,466.08,466.46
2012-04-20 14:00:00,465.72,465.72,465.72,465.72
2012-04-23 09:00:00,465.72,469.2,465.72,467.42
2012-04-23 10:00:00,467.27,468.1,466.54,466.54
2012-04-23 11:00:00,466.43,466.96,465.4,466.38
2012-04-23 13:00:00,466.22,466.24,464.61,465.28
2012-04-23 14:00:00,465.17,465.17,465.17,465.17
2012-04-24 09:00:00,465.17,465.67,460.6,461.83
2012-04-24 10:00:00,461.8,463.83,461.8,461.89
2012-04-24 11:00:00,461.92,463.34,461.92,463.27
2012-04-24 13:00:00,463.34,466.23,463.34,465.38
2012-04-24 14:00:00,465.65,465.65,465.65,465.65
2012-04-25 09:00:00,465.65,472.11,465.65,470.03
2012-04-25 10:00:00,469.73,472.48,468.89,471.39
2012-04-25 11:00:00,471.93,472.19,471.18,471.72
2012-04-25 13:00:00,471.88,473.22,471.79,472.73
2012-04-25 14:00:00,472.87,472.87,472.87,472.87
2012-04-26 09:00:00,472.87,475.44,472.82,474.75
2012-04-26 10:00:00,474.81,475.21,471.29,472.09
2012-04-26 11:00:00,472.16,473.53,471.81,473.13
2012-04-26 13:00:00,473.56,473.75,470.66,471.13
2012-04-26 14:00:00,470.54,470.54,470.21,470.21
2012-04-27 09:00:00,470.21,473.43,470.21,472.51
2012-04-27 10:00:00,472.56,473.42,470.57,471.89
2012-04-27 11:00:00,471.51,474.5,471.51,473.39
2012-04-27 13:00:00,473.02,475.22,473.01,473.66
2012-04-27 14:00:00,473.77,473.77,473.77,473.77
2012-05-02 09:00:00,473.77,478.44,473.77,476.77
2012-05-02 10:00:00,476.66,477.24,475.09,475.94
2012-05-02 11:00:00,476.07,476.28,474.75,474.91
2012-05-02 13:00:00,474.86,474.86,471.07,471.62
2012-05-02 14:00:00,472.46,472.46,472.46,472.46
2012-05-03 09:00:00,472.46,473.07,469.67,470.13
2012-05-03 10:00:00,469.4,469.58,465.0,466.98
2012-05-03 11:00:00,467.04,467.6,465.58,465.93
2012-05-03 13:00:00,466.33,470.8,465.56,468.87
2012-05-03 14:00:00,468.8,468.8,468.8,468.8
2012-05-04 09:00:00,470.53,476.37,470.53,474.09
2012-05-04 10:00:00,473.5,474.02,471.95,473.68
2012-05-04 11:00:00,474.12,476.01,473.59,475.85
2012-05-04 13:00:00,475.97,477.72,475.69,476.39
2012-05-04 14:00:00,476.32,476.32,476.32,476.32
2012-05-07 09:00:00,481.95,485.4,481.95,484.28
2012-05-07 10:00:00,484.05,484.14,481.15,481.81
2012-05-07 11:00:00,481.8,481.92,481.05,481.92
2012-05-07 13:00:00,481.97,483.36,481.38,483.29
2012-05-07 14:00:00,486.31,486.31,486.31,486.31
2012-05-08 09:00:00,488.6,490.39,486.25,490.26
2012-05-08 10:00:00,490.3,490.62,488.89,490.28
2012-05-08 11:00:00,490.39,492.44,490.39,491.52
2012-05-08 13:00:00,491.29,491.84,486.64,488.0
2012-05-08 14:00:00,488.07,488.07,488.07,488.07
2012-05-09 09:00:00,488.19,489.93,486.65,486.65
2012-05-09 10:00:00,486.6,489.39,485.33,486.82
2012-05-09 11:00:00,486.45,487.59,486.38,487.02
2012-05-09 13:00:00,487.07,490.49,487.07,488.04
2012-05-09 14:00:00,487.62,487.62,487.62,487.62
2012-05-10 09:00:00,490.03,491.35,487.11,488.76
2012-05-10 10:00:00,488.58,490.04,488.4,488.4
2012-05-10 11:00:00,488.75,488.75,485.5,485.87
2012-05-10 13:00:00,485.13,485.38,482.68,485.38
2012-05-10 14:00:00,486.07,486.07,486.07,486.07
2012-05-11 09:00:00,487.68,488.13,483.57,483.57
2012-05-11 10:00:00,483.4,487.8,483.03,485.85
2012-05-11 11:00:00,485.9,485.99,484.83,485.94
2012-05-11 13:00:00,485.96,485.96,479.87,481.48
2012-05-11 14:00:00,480.39,480.39,480.1,480.1
2012-05-14 09:00:00,477.73,483.15,476.32,476.32
2012-05-14 10:00:00,476.56,481.95,475.82,481.34
2012-05-14 11:00:00,481.2,481.2,475.3,475.54
2012-05-14 13:00:00,475.57,475.57,470.17,470.78
2012-05-14 14:00:00,469.69,469.69,469.69,469.69
2012-05-15 09:00:00,462.97,467.63,461.48,461.9
2012-05-15 10:00:00,461.88,462.6,455.96,457.29
2012-05-15 11:00:00,457.3,460.52,457.3,459.99
2012-05-15 13:00:00,459.77,460.02,455.47,456.36
2012-05-15 14:00:00,455.65,455.65,455.65,455.65
2012-05-16 09:00:00,455.75,458.57,451.2,453.32
2012-05-16 10:00:00,453.4,453.56,446.38,447.19
2012-05-16 11:00:00,447.58,450.42,447.48,450.21
2012-05-16 13:00:00,450.89,453.59,448.98,449.11
2012-05-16 14:00:00,450.08,450.08,449.91,449.91
2012-05-17 09:00:00,449.77,453.72,449.53,452.0
2012-05-17 10:00:00,452.01,452.55,447.78,450.52
2012-05-17 11:00:00,450.5,450.62,448.87,449.19
2012-05-17 13:00:00,449.07,449.07,443.7,443.75
2012-05-17 14:00:00,442.58,442.58,442.58,442.58
2012-05-18 09:00:00,439.69,439.69,430.29,433.3
2012-05-18 10:00:00,433.32,440.24,433.15,439.34
2012-05-18 11:00:00,439.49,439.49,435.45,436.27
2012-05-18 13:00:00,437.16,438.0,431.96,433.81
2012-05-18 14:00:00,434.95,434.95,434.95,434.95
2012-05-21 09:00:00,438.53,443.99,437.72,438.51
2012-05-21 10:00:00,438.92,443.3,438.32,443.3
2012-05-21 11:00:00,443.28,444.07,443.22,443.41
2012-05-21 13:00:00,443.72,448.19,443.28,448.19
2012-05-21 14:00:00,448.02,448.02,448.02,448.02
2012-05-22 09:00:00,451.32,452.28,446.84,449.55
2012-05-22 10:00:00,449.56,451.84,448.67,451.84
2012-05-22 11:00:00,451.78,453.7,451.7,452.66
2012-05-22 13:00:00,452.5,452.5,447.1,448.82
2012-05-22 14:00:00,447.94,447.94,447.94,447.94
2012-05-23 09:00:00,443.6,446.2,443.6,444.31
2012-05-23 10:00:00,444.08,444.08,439.12,440.57
2012-05-23 11:00:00,440.55,441.38,440.06,440.18
2012-05-23 13:00:00,439.48,439.48,437.16,437.74
2012-05-23 14:00:00,436.75,436.75,436.75,436.75
2012-05-24 09:00:00,431.39,435.59,429.67,429.81
2012-05-24 10:00:00,429.13,431.48,429.13,429.91
2012-05-24 11:00:00,429.83,429.83,426.94,426.94
2012-05-24 13:00:00,426.85,427.34,425.65,427.18
2012-05-24 14:00:00,426.92,426.92,426.92,426.92
2012-05-25 09:00:00,432.62,434.65,431.01,431.78
2012-05-25 10:00:00,431.61,436.6,431.38,436.6
2012-05-25 11:00:00,436.79,437.75,436.51,436.88
2012-05-25 13:00:00,436.78,438.42,436.78,438.12
2012-05-25 14:00:00,437.38,437.38,437.38,437.38
2012-05-28 09:00:00,443.24,443.24,436.77,437.69
2012-05-28 10:00:00,438.09,442.3,438.09,439.36
2012-05-28 11:00:00,439.52,439.58,436.47,436.64
2012-05-28 13:00:00,437.21,437.46,433.42,437.46
2012-05-28 14:00:00,435.48,435.48,435.48,435.48
2012-05-29 09:00:00,431.75,431.86,430.09,431.09
2012-05-29 10:00:00,431.1,432.41,429.11,429.59
2012-05-29 11:00:00,429.82,430.52,429.57,430.13
2012-05-29 13:00:00,430.2,432.91,429.23,432.7
2012-05-29 14:00:00,431.44,431.44,431.44,431.44
2012-05-30 09:00:00,433.29,437.11,432.39,433.91
2012-05-30 10:00:00,434.19,434.82,433.54,434.41
2012-05-30 11:00:00,434.83,437.31,434.83,436.32
2012-05-30 13:00:00,436.7,436.7,434.02,434.69
2012-05-30 14:00:00,435.34,435.34,435.34,435.34
2012-05-31 09:00:00,431.84,432.99,431.66,432.99
2012-05-31 10:00:00,433.18,433.94,431.14,431.14
2012-05-31 11:00:00,430.86,432.15,430.86,432.15
2012-05-31 13:00:00,432.2,432.2,428.52,429.34
2012-05-31 14:00:00,429.2,429.2,429.2,429.2
2012-06-01 09:00:00,430.75,432.27,430.39,430.94
2012-06-01 10:00:00,430.73,430.73,429.02,430.45
2012-06-01 11:00:00,430.53,430.83,429.9,430.6
2012-06-01 13:00:00,430.67,431.04,427.98,427.99
2012-06-01 14:00:00,428.8,428.8,428.8,428.8
2012-06-04 09:00:00,426.91,427.58,423.18,424.97
2012-06-04 10:00:00,424.4,424.4,419.32,421.7
2012-06-04 11:00:00,421.56,421.56,420.84,421.03
2012-06-04 13:00:00,421.11,421.11,417.17,417.85
2012-06-04 14:00:00,416.65,416.65,416.65,416.65
2012-06-05 09:00:00,413.96,419.9,413.96,414.73
2012-06-05 10:00:00,414.86,417.14,413.58,417.13
2012-06-05 11:00:00,417.3,417.43,415.7,416.69
2012-06-05 13:00:00,416.36,419.63,416.36,419.63
2012-06-05 14:00:00,421.02,421.02,421.02,421.02
2012-06-06 09:00:00,421.09,425.64,420.81,422.51
2012-06-06 10:00:00,422.45,424.6,422.05,423.28
2012-06-06 11:00:00,423.39,423.64,422.47,423.29
2012-06-06 13:00:00,423.73,427.17,422.62,427.17
2012-06-06 14:00:00,426.39,426.39,426.39,426.39
2012-06-07 09:00:00,431.14,431.46,428.61,431.46
2012-06-07 10:00:00,431.23,433.7,431.23,433.25
2012-06-07 11:00:00,433.09,434.95,432.87,434.95
2012-06-07 13:00:00,435.23,436.68,435.23,435.6
2012-06-07 14:00:00,434.41,434.41,434.41,434.41
2012-06-08 09:00:00,439.02,441.46,437.45,439.99
2012-06-08 10:00:00,440.36,440.36,437.31,438.75
2012-06-08 11:00:00,438.52,439.04,435.01,435.91
2012-06-08 13:00:00,435.84,437.47,433.18,434.05
2012-06-08 14:00:00,432.9,432.9,432.9,432.9
2012-06-11 09:00:00,432.15,434.56,430.28,431.76
2012-06-11 10:00:00,432.07,434.79,431.25,433.49
2012-06-11 11:00:00,433.79,434.31,433.58,433.85
2012-06-11 13:00:00,434.41,435.86,432.42,432.75
2012-06-11 14:00:00,432.5,432.5,432.5,432.5
2012-06-12 09:00:00,432.89,432.89,430.4,430.4
2012-06-12 10:00:00,430.46,432.01,428.87,431.99
2012-06-12 11:00:00,432.15,432.19,430.46,431.09
2012-06-12 13:00:00,431.07,431.14,428.04,428.66
2012-06-12 14:00:00,428.16,428.16,428.16,428.16
2012-06-13 09:00:00,429.73,429.73,427.41,427.55
2012-06-13 10:00:00,427.53,427.93,424.86,427.93
2012-06-13 11:00:00,427.88,428.82,427.63,428.82
2012-06-13 13:00:00,429.11,429.68,427.37,427.72
2012-06-13 14:00:00,427.61,427.61,427.61,427.61
2012-06-14 09:00:00,425.74,426.9,424.93,426.0
2012-06-14 10:00:00,425.95,428.59,425.3,426.66
2012-06-14 11:00:00,426.7,426.7,425.29,426.53
2012-06-14 13:00:00,426.19,426.21,424.05,424.65
2012-06-14 14:00:00,425.28,425.28,425.28,425.28
2012-06-15 09:00:00,425.62,428.07,425.62,426.6
2012-06-15 10:00:00,426.83,431.15,426.83,431.15
2012-06-15 11:00:00,430.91,432.59,430.91,432.59
2012-06-15 13:00:00,432.54,433.04,431.88,432.7
2012-06-15 14:00:00,433.09,433.09,433.09,433.09
2012-06-18 09:00:00,436.89,439.29,435.08,438.28
2012-06-18 10:00:00,437.65,437.65,436.48,436.68
2012-06-18 11:00:00,436.65,436.71,435.48,435.48
2012-06-18 13:00:00,436.21,436.32,433.75,435.96
2012-06-18 14:00:00,435.59,435.59,435.59,435.59
2012-06-19 09:00:00,434.04,435.11,432.61,433.76
2012-06-19 10:00:00,433.62,433.69,431.73,431.74
2012-06-19 11:00:00,431.72,433.52,431.72,433.52
2012-06-19 13:00:00,432.56,432.9,430.23,430.85
2012-06-19 14:00:00,431.08,431.08,431.08,431.08
2012-06-20 09:00:00,431.8,431.93,429.2,429.2
2012-06-20 10:00:00,429.28,432.86,429.28,431.92
2012-06-20 11:00:00,431.88,431.88,431.32,431.76
2012-06-20 13:00:00,431.84,434.16,431.41,433.91
2012-06-20 14:00:00,432.89,432.89,432.89,432.89
2012-06-21 09:00:00,432.27,432.58,430.9,432.54
2012-06-21 10:00:00,432.72,433.49,431.83,432.0
2012-06-21 11:00:00,431.74,432.46,430.83,432.16
2012-06-21 13:00:00,431.17,432.29,431.16,431.35
2012-06-21 14:00:00,431.14,431.14,431.14,431.14
2012-06-22 09:00:00,429.95,430.19,426.89,427.69
2012-06-22 10:00:00,427.36,429.02,426.5,429.02
2012-06-22 11:00:00,428.87,429.51,428.73,429.17
2012-06-22 13:00:00,429.82,430.06,427.88,427.91
2012-06-22 14:00:00,427.62,427.62,427.17,427.17
2012-06-25 09:00:00,426.54,429.81,426.54,428.23
2012-06-25 10:00:00,427.89,428.08,424.99,424.99
2012-06-25 11:00:00,425.14,425.28,424.31,424.64
2012-06-25 13:00:00,425.0,425.0,422.95,423.65
2012-06-25 14:00:00,424.12,424.12,424.12,424.12
2012-06-26 09:00:00,421.17,421.76,417.92,419.14
2012-06-26 10:00:00,419.24,421.37,419.09,420.48
2012-06-26 11:00:00,420.18,420.69,420.03,420.08
2012-06-26 13:00:00,418.75,419.8,418.5,418.5
2012-06-26 14:00:00,419.19,419.19,419.19,419.19
2012-06-27 09:00:00,419.78,422.17,419.78,420.57
2012-06-27 10:00:00,420.63,421.75,420.51,421.75
2012-06-27 11:00:00,422.07,422.07,420.79,421.17
2012-06-27 13:00:00,421.31,421.64,418.32,418.49
2012-06-27 14:00:00,418.0,418.04,418.0,418.04
2012-06-28 09:00:00,418.04,418.78,415.34,415.34
2012-06-28 10:00:00,416.08,418.33,415.74,418.09
2012-06-28 11:00:00,418.02,418.29,417.65,417.65
2012-06-28 13:00:00,416.6,417.52,416.19,417.44
2012-06-28 14:00:00,418.16,418.16,418.16,418.16
2012-06-29 09:00:00,420.76,421.4,419.53,419.94
2012-06-29 10:00:00,419.44,419.94,418.49,419.27
2012-06-29 11:00:00,419.41,420.43,419.09,420.42
2012-06-29 13:00:00,420.72,421.33,420.53,420.67
2012-06-29 14:00:00,422.37,422.37,422.37,422.37
2012-07-02 09:00:00,421.94,424.95,419.62,420.4
2012-07-02 10:00:00,420.44,420.68,419.8,420.01
2012-07-02 11:00:00,420.0,420.0,419.12,419.53
2012-07-02 13:00:00,419.84,419.84,418.18,418.55
2012-07-02 14:00:00,419.3,419.3,419.3,419.3
2012-07-03 09:00:00,416.47,417.21,415.3,417.21
2012-07-03 10:00:00,416.95,417.14,414.95,415.14
2012-07-03 11:00:00,415.04,415.12,412.78,413.01
2012-07-03 13:00:00,412.55,413.08,411.86,412.29
2012-07-03 14:00:00,413.09,413.09,413.09,413.09
2012-07-04 09:00:00,413.41,415.4,413.24,415.4
2012-07-04 10:00:00,415.33,416.03,413.24,413.69
2012-07-04 11:00:00,413.64,413.9,413.11,413.64
2012-07-04 13:00:00,413.68,413.7,411.02,411.28
2012-07-04 14:00:00,410.73,410.73,410.73,410.73
2012-07-05 09:00:00,410.85,411.44,408.43,408.64
2012-07-05 10:00:00,408.71,411.46,408.69,410.87
2012-07-05 11:00:00,410.64,411.1,410.21,411.1
2012-07-05 13:00:00,410.88,412.35,410.88,412.1
2012-07-05 14:00:00,413.83,413.83,413.83,413.83
2012-07-06 09:00:00,414.01,416.89,413.53,415.35
2012-07-06 10:00:00,415.27,416.61,414.38,416.61
2012-07-06 11:00:00,416.77,417.97,416.62,416.89
2012-07-06 13:00:00,416.99,417.05,414.32,415.64
2012-07-06 14:00:00,415.44,415.44,415.44,415.44
2012-07-09 09:00:00,413.59,414.39,412.34,412.34
2012-07-09 10:00:00,412.38,412.38,410.16,410.23
2012-07-09 11:00:00,410.37,410.39,409.98,410.35
2012-07-09 13:00:00,410.5,410.51,407.51,408.66
2012-07-09 14:00:00,408.12,408.12,408.12,408.12
2012-07-10 09:00:00,406.4,409.86,406.4,407.29
2012-07-10 10:00:00,407.3,409.27,406.32,408.6
2012-07-10 11:00:00,408.81,408.81,407.8,408.55
2012-07-10 13:00:00,407.52,408.37,407.0,408.37
2012-07-10 14:00:00,405.39,405.39,405.39,405.39
2012-07-11 09:00:00,405.29,408.21,405.07,407.69
2012-07-11 10:00:00,407.79,407.98,406.13,406.58
2012-07-11 11:00:00,406.62,406.78,405.9,406.77
2012-07-11 13:00:00,406.91,407.74,406.53,407.15
2012-07-11 14:00:00,407.28,407.28,407.28,407.28
2012-07-12 09:00:00,406.5,409.24,406.18,408.14
2012-07-12 10:00:00,408.26,409.7,407.45,408.1
2012-07-12 11:00:00,408.05,408.81,408.05,408.81
2012-07-12 13:00:00,408.56,409.13,407.88,409.13
2012-07-12 14:00:00,408.72,408.72,408.72,408.72
2012-07-13 09:00:00,409.85,413.79,409.85,412.89
2012-07-13 10:00:00,412.6,414.17,412.19,414.17
2012-07-13 11:00:00,414.24,415.45,414.24,415.45
2012-07-13 13:00:00,415.48,416.87,415.48,416.18
2012-07-13 14:00:00,416.98,416.98,416.98,416.98
2012-07-16 09:00:00,417.54,418.72,415.99,418.72
2012-07-16 10:00:00,418.44,418.78,416.84,416.95
2012-07-16 11:00:00,416.76,416.76,414.04,415.28
2012-07-16 13:00:00,415.25,415.56,413.28,413.68
2012-07-16 14:00:00,413.98,413.98,413.98,413.98
2012-07-17 09:00:00,411.72,414.67,411.72,414.1
2012-07-17 10:00:00,414.13,416.49,414.13,416.49
2012-07-17 11:00:00,416.51,416.51,416.04,416.12
2012-07-17 13:00:00,415.89,418.5,415.87,418.39
2012-07-17 14:00:00,417.55,417.55,417.55,417.55
2012-07-18 09:00:00,418.19,419.91,417.81,418.29
2012-07-18 10:00:00,418.2,419.29,417.9,418.07
2012-07-18 11:00:00,418.13,418.13,417.78,418.03
2012-07-18 13:00:00,417.71,418.83,416.1,418.83
2012-07-18 14:00:00,417.71,418.83,416.1,418.83
2012-07-19 09:00:00,417.77,421.23,417.77,420.38
2012-07-19 10:00:00,420.43,420.63,418.36,418.54
2012-07-19 11:00:00,418.92,420.51,418.92,420.51
2012-07-19 13:00:00,421.01,427.44,421.01,427.27
2012-07-19 14:00:00,428.38,428.38,428.38,428.38
2012-07-20 09:00:00,432.1,432.46,429.7,432.39
2012-07-20 10:00:00,432.43,432.45,430.39,430.58
2012-07-20 11:00:00,430.28,430.32,428.74,430.08
2012-07-20 13:00:00,430.14,430.63,427.87,427.87
2012-07-20 14:00:00,430.14,430.63,427.87,427.87
2012-07-23 09:00:00,430.14,430.63,427.87,427.87
2012-07-23 10:00:00,425.13,425.13,422.21,424.83
2012-07-23 11:00:00,425.04,425.04,423.72,424.16
2012-07-23 13:00:00,424.24,424.25,421.42,422.14
2012-07-23 14:00:00,421.99,421.99,421.99,421.99
2012-07-24 09:00:00,420.19,420.62,418.43,418.74
2012-07-24 10:00:00,419.64,419.67,416.54,416.72
2012-07-24 11:00:00,416.54,417.08,416.33,417.08
2012-07-24 13:00:00,416.46,416.82,414.6,415.63
2012-07-24 14:00:00,416.46,416.82,414.6,415.63
2012-07-25 09:00:00,412.94,415.42,412.94,413.87
2012-07-25 10:00:00,413.29,415.71,413.29,414.84
2012-07-25 11:00:00,414.82,415.26,414.04,414.29
2012-07-25 13:00:00,414.61,415.27,412.56,412.92
2012-07-25 14:00:00,412.91,412.91,412.91,412.91
2012-07-26 09:00:00,413.78,416.63,413.78,414.77
2012-07-26 10:00:00,414.75,415.2,412.89,413.98
2012-07-26 11:00:00,413.99,414.38,413.36,414.38
2012-07-26 13:00:00,413.74,415.54,413.74,415.33
2012-07-26 14:00:00,414.8,414.8,414.8,414.8
2012-07-27 09:00:00,416.43,417.68,415.0,415.48
2012-07-27 10:00:00,415.27,415.79,414.67,414.67
2012-07-27 11:00:00,415.02,415.02,413.3,413.67
2012-07-27 13:00:00,414.02,414.5,412.47,413.16
2012-07-27 14:00:00,414.02,414.5,412.47,413.16
2012-07-30 09:00:00,410.57,413.58,410.08,413.24
2012-07-30 10:00:00,413.33,413.82,411.86,413.62
2012-07-30 11:00:00,413.67,415.23,413.56,414.95
2012-07-30 13:00:00,415.06,415.31,413.46,414.14
2012-07-30 14:00:00,415.0,415.0,415.0,415.0
2012-07-31 09:00:00,415.7,416.57,415.4,415.96
2012-07-31 10:00:00,416.26,416.28,414.68,414.79
2012-07-31 11:00:00,414.75,415.61,414.36,415.61
2012-07-31 13:00:00,415.46,415.62,414.19,414.22
2012-07-31 14:00:00,414.48,414.48,414.48,414.48
2012-08-01 09:00:00,413.73,413.73,412.91,412.93
2012-08-01 10:00:00,412.73,413.99,412.72,413.59
2012-08-01 11:00:00,413.51,413.51,411.65,411.75
2012-08-01 13:00:00,412.01,412.31,410.54,411.79
2012-08-01 14:00:00,412.55,412.55,412.55,412.55
2012-08-02 09:00:00,414.23,416.77,414.23,416.44
2012-08-02 10:00:00,416.48,417.96,416.47,417.03
2012-08-02 11:00:00,416.71,417.4,416.39,416.41
2012-08-02 13:00:00,415.98,416.93,415.98,416.09
2012-08-02 14:00:00,416.1,416.1,416.1,416.1
2012-08-03 09:00:00,417.63,417.9,417.09,417.78
2012-08-03 10:00:00,417.72,419.26,417.62,418.8
2012-08-03 11:00:00,418.78,418.8,417.38,417.87
2012-08-03 13:00:00,418.82,418.84,417.4,418.13
2012-08-03 14:00:00,418.21,418.21,418.21,418.21
2012-08-06 09:00:00,419.29,422.58,419.29,420.75
2012-08-06 10:00:00,420.8,423.59,420.24,423.2
2012-08-06 11:00:00,423.59,423.77,422.75,423.08
2012-08-06 13:00:00,423.58,423.77,422.75,423.15
2012-08-06 14:00:00,423.16,423.16,423.16,423.16
2012-08-07 09:00:00,423.72,425.46,422.74,422.74
2012-08-07 10:00:00,422.44,424.43,422.44,424.43
2012-08-07 11:00:00,424.42,424.88,423.77,424.35
2012-08-07 13:00:00,424.55,424.59,422.47,423.48
2012-08-07 14:00:00,422.5,422.5,422.5,422.5
2012-08-08 09:00:00,422.74,424.52,422.43,423.18
2012-08-08 10:00:00,423.16,423.31,421.31,421.65
2012-08-08 11:00:00,421.62,422.68,421.56,422.62
2012-08-08 13:00:00,422.56,423.21,422.19,422.81
2012-08-08 14:00:00,423.57,423.57,423.57,423.57
2012-08-09 09:00:00,424.43,428.17,424.43,426.29
2012-08-09 10:00:00,426.01,428.21,425.79,427.38
2012-08-09 11:00:00,427.37,427.53,426.6,426.72
2012-08-09 13:00:00,426.8,427.02,426.44,427.02
2012-08-09 14:00:00,426.98,426.98,426.98,426.98
2012-08-10 09:00:00,427.49,427.93,425.85,426.59
2012-08-10 10:00:00,426.58,427.31,425.98,426.6
2012-08-10 11:00:00,426.8,427.32,426.2,426.2
2012-08-10 13:00:00,426.18,426.34,425.06,425.82
2012-08-10 14:00:00,425.56,425.56,425.56,425.56
2012-08-13 09:00:00,423.79,424.93,423.44,424.81
2012-08-13 10:00:00,424.84,426.38,424.29,424.3
2012-08-13 11:00:00,424.25,424.56,423.64,424.0
2012-08-13 13:00:00,423.64,425.7,423.64,425.7
2012-08-13 14:00:00,426.17,426.17,426.17,426.17
2012-08-14 09:00:00,425.79,428.51,425.79,427.21
2012-08-14 10:00:00,427.05,430.07,426.11,430.07
2012-08-14 11:00:00,430.13,430.89,429.77,429.81
2012-08-14 13:00:00,429.01,430.15,429.01,429.3
2012-08-14 14:00:00,429.47,429.47,429.47,429.47
2012-08-15 09:00:00,429.96,432.44,429.96,431.13
2012-08-15 10:00:00,431.21,431.95,430.12,430.12
2012-08-15 11:00:00,430.44,430.94,430.0,430.0
2012-08-15 13:00:00,430.1,431.81,430.04,431.28
2012-08-15 14:00:00,430.77,430.77,430.77,430.77
2012-08-16 09:00:00,430.77,433.63,430.77,433.21
2012-08-16 10:00:00,433.24,433.3,429.72,430.32
2012-08-16 11:00:00,430.31,430.72,429.43,429.82
2012-08-16 13:00:00,429.8,431.02,429.56,430.9
2012-08-16 14:00:00,430.83,430.83,430.83,430.83
2012-08-17 09:00:00,430.83,434.24,430.83,434.24
2012-08-17 10:00:00,433.77,434.5,432.93,433.22
2012-08-17 11:00:00,433.29,434.31,433.26,433.98
2012-08-17 13:00:00,434.04,434.72,433.74,434.17
2012-08-17 14:00:00,433.45,434.72,433.45,433.45
2012-08-20 09:00:00,435.33,437.44,434.92,437.44
2012-08-20 10:00:00,437.4,437.61,435.75,435.84
2012-08-20 11:00:00,435.71,436.17,435.64,435.77
2012-08-20 13:00:00,435.72,437.29,435.45,437.11
2012-08-20 14:00:00,437.28,437.28,437.28,437.28
2012-08-21 09:00:00,430.79,430.79,419.44,421.74
2012-08-21 10:00:00,421.31,421.63,417.35,417.49
2012-08-21 11:00:00,417.25,417.49,416.3,416.56
2012-08-21 13:00:00,416.5,416.71,416.23,416.55
2012-08-21 14:00:00,416.84,416.84,416.84,416.84
2012-08-22 09:00:00,404.22,412.47,404.17,408.02
2012-08-22 10:00:00,407.95,412.58,406.99,412.58
2012-08-22 11:00:00,412.52,413.42,410.81,410.89
2012-08-22 13:00:00,411.33,411.44,408.55,408.71
2012-08-22 14:00:00,410.23,410.23,410.23,410.23
2012-08-23 09:00:00,400.03,400.07,392.16,392.79
2012-08-23 10:00:00,392.1,393.95,391.72,393.95
2012-08-23 11:00:00,393.99,394.0,392.15,393.57
2012-08-23 13:00:00,392.54,393.0,391.54,391.71
2012-08-23 14:00:00,392.82,392.82,392.82,392.82
2012-08-24 09:00:00,379.45,387.99,378.17,387.99
2012-08-24 10:00:00,388.38,390.82,385.46,390.41
2012-08-24 11:00:00,390.53,401.2,390.53,400.55
2012-08-24 13:00:00,400.67,402.22,399.56,399.56
2012-08-24 14:00:00,399.72,399.72,399.72,399.72
2012-08-27 09:00:00,395.37,395.61,386.9,390.38
2012-08-27 10:00:00,390.44,390.57,387.15,387.34
2012-08-27 11:00:00,387.4,387.48,386.94,387.32
2012-08-27 13:00:00,387.14,387.14,385.05,386.04
2012-08-27 14:00:00,386.19,386.19,386.19,386.19
2012-08-28 09:00:00,381.06,386.05,380.25,381.41
2012-08-28 10:00:00,381.98,383.07,380.15,380.15
2012-08-28 11:00:00,380.12,381.18,379.61,380.49
2012-08-28 13:00:00,380.39,384.94,380.37,383.69
2012-08-28 14:00:00,385.78,385.78,385.78,385.78
2012-08-29 09:00:00,389.85,394.04,389.85,391.15
2012-08-29 10:00:00,391.03,393.23,391.03,392.43
2012-08-29 11:00:00,392.57,393.12,392.02,392.99
2012-08-29 13:00:00,393.19,393.84,391.82,392.38
2012-08-29 14:00:00,393.06,393.06,393.06,393.06
2012-08-30 09:00:00,394.9,396.95,393.37,395.28
2012-08-30 10:00:00,395.37,396.88,394.46,396.83
2012-08-30 11:00:00,396.98,398.87,396.98,398.87
2012-08-30 13:00:00,398.35,399.44,397.44,397.44
2012-08-30 14:00:00,397.25,397.25,397.25,397.25
2012-08-31 09:00:00,396.88,397.14,394.94,395.03
2012-08-31 10:00:00,395.01,398.19,395.01,397.27
2012-08-31 11:00:00,397.21,397.21,395.65,396.35
2012-08-31 13:00:00,396.46,396.46,394.29,394.35
2012-08-31 14:00:00,396.02,396.02,396.02,396.02
2012-09-04 09:00:00,397.37,400.9,397.37,399.78
2012-09-04 10:00:00,399.76,403.25,399.05,403.01
2012-09-04 11:00:00,403.09,403.12,402.59,402.59
2012-09-04 13:00:00,402.66,403.17,402.41,402.63
2012-09-04 14:00:00,402.08,402.08,402.08,402.08
2012-09-05 09:00:00,402.56,404.87,396.31,397.94
2012-09-05 10:00:00,397.96,399.58,397.66,398.78
2012-09-05 11:00:00,398.83,401.12,397.98,401.12
2012-09-05 13:00:00,401.41,402.07,397.96,398.13
2012-09-05 14:00:00,398.92,398.92,398.92,398.92
2012-09-06 09:00:00,396.41,397.76,394.63,397.76
2012-09-06 10:00:00,397.77,398.77,396.55,396.57
2012-09-06 11:00:00,396.7,396.82,395.89,396.28
2012-09-06 13:00:00,395.91,396.32,394.33,394.33
2012-09-06 14:00:00,393.41,393.41,393.41,393.41
2012-09-07 09:00:00,395.25,396.4,392.62,393.29
2012-09-07 10:00:00,393.27,394.47,392.67,392.67
2012-09-07 11:00:00,392.66,394.38,392.56,394.33
2012-09-07 13:00:00,394.93,395.72,394.66,395.66
2012-09-07 14:00:00,397.51,397.51,397.51,397.51
2012-09-10 09:00:00,397.51,397.51,388.75,390.37
2012-09-10 10:00:00,390.27,391.35,388.46,388.46
2012-09-10 11:00:00,388.3,388.66,387.79,388.55
2012-09-10 13:00:00,388.74,388.74,386.19,387.43
2012-09-10 14:00:00,388.88,388.88,388.88,388.88
2012-09-11 09:00:00,383.87,387.1,383.87,386.28
2012-09-11 10:00:00,386.2,386.94,385.03,386.94
2012-09-11 11:00:00,387.08,388.02,387.08,387.68
2012-09-11 13:00:00,387.48,387.86,385.98,386.21
2012-09-11 14:00:00,386.62,386.62,386.62,386.62
2012-09-12 09:00:00,387.03,390.3,387.03,389.24
2012-09-12 10:00:00,389.2,389.39,388.76,389.39
2012-09-12 11:00:00,389.33,389.67,389.26,389.62
2012-09-12 13:00:00,389.27,389.35,387.47,388.08
2012-09-12 14:00:00,388.35,388.35,388.35,388.35
2012-09-13 09:00:00,388.55,390.67,388.55,390.06
2012-09-13 10:00:00,389.67,390.02,387.93,387.93
2012-09-13 11:00:00,388.0,388.31,387.68,388.27
2012-09-13 13:00:00,388.08,390.44,387.85,390.41
2012-09-13 14:00:00,391.36,391.36,391.36,391.36
2012-09-14 09:00:00,398.13,398.19,396.47,397.08
2012-09-14 10:00:00,397.06,397.06,395.14,395.97
2012-09-14 11:00:00,395.95,398.68,395.95,398.63
2012-09-14 13:00:00,399.21,400.09,397.82,397.94
2012-09-14 14:00:00,398.87,398.87,398.87,398.87
2012-09-17 09:00:00,400.55,404.15,400.07,402.04
2012-09-17 10:00:00,401.86,405.27,401.69,404.54
2012-09-17 11:00:00,404.45,404.45,403.13,403.3
2012-09-17 13:00:00,403.34,404.1,402.68,402.89
2012-09-17 14:00:00,401.75,401.75,401.75,401.75
2012-09-18 09:00:00,403.48,405.05,401.39,401.39
2012-09-18 10:00:00,401.29,402.26,400.95,401.16
2012-09-18 11:00:00,401.58,402.02,401.33,401.9
2012-09-18 13:00:00,401.22,401.22,392.98,395.33
2012-09-18 14:00:00,394.51,394.51,394.51,394.51
2012-09-19 09:00:00,391.05,396.17,390.89,391.35
2012-09-19 10:00:00,391.59,395.42,391.56,395.42
2012-09-19 11:00:00,395.5,396.14,392.97,393.05
2012-09-19 13:00:00,393.68,393.89,391.59,393.83
2012-09-19 14:00:00,394.55,394.55,394.55,394.55
2012-09-20 09:00:00,393.05,393.42,389.44,389.67
2012-09-20 10:00:00,389.72,390.13,386.21,386.21
2012-09-20 11:00:00,386.1,387.39,385.9,387.28
2012-09-20 13:00:00,387.2,387.77,386.24,387.77
2012-09-20 14:00:00,389.28,389.28,389.28,389.28
2012-09-21 09:00:00,391.0,395.55,391.0,392.78
2012-09-21 10:00:00,393.11,393.3,391.54,391.91
2012-09-21 11:00:00,391.85,394.37,391.85,394.28
2012-09-21 13:00:00,394.44,395.02,393.24,393.96
2012-09-21 14:00:00,395.48,395.48,395.48,395.48
2012-09-24 09:00:00,392.16,394.54,391.33,392.21
2012-09-24 10:00:00,392.1,392.13,390.81,391.49
2012-09-24 11:00:00,391.59,391.9,391.16,391.9
2012-09-24 13:00:00,391.99,392.63,390.08,390.71
2012-09-24 14:00:00,390.37,390.37,390.37,390.37
2012-09-25 09:00:00,391.17,394.06,391.09,393.91
2012-09-25 10:00:00,393.9,393.9,390.35,390.58
2012-09-25 11:00:00,390.72,391.76,390.14,391.47
2012-09-25 13:00:00,391.66,391.74,390.82,391.51
2012-09-25 14:00:00,391.77,391.77,391.77,391.77
2012-09-26 09:00:00,392.51,397.86,392.51,395.66
2012-09-26 10:00:00,395.63,395.89,393.54,395.15
2012-09-26 11:00:00,395.16,395.18,393.74,394.05
2012-09-26 13:00:00,394.23,395.22,394.06,394.53
2012-09-26 14:00:00,395.12,395.12,395.12,395.12
2012-09-27 09:00:00,395.66,396.67,395.17,395.63
2012-09-27 10:00:00,395.65,395.65,394.19,394.69
2012-09-27 11:00:00,394.7,395.37,394.5,394.5
2012-09-27 13:00:00,394.43,394.43,391.34,393.18
2012-09-27 14:00:00,393.34,393.34,393.34,393.34
2012-09-28 09:00:00,392.11,393.91,391.66,391.86
2012-09-28 10:00:00,391.98,393.34,391.1,392.89
2012-09-28 11:00:00,392.86,392.86,391.54,391.62
2012-09-28 13:00:00,391.65,392.05,390.99,392.05
2012-09-28 14:00:00,392.57,392.57,392.57,392.57
2012-10-01 09:00:00,391.74,391.86,389.26,389.26
2012-10-01 10:00:00,388.85,389.14,387.48,388.06
2012-10-01 11:00:00,388.62,388.71,388.19,388.35
2012-10-01 13:00:00,386.97,387.39,386.42,386.49
2012-10-01 14:00:00,386.55,386.55,386.55,386.55
2012-10-02 09:00:00,386.78,387.62,385.08,385.47
2012-10-02 10:00:00,385.44,386.3,384.88,385.04
2012-10-02 11:00:00,385.15,385.18,384.52,384.52
2012-10-02 13:00:00,384.7,385.2,384.2,384.44
2012-10-02 14:00:00,384.32,384.32,384.32,384.32
2012-10-03 09:00:00,385.61,386.77,384.58,385.25
2012-10-03 10:00:00,385.28,385.46,383.07,385.46
2012-10-03 11:00:00,385.83,387.04,385.67,387.04
2012-10-03 13:00:00,387.11,387.6,385.48,386.06
2012-10-03 14:00:00,385.37,385.37,385.37,385.37
2012-10-04 09:00:00,385.68,386.66,384.5,384.5
2012-10-04 10:00:00,384.84,385.4,384.48,384.73
2012-10-04 11:00:00,384.82,386.46,384.82,386.46
2012-10-04 13:00:00,385.98,385.99,383.62,383.96
2012-10-04 14:00:00,384.51,384.51,384.51,384.51
2012-10-05 09:00:00,384.78,387.22,384.65,386.16
2012-10-05 10:00:00,386.03,386.22,384.78,385.6
2012-10-05 11:00:00,385.66,386.36,385.66,386.3
2012-10-05 13:00:00,386.29,388.09,385.9,387.78
2012-10-05 14:00:00,388.16,388.16,388.16,388.16
2012-10-08 09:00:00,387.83,392.9,387.83,392.89
2012-10-08 10:00:00,392.71,393.34,391.32,391.38
2012-10-08 11:00:00,391.39,391.57,391.17,391.48
2012-10-08 13:00:00,391.28,392.4,391.09,392.24
2012-10-08 14:00:00,393.45,393.45,393.45,393.45
2012-10-09 09:00:00,394.36,394.37,392.3,393.65
2012-10-09 10:00:00,393.54,394.5,393.54,394.29
2012-10-09 11:00:00,394.3,394.7,394.01,394.48
2012-10-09 13:00:00,394.49,394.87,393.34,393.7
2012-10-09 14:00:00,393.67,393.67,393.67,393.67
2012-10-10 09:00:00,393.67,394.24,391.75,392.98
2012-10-10 10:00:00,392.97,393.91,392.63,393.17
2012-10-10 11:00:00,392.78,394.4,392.78,394.24
2012-10-10 13:00:00,394.22,394.36,393.11,394.26
2012-10-10 14:00:00,394.66,394.66,394.66,394.66
2012-10-11 09:00:00,395.32,397.55,394.83,397.29
2012-10-11 10:00:00,397.32,397.47,395.97,396.06
2012-10-11 11:00:00,396.41,396.86,395.93,396.45
2012-10-11 13:00:00,396.31,396.4,393.87,393.87
2012-10-11 14:00:00,394.19,394.19,394.19,394.19
2012-10-12 09:00:00,394.17,395.01,393.17,394.35
2012-10-12 10:00:00,394.37,394.71,392.51,393.25
2012-10-12 11:00:00,393.44,394.36,393.44,394.2
2012-10-12 13:00:00,393.82,394.38,392.26,392.84
2012-10-12 14:00:00,392.54,392.54,392.54,392.54
2012-10-15 09:00:00,392.88,394.19,392.49,393.44
2012-10-15 10:00:00,393.53,394.12,392.86,393.34
2012-10-15 11:00:00,392.96,393.6,391.83,392.37
2012-10-15 13:00:00,392.41,392.68,390.72,391.69
2012-10-15 14:00:00,391.56,391.56,391.56,391.56
2012-10-16 09:00:00,391.56,394.75,391.56,393.15
2012-10-16 10:00:00,393.32,397.65,393.11,397.65
2012-10-16 11:00:00,397.74,398.33,397.31,397.92
2012-10-16 13:00:00,397.93,398.56,397.48,397.67
2012-10-16 14:00:00,399.22,399.22,399.22,399.22
2012-10-17 09:00:00,399.22,400.97,397.61,397.71
2012-10-17 10:00:00,397.45,398.63,397.18,398.2
2012-10-17 11:00:00,398.18,398.42,397.52,397.52
2012-10-17 13:00:00,397.44,397.95,395.91,397.24
2012-10-17 14:00:00,397.02,397.02,397.02,397.02
2012-10-18 09:00:00,395.94,399.55,395.94,398.5
2012-10-18 10:00:00,398.49,398.49,396.91,398.18
2012-10-18 11:00:00,398.14,398.98,397.62,398.98
2012-10-18 13:00:00,398.31,398.79,397.79,398.55
2012-10-18 14:00:00,398.51,398.51,398.51,398.51
2012-10-19 09:00:00,399.52,400.31,398.7,400.05
2012-10-19 10:00:00,400.02,400.46,399.0,400.06
2012-10-19 11:00:00,399.94,399.98,398.49,398.64
2012-10-19 13:00:00,398.59,398.59,394.98,398.26
2012-10-19 14:00:00,398.23,398.23,398.23,398.23
2012-10-22 09:00:00,397.77,398.34,395.37,395.66
2012-10-22 10:00:00,395.65,397.38,394.69,397.12
2012-10-22 11:00:00,397.11,397.32,396.32,396.65
2012-10-22 13:00:00,396.55,397.03,395.32,397.03
2012-10-22 14:00:00,397.0,397.0,397.0,397.0
2012-10-23 09:00:00,397.27,399.22,396.52,396.52
2012-10-23 10:00:00,396.87,398.91,396.85,398.82
2012-10-23 11:00:00,398.77,398.87,397.76,397.87
2012-10-23 13:00:00,397.33,397.87,395.89,397.64
2012-10-23 14:00:00,397.71,397.71,397.71,397.71
2012-10-24 09:00:00,397.69,398.43,397.32,397.73
2012-10-24 10:00:00,397.78,397.8,396.55,397.25
2012-10-24 11:00:00,397.29,397.29,395.24,396.22
2012-10-24 13:00:00,396.21,396.94,395.28,396.94
2012-10-24 14:00:00,395.45,395.45,395.45,395.45
2012-10-25 09:00:00,393.79,394.54,391.66,393.11
2012-10-25 10:00:00,393.04,393.04,390.31,390.67
2012-10-25 11:00:00,390.35,391.48,390.28,391.03
2012-10-25 13:00:00,390.97,391.26,390.25,390.95
2012-10-25 14:00:00,389.92,389.92,389.92,389.92
2012-10-26 09:00:00,390.05,391.49,389.58,389.58
2012-10-26 10:00:00,389.6,392.53,389.5,392.26
2012-10-26 11:00:00,392.24,393.13,392.24,393.13
2012-10-26 13:00:00,393.08,393.08,392.13,392.47
2012-10-26 14:00:00,391.7,391.7,391.7,391.7
2012-10-29 09:00:00,390.96,392.04,390.72,391.94
2012-10-29 10:00:00,391.92,392.26,390.66,392.26
2012-10-29 11:00:00,392.29,392.48,391.93,392.48
2012-10-29 13:00:00,390.89,392.6,390.89,392.37
2012-10-29 14:00:00,391.36,391.36,391.36,391.36
2012-10-30 09:00:00,391.13,392.17,390.0,391.65
2012-10-30 10:00:00,391.62,391.73,389.64,391.64
2012-10-30 11:00:00,391.27,391.57,390.95,391.48
2012-10-30 13:00:00,390.47,391.48,390.09,390.11
2012-10-30 14:00:00,389.86,389.86,389.86,389.86
2012-10-31 09:00:00,388.5,389.64,387.98,388.02
2012-10-31 10:00:00,387.98,388.78,387.39,388.78
2012-10-31 11:00:00,388.79,389.84,388.14,389.84
2012-10-31 13:00:00,389.99,390.05,388.87,389.55
2012-10-31 14:00:00,388.42,388.42,388.42,388.42
2012-11-01 09:00:00,388.1,389.74,388.04,389.36
2012-11-01 10:00:00,389.12,389.64,388.76,389.12
2012-11-01 11:00:00,388.67,389.68,388.67,389.32
2012-11-01 13:00:00,389.23,389.51,388.34,388.58
2012-11-01 14:00:00,387.95,387.95,387.95,387.95
2012-11-02 09:00:00,378.74,379.09,376.69,377.8
2012-11-02 10:00:00,378.21,380.33,376.42,376.75
2012-11-02 11:00:00,377.47,378.79,377.47,377.77
2012-11-02 13:00:00,379.6,379.6,374.98,375.2
2012-11-02 14:00:00,375.26,375.26,375.26,375.26
2012-11-05 09:00:00,372.39,378.45,372.39,376.26
2012-11-05 10:00:00,376.41,377.76,376.41,377.46
2012-11-05 11:00:00,377.48,377.8,377.0,377.0
2012-11-05 13:00:00,377.98,378.04,375.72,375.99
2012-11-05 14:00:00,377.27,377.27,377.27,377.27
2012-11-06 09:00:00,377.27,379.05,376.84,378.16
2012-11-06 10:00:00,378.14,378.27,375.12,375.59
2012-11-06 11:00:00,375.26,375.65,375.16,375.65
2012-11-06 13:00:00,375.43,375.92,375.13,375.92
2012-11-06 14:00:00,376.95,376.95,376.95,376.95
2012-11-07 09:00:00,377.83,378.12,375.75,377.21
2012-11-07 10:00:00,378.08,381.12,377.55,379.58
2012-11-07 11:00:00,379.8,380.38,379.56,379.56
2012-11-07 13:00:00,379.6,381.22,379.56,379.72
2012-11-07 14:00:00,380.9,380.9,380.9,380.9
2012-11-08 09:00:00,380.32,382.45,380.13,382.45
2012-11-08 10:00:00,382.55,383.2,381.04,382.68
2012-11-08 11:00:00,382.8,383.44,382.28,383.44
2012-11-08 13:00:00,382.58,382.69,381.62,382.34
2012-11-08 14:00:00,382.58,382.69,381.62,382.34
2012-11-09 09:00:00,385.61,386.23,384.39,385.04
2012-11-09 10:00:00,384.67,386.21,383.72,384.71
2012-11-09 11:00:00,384.72,385.4,383.98,385.36
2012-11-09 13:00:00,385.8,386.79,384.86,386.66
2012-11-09 14:00:00,386.71,386.71,386.71,386.71
2012-11-12 09:00:00,386.71,388.06,385.66,387.09
2012-11-12 10:00:00,387.17,387.55,385.72,386.0
2012-11-12 11:00:00,385.99,387.43,385.99,387.32
2012-11-12 13:00:00,386.9,388.94,386.65,388.5
2012-11-12 14:00:00,388.62,388.62,388.62,388.62
2012-11-13 09:00:00,387.52,388.29,386.27,387.81
2012-11-13 10:00:00,387.75,388.43,386.34,387.79
2012-11-13 11:00:00,387.81,388.23,387.62,387.88
2012-11-13 13:00:00,387.03,387.72,385.15,385.54
2012-11-13 14:00:00,385.22,385.22,385.22,385.22
2012-11-14 09:00:00,384.74,388.63,384.61,388.49
2012-11-14 10:00:00,388.52,389.4,387.84,388.4
2012-11-14 11:00:00,388.39,389.09,388.08,388.81
2012-11-14 13:00:00,388.86,388.98,387.45,388.6
2012-11-14 14:00:00,387.71,387.71,387.71,387.71
2012-11-15 09:00:00,389.84,390.65,386.74,386.74
2012-11-15 10:00:00,386.65,388.46,386.6,387.98
2012-11-15 11:00:00,388.07,388.14,387.66,387.73
2012-11-15 13:00:00,387.71,387.71,386.62,387.01
2012-11-15 14:00:00,386.91,386.91,386.91,386.91
2012-11-16 09:00:00,385.83,386.25,384.04,384.28
2012-11-16 10:00:00,384.33,384.72,383.16,383.89
2012-11-16 11:00:00,383.87,385.38,383.87,385.38
2012-11-16 13:00:00,385.09,385.95,385.0,385.9
2012-11-16 14:00:00,385.71,385.71,385.71,385.71
2012-11-19 09:00:00,385.71,386.22,384.56,385.19
2012-11-19 10:00:00,385.17,385.63,383.87,383.87
2012-11-19 11:00:00,383.31,383.71,382.42,383.48
2012-11-19 13:00:00,383.53,384.16,382.65,384.16
2012-11-19 14:00:00,383.32,383.32,383.32,383.32
2012-11-20 09:00:00,383.23,384.77,382.57,382.57
2012-11-20 10:00:00,383.06,384.18,381.84,383.96
2012-11-20 11:00:00,384.0,384.4,383.43,384.38
2012-11-20 13:00:00,384.24,385.37,383.97,384.64
2012-11-20 14:00:00,385.1,385.1,385.1,385.1
2012-11-21 09:00:00,385.18,385.8,384.33,385.2
2012-11-21 10:00:00,384.88,385.74,384.05,384.75
2012-11-21 11:00:00,384.72,384.75,382.87,383.1
2012-11-21 13:00:00,383.25,385.06,382.72,385.06
2012-11-21 14:00:00,383.87,383.87,383.87,383.87
2012-11-22 09:00:00,383.44,383.67,382.92,383.41
2012-11-22 10:00:00,383.39,384.05,382.69,383.72
2012-11-22 11:00:00,383.75,383.9,383.2,383.57
2012-11-22 13:00:00,383.38,384.1,382.57,384.09
2012-11-22 14:00:00,383.22,383.22,383.22,383.22
2012-11-23 09:00:00,383.22,384.25,382.87,383.02
2012-11-23 10:00:00,383.39,383.39,381.73,381.93
2012-11-23 11:00:00,381.67,382.43,381.67,381.97
2012-11-23 13:00:00,382.07,382.32,381.14,381.57
2012-11-23 14:00:00,381.71,381.71,381.71,381.71
2012-11-26 09:00:00,381.71,382.62,379.74,380.11
2012-11-26 10:00:00,379.81,380.22,378.24,378.24
2012-11-26 11:00:00,378.2,378.92,378.2,378.49
2012-11-26 13:00:00,378.6,378.6,377.82,378.58
2012-11-26 14:00:00,377.9,377.9,377.9,377.9
2012-11-27 09:00:00,377.77,378.26,377.23,378.0
2012-11-27 10:00:00,378.08,378.62,377.5,377.62
2012-11-27 11:00:00,377.61,377.61,377.05,377.08
2012-11-27 13:00:00,376.82,377.12,376.08,376.81
2012-11-27 14:00:00,376.89,376.89,376.89,376.89
2012-11-28 09:00:00,376.13,377.32,375.28,376.72
2012-11-28 10:00:00,376.04,376.41,374.9,375.89
2012-11-28 11:00:00,375.86,375.89,374.42,374.66
2012-11-28 13:00:00,374.72,375.57,374.15,375.07
2012-11-28 14:00:00,375.79,375.79,375.79,375.79
2012-11-29 09:00:00,377.45,378.62,376.93,377.71
2012-11-29 10:00:00,377.79,378.15,377.01,377.82
2012-11-29 11:00:00,377.8,378.33,377.12,377.9
2012-11-29 13:00:00,377.76,378.55,377.17,378.19
2012-11-29 14:00:00,378.2,378.2,378.2,378.2
2012-11-30 09:00:00,380.01,380.18,378.04,378.61
2012-11-30 10:00:00,378.6,379.2,378.32,378.32
2012-11-30 11:00:00,378.28,378.52,378.15,378.52
2012-11-30 13:00:00,378.43,378.43,377.52,377.55
2012-11-30 14:00:00,377.82,377.82,377.82,377.82
2012-12-03 09:00:00,377.94,379.16,377.17,377.33
2012-12-03 10:00:00,377.36,377.39,375.78,377.14
2012-12-03 11:00:00,377.08,377.25,376.8,377.21
2012-12-03 13:00:00,376.85,377.2,376.29,376.91
2012-12-03 14:00:00,379.27,379.27,379.27,379.27
2012-12-04 09:00:00,379.02,380.61,377.89,380.38
2012-12-04 10:00:00,380.44,380.77,379.58,379.95
2012-12-04 11:00:00,379.93,380.05,379.08,379.51
2012-12-04 13:00:00,379.49,380.75,378.76,380.48
2012-12-04 14:00:00,382.1,382.1,382.1,382.1
2012-12-05 09:00:00,382.1,384.09,382.1,383.62
2012-12-05 10:00:00,383.6,387.05,383.58,386.87
2012-12-05 11:00:00,386.82,386.92,386.34,386.89
2012-12-05 13:00:00,386.91,386.91,385.55,385.87
2012-12-05 14:00:00,385.69,385.69,385.69,385.69
2012-12-06 09:00:00,385.59,385.99,384.86,385.16
2012-12-06 10:00:00,384.98,386.04,384.98,385.66
2012-12-06 11:00:00,386.04,386.62,385.66,386.41
2012-12-06 13:00:00,385.95,385.95,384.53,384.64
2012-12-06 14:00:00,385.69,385.69,385.69,385.69
2012-12-07 09:00:00,386.44,386.44,385.39,385.91
2012-12-07 10:00:00,386.16,386.6,385.07,385.07
2012-12-07 11:00:00,385.29,385.5,384.36,385.5
2012-12-07 13:00:00,385.03,385.75,384.69,384.86
2012-12-07 14:00:00,383.8,383.8,383.8,383.8
2012-12-10 09:00:00,383.8,386.35,383.8,385.84
2012-12-10 10:00:00,385.83,385.85,383.53,385.08
2012-12-10 11:00:00,385.14,386.37,384.84,386.37
2012-12-10 13:00:00,386.15,387.67,386.1,387.34
2012-12-10 14:00:00,386.69,386.69,386.69,386.69
2012-12-11 09:00:00,386.25,387.95,385.81,387.65
2012-12-11 10:00:00,388.05,388.52,387.13,388.52
2012-12-11 11:00:00,388.5,388.5,387.75,388.41
2012-12-11 13:00:00,388.02,388.85,387.59,388.02
2012-12-11 14:00:00,389.37,389.37,389.37,389.37
2012-12-12 09:00:00,388.41,388.76,386.46,387.53
2012-12-12 10:00:00,387.15,390.19,386.69,389.61
2012-12-12 11:00:00,389.56,391.18,389.56,391.18
2012-12-12 13:00:00,391.19,393.13,391.19,392.26
2012-12-12 14:00:00,391.08,391.08,391.08,391.08
2012-12-13 09:00:00,393.04,393.36,391.46,391.9
2012-12-13 10:00:00,391.87,393.81,391.87,393.26
2012-12-13 11:00:00,392.93,393.31,391.45,392.07
2012-12-13 13:00:00,391.4,392.0,390.57,391.28
2012-12-13 14:00:00,391.19,391.19,391.19,391.19
2012-12-14 09:00:00,392.23,394.37,392.23,393.95
2012-12-14 10:00:00,394.03,394.61,393.65,393.96
2012-12-14 11:00:00,393.63,393.63,393.0,393.63
2012-12-14 13:00:00,393.6,394.24,392.05,392.05
2012-12-14 14:00:00,392.21,392.21,392.21,392.21
2012-12-17 09:00:00,391.37,395.3,391.31,394.6
2012-12-17 10:00:00,394.58,394.58,392.46,392.72
2012-12-17 11:00:00,393.08,393.93,393.02,393.93
2012-12-17 13:00:00,394.0,394.85,393.36,394.06
2012-12-17 14:00:00,393.63,393.63,393.63,393.63
2012-12-18 09:00:00,396.21,396.45,393.91,393.91
2012-12-18 10:00:00,394.29,395.12,393.48,394.07
2012-12-18 11:00:00,394.01,394.26,393.43,393.43
2012-12-18 13:00:00,393.24,393.45,392.34,392.73
2012-12-18 14:00:00,393.39,393.39,393.39,393.39
2012-12-19 09:00:00,395.84,396.75,395.34,395.44
2012-12-19 10:00:00,395.49,396.47,395.36,395.4
2012-12-19 11:00:00,395.34,396.31,395.34,396.31
2012-12-19 13:00:00,396.36,398.21,396.35,398.07
2012-12-19 14:00:00,398.59,398.59,398.59,398.59
2012-12-20 09:00:00,399.13,399.46,397.86,399.15
2012-12-20 10:00:00,398.83,400.71,398.49,399.53
2012-12-20 11:00:00,399.52,399.54,398.66,399.32
2012-12-20 13:00:00,399.07,400.03,399.02,399.02
2012-12-20 14:00:00,399.68,399.68,399.68,399.68
2012-12-21 09:00:00,397.49,400.27,395.16,395.16
2012-12-21 10:00:00,395.22,396.32,394.58,394.86
2012-12-21 11:00:00,394.93,395.82,394.27,395.38
2012-12-21 13:00:00,396.23,398.15,395.55,398.15
2012-12-21 14:00:00,396.78,396.78,396.78,396.78
2012-12-24 09:00:00,397.25,400.22,396.95,400.16
2012-12-24 10:00:00,400.11,400.16,397.64,398.09
2012-12-24 11:00:00,398.0,398.17,396.57,397.22
2012-12-24 13:00:00,397.69,399.88,397.38,399.88
2012-12-24 14:00:00,399.71,399.71,399.71,399.71
2012-12-25 09:00:00,401.01,401.72,400.59,400.63
2012-12-25 10:00:00,401.08,401.13,399.02,399.72
2012-12-25 11:00:00,399.73,401.07,399.5,401.07
2012-12-25 13:00:00,400.87,401.38,399.65,400.95
2012-12-25 14:00:00,401.34,401.34,401.34,401.34
2012-12-26 09:00:00,399.43,401.94,398.31,400.8
2012-12-26 10:00:00,401.6,401.81,400.69,401.61
2012-12-26 11:00:00,401.68,403.26,401.67,403.18
2012-12-26 13:00:00,403.35,405.12,403.17,405.11
2012-12-26 14:00:00,406.1,406.1,406.1,406.1
2012-12-27 09:00:00,408.32,409.23,407.9,408.06
2012-12-27 10:00:00,408.07,408.66,406.58,407.64
2012-12-27 11:00:00,407.55,409.1,407.55,408.6
2012-12-27 13:00:00,408.59,410.68,408.59,410.21
2012-12-27 14:00:00,410.09,410.09,409.97,409.97
2012-12-28 09:00:00,409.49,411.91,409.4,410.33
2012-12-28 10:00:00,409.9,410.24,408.32,410.21
2012-12-28 11:00:00,410.19,411.09,410.18,411.05
2012-12-28 13:00:00,410.97,412.47,410.52,412.39
2012-12-28 14:00:00,413.73,413.73,413.73,413.73
2013-01-02 09:00:00,415.5,417.29,414.41,415.84
2013-01-02 10:00:00,415.88,419.05,415.88,418.64
2013-01-02 11:00:00,418.63,418.7,417.82,417.88
2013-01-02 13:00:00,417.81,418.89,417.51,418.65
2013-01-02 14:00:00,418.35,418.35,418.35,418.35
2013-01-03 09:00:00,420.68,420.68,417.25,418.52
2013-01-03 10:00:00,417.87,418.93,415.55,416.68
2013-01-03 11:00:00,416.65,417.5,416.34,416.34
2013-01-03 13:00:00,416.68,416.96,413.68,415.0
2013-01-03 14:00:00,419.27,419.27,419.27,419.27
2013-01-04 09:00:00,418.75,421.62,417.5,421.49
2013-01-04 10:00:00,421.56,421.92,419.5,421.92
2013-01-04 11:00:00,421.94,423.44,421.94,422.73
2013-01-04 13:00:00,422.89,426.48,422.88,425.0
2013-01-04 14:00:00,426.06,426.06,426.06,426.06
2013-01-07 09:00:00,428.53,431.03,426.86,430.87
2013-01-07 10:00:00,430.86,432.96,430.68,431.73
2013-01-07 11:00:00,431.72,433.19,431.72,433.19
2013-01-07 13:00:00,433.11,434.64,432.14,433.98
2013-01-07 14:00:00,434.19,434.19,434.19,434.19
2013-01-08 09:00:00,437.25,442.95,437.15,442.83
2013-01-08 10:00:00,443.19,444.41,442.63,443.41
2013-01-08 11:00:00,443.26,443.51,441.83,441.83
2013-01-08 13:00:00,442.37,445.49,442.37,445.34
2013-01-08 14:00:00,447.16,447.16,447.16,447.16
2013-01-09 09:00:00,447.16,454.51,447.16,454.28
2013-01-09 10:00:00,454.82,457.75,454.76,456.77
2013-01-09 11:00:00,456.75,456.8,453.42,453.42
2013-01-09 13:00:00,452.73,452.73,442.26,442.26
2013-01-09 14:00:00,448.77,448.77,448.77,448.77
2013-01-10 09:00:00,447.99,451.48,444.08,447.47
2013-01-10 10:00:00,448.58,448.58,444.92,447.3
2013-01-10 11:00:00,447.84,450.28,447.84,448.24
2013-01-10 13:00:00,447.64,458.25,447.64,458.0
2013-01-10 14:00:00,460.12,460.12,460.12,460.12
2013-01-11 09:00:00,468.39,469.16,461.74,468.65
2013-01-11 10:00:00,468.37,468.49,466.48,467.0
2013-01-11 11:00:00,466.82,466.96,462.29,463.29
2013-01-11 13:00:00,463.19,466.92,462.61,466.27
2013-01-11 14:00:00,462.69,462.69,462.69,462.69
2013-01-14 09:00:00,458.08,462.08,456.0,456.0
2013-01-14 10:00:00,455.85,459.16,455.51,459.16
2013-01-14 11:00:00,458.96,460.25,457.96,458.08
2013-01-14 13:00:00,457.76,459.24,456.82,457.32
2013-01-14 14:00:00,458.97,458.97,458.97,458.97
2013-01-15 09:00:00,459.24,460.97,455.93,458.62
2013-01-15 10:00:00,459.03,459.73,456.82,459.69
2013-01-15 11:00:00,459.23,459.23,458.04,458.24
2013-01-15 13:00:00,456.85,460.45,456.85,458.8
2013-01-15 14:00:00,461.42,461.42,461.42,461.42
2013-01-16 09:00:00,462.17,466.49,462.17,464.48
2013-01-16 10:00:00,464.29,466.02,463.78,465.56
2013-01-16 11:00:00,465.97,467.94,465.19,467.94
2013-01-16 13:00:00,468.01,470.34,467.68,467.68
2013-01-16 14:00:00,465.25,465.25,465.25,465.25
2013-01-17 09:00:00,465.66,465.84,461.61,465.84
2013-01-17 10:00:00,466.3,466.55,463.99,466.01
2013-01-17 11:00:00,465.98,466.26,459.75,462.28
2013-01-17 13:00:00,461.95,462.98,459.86,459.92
2013-01-17 14:00:00,456.76,456.76,456.76,456.76
2013-01-18 09:00:00,458.21,459.82,454.24,456.07
2013-01-18 10:00:00,455.9,455.93,450.28,454.63
2013-01-18 11:00:00,454.22,454.32,452.56,452.71
2013-01-18 13:00:00,453.49,456.96,453.42,454.77
2013-01-18 14:00:00,454.21,454.21,454.16,454.16
2013-01-21 09:00:00,453.91,456.34,451.71,453.13
2013-01-21 10:00:00,453.01,453.17,450.46,450.82
2013-01-21 11:00:00,450.73,450.73,448.22,449.96
2013-01-21 13:00:00,449.4,451.28,449.06,450.88
2013-01-21 14:00:00,448.45,448.45,447.79,447.79
2013-01-22 09:00:00,449.01,450.8,446.21,446.21
2013-01-22 10:00:00,445.85,449.0,445.85,448.05
2013-01-22 11:00:00,448.06,448.06,445.59,446.05
2013-01-22 13:00:00,445.93,446.07,441.24,443.83
2013-01-22 14:00:00,442.87,442.87,442.85,442.85
2013-01-23 09:00:00,443.96,447.79,441.8,444.98
2013-01-23 10:00:00,444.26,444.9,443.85,443.86
2013-01-23 11:00:00,444.26,444.64,442.69,442.93
2013-01-23 13:00:00,443.22,443.22,440.48,443.02
2013-01-23 14:00:00,443.37,443.37,443.37,443.37
2013-01-24 09:00:00,444.34,447.64,444.19,447.5
2013-01-24 10:00:00,447.59,447.67,445.48,446.44
2013-01-24 11:00:00,446.41,450.97,446.07,450.19
2013-01-24 13:00:00,450.02,452.25,450.02,452.14
2013-01-24 14:00:00,452.4,452.4,452.4,452.4
2013-01-25 09:00:00,455.28,459.63,455.25,456.83
2013-01-25 10:00:00,457.03,457.95,456.42,457.95
2013-01-25 11:00:00,457.91,460.74,457.91,460.74
2013-01-25 13:00:00,460.79,466.56,460.79,465.74
2013-01-25 14:00:00,468.09,468.09,468.09,468.09
2013-01-28 09:00:00,474.27,481.87,474.27,478.63
2013-01-28 10:00:00,479.25,481.6,478.27,480.82
2013-01-28 11:00:00,481.37,482.19,480.05,482.16
2013-01-28 13:00:00,482.31,485.67,479.46,479.46
2013-01-28 14:00:00,479.6,479.6,479.6,479.6
2013-01-29 09:00:00,478.02,483.64,476.33,481.31
2013-01-29 10:00:00,480.81,482.27,478.18,479.14
2013-01-29 11:00:00,479.32,481.28,479.32,481.26
2013-01-29 13:00:00,481.35,484.34,479.05,480.15
2013-01-29 14:00:00,484.01,484.01,484.01,484.01
2013-01-30 09:00:00,486.67,486.67,482.76,483.93
2013-01-30 10:00:00,483.9,489.86,483.57,489.86
2013-01-30 11:00:00,489.91,490.89,487.97,488.27
2013-01-30 13:00:00,488.28,489.62,487.92,488.69
2013-01-30 14:00:00,487.6,487.6,487.6,487.6
2013-01-31 09:00:00,484.04,484.55,480.06,482.16
2013-01-31 10:00:00,481.57,484.35,480.36,483.9
2013-01-31 11:00:00,484.38,485.19,482.63,483.27
2013-01-31 13:00:00,482.29,483.4,480.23,482.05
2013-01-31 14:00:00,479.79,479.79,479.79,479.79
2013-02-01 09:00:00,477.11,478.05,473.39,475.01
2013-02-01 10:00:00,477.11,478.05,473.39,475.01
2013-02-01 11:00:00,477.11,478.05,473.39,475.01
2013-02-01 13:00:00,475.29,480.54,473.23,479.79
2013-02-01 14:00:00,483.42,483.42,483.42,483.42
2013-02-04 09:00:00,487.06,488.96,484.48,485.31
2013-02-04 10:00:00,484.85,486.78,482.82,486.78
2013-02-04 11:00:00,486.49,487.64,485.99,487.64
2013-02-04 13:00:00,487.78,487.99,483.94,484.75
2013-02-04 14:00:00,482.38,482.38,482.38,482.38
2013-02-05 09:00:00,481.82,482.2,479.09,480.53
2013-02-05 10:00:00,480.46,480.99,477.96,477.96
2013-02-05 11:00:00,477.94,480.93,477.93,480.93
2013-02-05 13:00:00,480.72,482.56,478.79,480.35
2013-02-05 14:00:00,479.26,479.26,477.36,477.36
2013-02-06 09:00:00,479.62,484.41,479.62,484.28
2013-02-06 10:00:00,484.5,488.62,484.11,487.7
2013-02-06 11:00:00,486.37,486.38,484.93,485.83
2013-02-06 13:00:00,485.97,488.01,485.79,486.68
2013-02-06 14:00:00,488.36,488.36,488.36,488.36
2013-02-07 09:00:00,490.88,493.72,488.03,490.67
2013-02-07 10:00:00,491.41,492.69,489.4,489.5
2013-02-07 11:00:00,489.52,489.97,488.93,489.97
2013-02-07 13:00:00,490.09,491.59,489.41,491.59
2013-02-07 14:00:00,490.62,490.62,490.62,490.62
2013-02-08 09:00:00,491.85,492.57,489.64,492.13
2013-02-08 10:00:00,492.66,493.21,491.02,493.21
2013-02-08 11:00:00,493.27,494.21,492.57,494.21
2013-02-08 13:00:00,494.94,495.72,494.07,495.03
2013-02-08 14:00:00,494.03,494.03,494.03,494.03
2013-02-18 09:00:00,497.87,497.87,494.33,494.71
2013-02-18 10:00:00,494.8,495.26,494.04,494.25
2013-02-18 11:00:00,494.56,496.82,494.54,496.7
2013-02-18 13:00:00,496.22,496.87,494.49,494.49
2013-02-18 14:00:00,493.95,493.95,493.95,493.95
2013-02-19 09:00:00,493.4,494.52,490.92,492.4
2013-02-19 10:00:00,492.56,495.39,492.19,492.59
2013-02-19 11:00:00,492.88,494.87,492.61,494.87
2013-02-19 13:00:00,493.3,494.56,490.33,490.33
2013-02-19 14:00:00,490.78,490.78,490.78,490.78
2013-02-20 09:00:00,487.99,491.79,487.68,490.22
2013-02-20 10:00:00,489.97,491.56,488.68,490.97
2013-02-20 11:00:00,490.65,493.93,490.45,493.92
2013-02-20 13:00:00,494.72,495.82,493.09,493.09
2013-02-20 14:00:00,494.83,494.83,494.83,494.83
2013-02-21 09:00:00,494.83,496.53,492.77,495.13
2013-02-21 10:00:00,495.53,496.97,494.39,496.8
2013-02-21 11:00:00,496.41,497.7,494.79,494.79
2013-02-21 13:00:00,493.14,493.14,484.22,484.22
2013-02-21 14:00:00,476.73,476.73,476.73,476.73
2013-02-22 09:00:00,482.03,487.11,477.07,481.98
2013-02-22 10:00:00,482.0,482.42,470.23,472.16
2013-02-22 11:00:00,472.04,476.3,472.04,474.66
2013-02-22 13:00:00,474.93,481.37,474.85,477.74
2013-02-22 14:00:00,477.69,477.69,477.69,477.69
2013-02-25 09:00:00,481.67,482.1,478.3,481.35
2013-02-25 10:00:00,481.36,483.97,481.31,482.28
2013-02-25 11:00:00,482.15,482.56,480.49,481.97
2013-02-25 13:00:00,482.28,483.32,481.43,483.32
2013-02-25 14:00:00,483.69,483.69,483.69,483.69
2013-02-26 09:00:00,482.5,482.5,478.78,480.1
2013-02-26 10:00:00,480.72,481.57,477.25,477.25
2013-02-26 11:00:00,477.42,477.74,476.35,477.34
2013-02-26 13:00:00,476.78,476.78,463.64,464.17
2013-02-26 14:00:00,463.85,465.05,463.85,465.05
2013-02-27 09:00:00,465.89,467.5,459.64,463.81
2013-02-27 10:00:00,463.83,466.65,461.06,464.44
2013-02-27 11:00:00,464.76,465.18,463.6,463.77
2013-02-27 13:00:00,463.58,465.9,463.58,465.9
2013-02-27 14:00:00,465.72,465.72,465.72,465.72
2013-02-28 09:00:00,465.72,473.77,465.72,472.25
2013-02-28 10:00:00,472.27,474.75,471.07,474.28
2013-02-28 11:00:00,475.09,475.27,474.22,475.21
2013-02-28 13:00:00,474.57,476.41,474.56,475.8
2013-02-28 14:00:00,474.56,474.56,474.56,474.56
2013-03-01 09:00:00,476.51,477.95,475.46,476.61
2013-03-01 10:00:00,476.67,480.39,476.67,478.69
2013-03-01 11:00:00,478.65,478.96,476.43,477.15
2013-03-01 13:00:00,476.64,477.65,476.25,477.06
2013-03-01 14:00:00,477.15,477.15,477.15,477.15
2013-03-04 09:00:00,477.04,479.06,474.52,478.4
2013-03-04 10:00:00,478.62,478.62,474.69,474.71
2013-03-04 11:00:00,473.69,474.37,472.45,473.97
2013-03-04 13:00:00,472.76,473.55,471.29,471.77
2013-03-04 14:00:00,468.74,468.74,468.74,468.74
2013-03-05 09:00:00,467.36,467.84,461.61,465.09
2013-03-05 10:00:00,465.28,467.17,463.35,467.17
2013-03-05 11:00:00,466.91,466.91,464.67,464.86
2013-03-05 13:00:00,463.63,465.69,463.07,463.44
2013-03-05 14:00:00,462.12,462.12,462.12,462.12
2013-03-06 09:00:00,466.96,468.41,464.65,465.38
2013-03-06 10:00:00,465.45,467.3,464.19,464.39
2013-03-06 11:00:00,464.42,465.5,464.32,465.34
2013-03-06 13:00:00,465.61,468.65,465.51,468.65
2013-03-06 14:00:00,471.09,471.09,471.09,471.09
2013-03-07 09:00:00,470.73,472.03,468.88,469.83
2013-03-07 10:00:00,469.88,472.54,469.2,472.54
2013-03-07 11:00:00,472.22,472.42,471.18,471.47
2013-03-07 13:00:00,471.43,471.43,467.08,469.7
2013-03-07 14:00:00,466.63,466.63,466.63,466.63
2013-03-08 09:00:00,468.1,471.2,468.1,468.63
2013-03-08 10:00:00,468.84,471.5,468.64,470.44
2013-03-08 11:00:00,470.13,471.43,469.46,471.43
2013-03-08 13:00:00,470.85,471.75,470.67,470.9
2013-03-08 14:00:00,470.68,470.68,470.68,470.68
2013-03-11 09:00:00,471.29,472.07,469.78,471.34
2013-03-11 10:00:00,471.75,472.53,470.66,471.68
2013-03-11 11:00:00,471.72,474.08,471.21,473.82
2013-03-11 13:00:00,474.98,476.79,474.86,475.43
2013-03-11 14:00:00,476.5,476.5,476.5,476.5
2013-03-12 09:00:00,475.23,478.67,474.71,476.21
2013-03-12 10:00:00,476.35,477.18,473.44,474.64
2013-03-12 11:00:00,475.33,475.33,473.61,474.9
2013-03-12 13:00:00,474.24,474.37,470.51,474.37
2013-03-12 14:00:00,475.34,475.34,475.34,475.34
2013-03-13 09:00:00,476.43,478.05,476.25,476.76
2013-03-13 10:00:00,476.74,476.77,473.9,475.41
2013-03-13 11:00:00,474.88,475.35,472.46,472.9
2013-03-13 13:00:00,472.55,473.77,471.85,472.08
2013-03-13 14:00:00,473.18,473.18,473.18,473.18
2013-03-14 09:00:00,471.63,474.2,470.81,473.49
2013-03-14 10:00:00,473.44,474.47,471.38,473.52
2013-03-14 11:00:00,473.45,473.46,472.22,473.16
2013-03-14 13:00:00,472.97,474.45,472.85,473.93
2013-03-14 14:00:00,474.6,474.6,474.6,474.6
2013-03-15 09:00:00,474.99,476.49,474.45,474.74
2013-03-15 10:00:00,474.8,478.44,474.66,476.27
2013-03-15 11:00:00,477.08,477.49,476.27,477.27
2013-03-15 13:00:00,475.83,477.99,475.64,476.77
2013-03-15 14:00:00,481.35,481.35,481.35,481.35
2013-03-18 09:00:00,481.53,481.69,479.05,480.01
2013-03-18 10:00:00,479.48,481.31,478.54,479.48
2013-03-18 11:00:00,479.5,482.59,479.46,481.83
2013-03-18 13:00:00,481.75,482.23,479.74,480.01
2013-03-18 14:00:00,479.13,479.13,479.13,479.13
2013-03-19 09:00:00,478.45,481.37,477.55,479.69
2013-03-19 10:00:00,479.63,481.75,478.68,481.75
2013-03-19 11:00:00,481.87,482.21,480.62,482.21
2013-03-19 13:00:00,481.67,482.14,480.36,481.52
2013-03-19 14:00:00,480.48,480.48,480.48,480.48
2013-03-20 09:00:00,481.88,482.25,480.53,482.01
2013-03-20 10:00:00,482.08,485.03,482.08,484.61
2013-03-20 11:00:00,484.69,488.94,484.69,487.92
2013-03-20 13:00:00,488.01,488.74,485.49,486.57
2013-03-20 14:00:00,487.04,487.04,487.04,487.04
2013-03-21 09:00:00,488.64,490.94,488.43,489.04
2013-03-21 10:00:00,488.99,494.57,488.99,489.4
2013-03-21 11:00:00,489.91,491.17,489.38,491.17
2013-03-21 13:00:00,490.19,493.23,490.19,492.13
2013-03-21 14:00:00,491.79,491.79,491.79,491.79
2013-03-22 09:00:00,492.88,500.59,492.88,499.42
2013-03-22 10:00:00,499.41,499.41,493.86,494.91
2013-03-22 11:00:00,494.02,494.65,493.33,493.4
2013-03-22 13:00:00,493.39,493.39,486.15,488.72
2013-03-22 14:00:00,489.99,489.99,489.99,489.99
2013-03-25 09:00:00,491.76,495.64,491.41,493.88
2013-03-25 10:00:00,493.92,494.61,488.55,488.58
2013-03-25 11:00:00,489.59,491.78,489.52,491.6
2013-03-25 13:00:00,492.1,494.35,491.72,494.35
2013-03-25 14:00:00,493.57,493.57,493.57,493.57
2013-03-26 09:00:00,494.19,496.32,491.73,494.03
2013-03-26 10:00:00,493.74,494.85,492.68,493.41
2013-03-26 11:00:00,493.51,493.83,492.19,492.9
2013-03-26 13:00:00,492.83,494.03,489.14,489.14
2013-03-26 14:00:00,489.46,489.46,489.46,489.46
2013-03-27 09:00:00,489.3,489.63,485.34,487.35
2013-03-27 10:00:00,487.34,490.94,487.31,490.14
2013-03-27 11:00:00,490.53,492.11,490.3,492.01
2013-03-27 13:00:00,491.69,492.46,489.78,492.46
2013-03-27 14:00:00,491.26,491.26,491.26,491.26
2013-03-28 09:00:00,491.64,495.12,490.1,490.1
2013-03-28 10:00:00,490.07,490.83,487.67,489.86
2013-03-28 11:00:00,489.84,491.74,489.56,491.22
2013-03-28 13:00:00,491.55,492.49,490.07,491.32
2013-03-28 14:00:00,490.67,490.67,490.67,490.67
2013-03-29 09:00:00,487.01,487.13,483.5,486.86
2013-03-29 10:00:00,486.91,487.38,485.64,487.02
2013-03-29 11:00:00,487.05,489.85,487.05,489.6
2013-03-29 13:00:00,489.48,492.96,489.1,492.09
2013-03-29 14:00:00,491.04,491.04,491.04,491.04
2013-04-01 09:00:00,490.66,492.31,489.9,490.58
2013-04-01 10:00:00,491.01,495.9,490.64,495.9
2013-04-01 11:00:00,496.16,501.53,496.16,501.49
2013-04-01 13:00:00,501.87,504.89,501.5,504.89
2013-04-01 14:00:00,505.81,505.81,505.81,505.81
2013-04-02 09:00:00,507.31,514.1,507.22,509.71
2013-04-02 10:00:00,507.31,514.1,507.22,509.71
2013-04-02 11:00:00,507.31,514.1,507.22,509.71
2013-04-02 13:00:00,507.31,514.1,507.22,509.71
2013-04-02 14:00:00,507.31,514.1,507.22,509.71
2013-04-03 09:00:00,507.31,514.1,507.22,509.71
2013-04-03 10:00:00,507.11,509.85,507.11,508.67
2013-04-03 11:00:00,508.9,508.9,505.05,507.68
2013-04-03 13:00:00,507.73,507.77,502.38,506.21
2013-04-03 14:00:00,505.93,505.93,505.93,505.93
2013-04-04 09:00:00,505.54,506.63,502.23,505.71
2013-04-04 10:00:00,505.53,505.81,502.71,503.76
2013-04-04 11:00:00,503.47,503.47,498.42,501.92
2013-04-04 13:00:00,501.08,501.61,499.56,499.67
2013-04-04 14:00:00,497.35,497.35,497.35,497.35
2013-04-05 09:00:00,501.16,501.99,497.87,497.99
2013-04-05 10:00:00,498.32,500.64,497.83,498.03
2013-04-05 11:00:00,499.23,501.02,499.19,500.27
2013-04-05 13:00:00,500.3,503.36,500.18,502.52
2013-04-05 14:00:00,502.58,502.58,502.58,502.58
2013-04-08 09:00:00,505.0,506.7,504.44,505.47
2013-04-08 10:00:00,504.88,505.37,501.91,504.53
2013-04-08 11:00:00,504.87,506.4,504.87,505.7
2013-04-08 13:00:00,505.97,507.75,504.27,504.69
2013-04-08 14:00:00,506.66,506.66,506.66,506.66
2013-04-09 09:00:00,505.09,508.18,504.16,507.65
2013-04-09 10:00:00,507.61,509.25,505.75,509.25
2013-04-09 11:00:00,509.31,511.68,509.31,510.85
2013-04-09 13:00:00,510.28,512.85,509.7,512.29
2013-04-09 14:00:00,510.49,510.49,510.49,510.49
2013-04-10 09:00:00,512.15,518.46,512.13,514.43
2013-04-10 10:00:00,513.87,515.19,512.98,514.05
2013-04-10 11:00:00,513.96,515.58,513.38,514.79
2013-04-10 13:00:00,515.11,515.3,510.25,510.25
2013-04-10 14:00:00,515.11,515.3,510.25,510.25
2013-04-11 09:00:00,501.39,504.51,497.92,501.29
2013-04-11 10:00:00,501.33,501.73,499.21,501.43
2013-04-11 11:00:00,501.38,503.09,501.37,502.3
2013-04-11 13:00:00,501.86,503.21,497.08,497.16
2013-04-11 14:00:00,501.86,503.21,497.08,497.16
2013-04-12 09:00:00,505.37,505.9,501.19,503.1
2013-04-12 10:00:00,503.0,505.07,501.57,502.52
2013-04-12 11:00:00,502.27,502.27,498.13,499.3
2013-04-12 13:00:00,499.54,499.54,490.82,494.46
2013-04-12 14:00:00,494.27,494.27,494.27,494.27
2013-04-15 09:00:00,491.65,491.77,485.16,490.17
2013-04-15 10:00:00,490.0,490.0,486.31,486.76
2013-04-15 11:00:00,486.82,487.07,483.51,484.16
2013-04-15 13:00:00,485.3,487.57,478.8,479.29
2013-04-15 14:00:00,480.02,480.02,480.02,480.02
2013-04-16 09:00:00,475.07,475.07,466.56,473.25
2013-04-16 10:00:00,472.55,474.42,470.1,473.51
2013-04-16 11:00:00,473.86,479.94,473.86,475.86
2013-04-16 13:00:00,476.6,479.97,476.6,477.8
2013-04-16 14:00:00,478.07,478.07,478.07,478.07
2013-04-17 09:00:00,482.17,483.87,478.92,479.9
2013-04-17 10:00:00,479.91,481.26,476.95,477.78
2013-04-17 11:00:00,477.28,478.31,476.62,478.02
2013-04-17 13:00:00,478.08,482.68,476.53,482.49
2013-04-17 14:00:00,483.99,483.99,483.99,483.99
2013-04-18 09:00:00,483.99,483.99,475.69,476.09
2013-04-18 10:00:00,476.57,477.63,474.96,475.67
2013-04-18 11:00:00,475.8,475.8,473.47,473.47
2013-04-18 13:00:00,473.64,473.7,471.1,472.21
2013-04-18 14:00:00,473.21,473.21,473.21,473.21
2013-04-22 09:00:00,471.81,472.95,469.07,469.07
2013-04-22 10:00:00,468.85,471.47,466.78,470.04
2013-04-22 11:00:00,470.12,471.7,469.74,470.24
2013-04-22 13:00:00,469.26,469.63,466.79,468.43
2013-04-22 14:00:00,469.26,469.63,466.79,468.43
2013-04-23 09:00:00,470.59,474.07,470.47,470.51
2013-04-23 10:00:00,470.41,471.49,469.13,471.21
2013-04-23 11:00:00,471.24,473.55,471.09,473.07
2013-04-23 13:00:00,473.15,475.48,473.15,474.36
2013-04-23 14:00:00,473.69,473.69,473.69,473.69
2013-04-24 09:00:00,474.48,475.61,474.28,474.73
2013-04-24 10:00:00,474.22,475.75,473.95,474.06
2013-04-24 11:00:00,474.24,474.95,474.24,474.63
2013-04-24 13:00:00,473.99,475.21,472.93,475.2
2013-04-24 14:00:00,472.89,472.89,472.89,472.89
2013-04-25 09:00:00,474.87,476.07,474.33,475.17
2013-04-25 10:00:00,474.42,476.54,474.29,475.94
2013-04-25 11:00:00,476.11,477.03,476.05,476.63
2013-04-25 13:00:00,476.76,477.8,476.19,476.19
2013-04-25 14:00:00,476.59,476.59,476.59,476.59
2013-04-26 09:00:00,477.04,477.6,474.75,477.45
2013-04-26 10:00:00,477.67,479.12,476.05,476.57
2013-04-26 11:00:00,476.54,477.6,474.96,475.49
2013-04-26 13:00:00,475.94,477.14,474.43,475.53
2013-04-26 14:00:00,474.51,474.51,474.51,474.51
2013-05-02 09:00:00,474.54,475.52,472.16,472.91
2013-05-02 10:00:00,472.95,476.42,472.95,475.09
2013-05-02 11:00:00,475.15,476.23,475.09,475.71
2013-05-02 13:00:00,475.7,475.7,473.57,473.62
2013-05-02 14:00:00,473.02,473.02,473.02,473.02
2013-05-03 09:00:00,471.14,474.09,470.81,474.09
2013-05-03 10:00:00,474.12,474.94,473.05,474.31
2013-05-03 11:00:00,473.72,474.38,472.95,473.57
2013-05-03 13:00:00,473.67,474.46,473.26,474.09
2013-05-03 14:00:00,473.67,474.46,473.26,474.09
2013-05-06 09:00:00,478.94,483.19,478.94,483.04
2013-05-06 10:00:00,483.08,483.08,481.28,481.38
2013-05-06 11:00:00,481.4,482.77,480.96,482.77
2013-05-06 13:00:00,483.04,487.35,482.37,487.35
2013-05-06 14:00:00,488.32,488.32,488.32,488.32
2013-05-07 09:00:00,489.35,491.56,485.47,490.88
2013-05-07 10:00:00,490.28,490.28,485.77,486.35
2013-05-07 11:00:00,486.43,487.19,485.79,486.38
2013-05-07 13:00:00,485.8,485.95,484.39,484.79
2013-05-07 14:00:00,485.58,485.58,485.58,485.58
2013-05-08 09:00:00,486.74,488.04,485.78,486.34
2013-05-08 10:00:00,486.32,487.5,484.9,487.5
2013-05-08 11:00:00,486.62,486.67,485.31,485.33
2013-05-08 13:00:00,485.54,486.71,483.03,483.03
2013-05-08 14:00:00,485.07,485.07,485.07,485.07
2013-05-09 09:00:00,485.44,488.0,485.26,487.0
2013-05-09 10:00:00,487.05,487.05,485.2,486.35
2013-05-09 11:00:00,486.06,488.57,485.83,487.51
2013-05-09 13:00:00,487.28,488.56,486.78,487.45
2013-05-09 14:00:00,486.22,486.22,486.22,486.22
2013-05-10 09:00:00,488.1,490.76,487.43,489.53
2013-05-10 10:00:00,489.5,489.5,487.57,488.64
2013-05-10 11:00:00,488.66,489.45,486.46,486.92
2013-05-10 13:00:00,486.78,488.14,484.75,488.14
2013-05-10 14:00:00,486.1,486.1,486.1,486.1
2013-05-13 09:00:00,486.96,490.38,486.96,490.07
2013-05-13 10:00:00,490.05,490.05,487.87,488.88
2013-05-13 11:00:00,488.89,489.09,487.2,489.09
2013-05-13 13:00:00,488.69,489.67,487.61,489.26
2013-05-13 14:00:00,488.93,488.93,488.93,488.93
2013-05-14 09:00:00,486.94,487.45,485.58,486.78
2013-05-14 10:00:00,486.61,486.61,482.08,483.77
2013-05-14 11:00:00,484.1,484.1,482.8,482.89
2013-05-14 13:00:00,482.67,483.4,480.79,482.75
2013-05-14 14:00:00,483.85,483.85,483.85,483.85
2013-05-15 09:00:00,482.82,483.4,481.8,482.39
2013-05-15 10:00:00,482.35,484.07,481.9,483.53
2013-05-15 11:00:00,483.57,484.5,483.09,484.5
2013-05-15 13:00:00,484.64,487.52,484.64,486.86
2013-05-15 14:00:00,485.97,485.97,485.97,485.97
2013-05-16 09:00:00,486.0,488.04,485.28,488.04
2013-05-16 10:00:00,488.12,491.44,488.12,488.94
2013-05-16 11:00:00,489.55,489.91,488.68,489.76
2013-05-16 13:00:00,488.99,490.58,488.84,489.9
2013-05-16 14:00:00,490.34,490.34,490.34,490.34
2013-05-17 09:00:00,489.99,491.85,489.08,489.08
2013-05-17 10:00:00,488.86,490.57,488.64,489.37
2013-05-17 11:00:00,490.05,490.05,487.65,488.67
2013-05-17 13:00:00,488.57,489.47,487.69,488.33
2013-05-17 14:00:00,487.6,487.6,487.6,487.6
2013-05-20 09:00:00,487.71,488.03,485.42,486.36
2013-05-20 10:00:00,486.3,490.43,486.3,489.42
2013-05-20 11:00:00,488.83,491.45,488.83,490.77
2013-05-20 13:00:00,490.27,492.96,489.6,491.47
2013-05-20 14:00:00,492.27,492.27,492.27,492.27
2013-05-21 09:00:00,496.09,501.41,495.95,498.82
2013-05-21 10:00:00,497.9,499.45,496.56,499.37
2013-05-21 11:00:00,499.45,500.87,499.45,500.67
2013-05-21 13:00:00,500.5,502.6,500.08,501.45
2013-05-21 14:00:00,500.18,500.18,500.18,500.18
2013-05-22 09:00:00,503.23,504.19,501.44,503.21
2013-05-22 10:00:00,503.19,504.68,502.08,503.99
2013-05-22 11:00:00,503.96,504.09,503.18,503.3
2013-05-22 13:00:00,502.86,503.74,501.74,503.6
2013-05-22 14:00:00,502.23,502.23,502.23,502.23
2013-05-23 09:00:00,501.15,502.95,498.86,501.88
2013-05-23 10:00:00,501.87,506.58,501.84,505.77
2013-05-23 11:00:00,505.74,505.76,503.34,503.34
2013-05-23 13:00:00,502.54,502.54,498.83,498.88
2013-05-23 14:00:00,498.22,498.22,498.22,498.22
2013-05-24 09:00:00,498.77,500.13,497.48,497.52
2013-05-24 10:00:00,497.56,501.43,495.96,501.43
2013-05-24 11:00:00,501.98,503.6,501.25,501.27
2013-05-24 13:00:00,501.54,502.12,499.2,499.77
2013-05-24 14:00:00,500.24,500.24,500.24,500.24
2013-05-27 09:00:00,504.38,510.56,504.38,509.71
2013-05-27 10:00:00,510.28,510.38,507.93,510.38
2013-05-27 11:00:00,510.79,515.53,510.79,515.37
2013-05-27 13:00:00,515.89,516.08,510.55,512.66
2013-05-27 14:00:00,512.41,512.41,512.41,512.41
2013-05-28 09:00:00,515.62,517.97,513.99,515.09
2013-05-28 10:00:00,514.88,515.72,512.98,515.01
2013-05-28 11:00:00,514.81,515.13,514.22,514.24
2013-05-28 13:00:00,513.8,516.68,512.81,516.68
2013-05-28 14:00:00,516.33,516.33,516.33,516.33
2013-05-29 09:00:00,517.91,520.36,514.28,516.34
2013-05-29 10:00:00,516.38,517.5,514.29,516.07
2013-05-29 11:00:00,516.03,516.03,511.31,511.91
2013-05-29 13:00:00,512.23,519.53,512.23,516.44
2013-05-29 14:00:00,515.09,515.09,515.09,515.09
2013-05-30 09:00:00,517.18,518.37,513.68,515.45
2013-05-30 10:00:00,516.18,518.54,515.63,515.67
2013-05-30 11:00:00,516.05,516.4,514.3,516.27
2013-05-30 13:00:00,516.53,520.39,515.59,520.39
2013-05-30 14:00:00,521.45,521.45,521.45,521.45
2013-05-31 09:00:00,526.58,526.58,524.43,524.45
2013-05-31 10:00:00,524.38,526.52,523.63,526.06
2013-05-31 11:00:00,525.99,526.51,521.97,522.5
2013-05-31 13:00:00,522.15,523.59,520.27,520.61
2013-05-31 14:00:00,518.39,518.39,518.39,518.39
2013-06-03 09:00:00,518.3,519.21,516.64,519.2
2013-06-03 10:00:00,519.29,519.36,516.75,519.03
2013-06-03 11:00:00,518.56,521.09,518.56,520.45
2013-06-03 13:00:00,520.98,521.35,516.97,516.97
2013-06-03 14:00:00,517.03,517.03,517.03,517.03
2013-06-04 09:00:00,517.03,521.96,517.03,518.19
2013-06-04 10:00:00,518.23,519.25,515.61,518.49
2013-06-04 11:00:00,518.57,518.58,517.55,517.65
2013-06-04 13:00:00,517.08,518.07,515.02,515.02
2013-06-04 14:00:00,510.69,510.69,510.69,510.69
2013-06-05 09:00:00,512.37,513.11,508.86,510.15
2013-06-05 10:00:00,510.53,512.45,510.15,511.67
2013-06-05 11:00:00,511.13,512.51,511.13,512.51
2013-06-05 13:00:00,512.48,514.37,511.98,514.05
2013-06-05 14:00:00,514.64,514.64,514.64,514.64
2013-06-06 09:00:00,513.43,515.91,513.16,515.49
2013-06-06 10:00:00,515.57,518.25,515.27,518.25
2013-06-06 11:00:00,518.43,520.1,517.93,519.8
2013-06-06 13:00:00,519.37,521.28,517.87,519.79
2013-06-06 14:00:00,520.9,520.9,520.9,520.9
2013-06-07 09:00:00,523.21,526.94,523.19,525.98
2013-06-07 10:00:00,526.21,527.22,524.32,524.85
2013-06-07 11:00:00,524.32,526.27,524.05,525.69
2013-06-07 13:00:00,525.43,527.85,525.19,526.98
2013-06-07 14:00:00,527.97,527.97,527.97,527.97
2013-06-10 09:00:00,530.97,533.15,528.99,529.44
2013-06-10 10:00:00,529.93,532.98,529.56,532.05
2013-06-10 11:00:00,530.8,531.75,529.29,529.52
2013-06-10 13:00:00,529.64,530.02,525.75,525.94
2013-06-10 14:00:00,524.56,524.56,524.56,524.56
2013-06-11 09:00:00,525.2,525.46,521.19,521.19
2013-06-11 10:00:00,521.93,525.53,521.77,525.11
2013-06-11 11:00:00,525.09,525.68,523.38,523.38
2013-06-11 13:00:00,523.23,525.1,520.94,520.99
2013-06-11 14:00:00,521.79,521.95,521.79,521.95
2013-06-12 09:00:00,521.21,523.93,521.21,521.57
2013-06-12 10:00:00,521.69,524.13,520.1,523.3
2013-06-12 11:00:00,523.29,524.91,523.24,524.44
2013-06-12 13:00:00,524.23,524.83,522.31,522.48
2013-06-12 14:00:00,524.23,524.83,522.31,522.48
2013-06-13 09:00:00,518.28,519.54,513.8,514.03
2013-06-13 10:00:00,514.62,515.28,511.03,511.03
2013-06-13 11:00:00,511.56,514.46,510.07,513.68
2013-06-13 13:00:00,511.93,514.62,511.93,514.62
2013-06-13 14:00:00,515.09,515.09,515.09,515.09
2013-06-14 09:00:00,517.14,518.0,515.44,516.32
2013-06-14 10:00:00,515.79,516.62,513.56,513.96
2013-06-14 11:00:00,513.83,513.83,511.88,512.85
2013-06-14 13:00:00,512.37,513.31,511.68,512.55
2013-06-14 14:00:00,511.25,511.25,509.03,509.03
2013-06-17 09:00:00,510.52,511.23,505.25,505.99
2013-06-17 10:00:00,506.53,508.12,506.16,506.54
2013-06-17 11:00:00,506.6,506.74,502.18,503.6
2013-06-17 13:00:00,502.51,503.09,498.31,500.09
2013-06-17 14:00:00,498.52,498.52,498.52,498.52
2013-06-18 09:00:00,497.06,500.54,495.5,496.11
2013-06-18 10:00:00,495.6,500.21,495.54,498.81
2013-06-18 11:00:00,499.06,499.06,497.49,498.0
2013-06-18 13:00:00,497.56,499.42,497.26,497.65
2013-06-18 14:00:00,498.88,498.88,498.88,498.88
2013-06-19 09:00:00,501.58,504.0,501.38,504.0
2013-06-19 10:00:00,503.86,504.11,502.0,502.01
2013-06-19 11:00:00,501.8,502.28,500.61,502.12
2013-06-19 13:00:00,502.2,503.82,502.13,503.82
2013-06-19 14:00:00,503.37,503.37,503.37,503.37
2013-06-20 09:00:00,502.22,502.9,501.18,502.9
2013-06-20 10:00:00,502.92,503.75,501.89,503.09
2013-06-20 11:00:00,502.98,502.99,499.8,500.4
2013-06-20 13:00:00,499.63,500.52,498.55,499.05
2013-06-20 14:00:00,499.51,499.51,499.51,499.51
2013-06-21 09:00:00,497.3,497.84,495.9,495.9
2013-06-21 10:00:00,495.84,499.69,495.23,499.5
2013-06-21 11:00:00,499.51,499.85,498.89,499.66
2013-06-21 13:00:00,499.21,501.25,498.58,500.76
2013-06-21 14:00:00,500.0,500.0,498.84,498.84
2013-06-24 09:00:00,500.44,501.14,498.32,498.64
2013-06-24 10:00:00,497.76,498.17,489.62,491.16
2013-06-24 11:00:00,491.7,493.73,490.15,490.15
2013-06-24 13:00:00,491.03,491.03,487.41,490.47
2013-06-24 14:00:00,489.74,489.74,489.74,489.74
2013-06-25 09:00:00,487.04,488.55,484.08,484.08
2013-06-25 10:00:00,484.0,484.0,473.66,473.66
2013-06-25 11:00:00,472.08,474.69,466.78,474.06
2013-06-25 13:00:00,474.22,474.23,466.95,471.81
2013-06-25 14:00:00,473.02,473.02,473.02,473.02
2013-06-26 09:00:00,473.26,476.47,470.38,470.41
2013-06-26 10:00:00,470.92,474.2,469.39,469.98
2013-06-26 11:00:00,469.44,469.54,466.41,467.07
2013-06-26 13:00:00,468.04,475.97,467.9,472.13
2013-06-26 14:00:00,473.53,473.53,473.53,473.53
2013-06-27 09:00:00,476.33,478.81,475.0,476.04
2013-06-27 10:00:00,477.39,480.14,476.9,480.14
2013-06-27 11:00:00,480.09,480.09,477.6,477.89
2013-06-27 13:00:00,478.02,482.05,478.02,481.97
2013-06-27 14:00:00,482.95,482.95,482.95,482.95
2013-06-28 09:00:00,484.84,485.29,479.94,482.96
2013-06-28 10:00:00,483.14,485.55,482.31,484.88
2013-06-28 11:00:00,485.39,485.94,483.63,484.38
2013-06-28 13:00:00,484.2,484.36,482.1,482.72
2013-06-28 14:00:00,481.13,481.13,481.13,481.13
2013-07-01 09:00:00,478.98,478.98,475.26,477.59
2013-07-01 10:00:00,477.35,478.48,476.52,476.65
2013-07-01 11:00:00,476.6,478.12,476.6,477.34
2013-07-01 13:00:00,478.1,482.03,478.1,479.55
2013-07-01 14:00:00,480.04,480.04,480.04,480.04
2013-07-02 09:00:00,480.72,485.08,480.72,485.08
2013-07-02 10:00:00,485.32,488.09,484.33,488.09
2013-07-02 11:00:00,488.06,488.06,486.14,486.76
2013-07-02 13:00:00,486.66,490.14,486.62,490.14
2013-07-02 14:00:00,489.84,489.84,489.84,489.84
2013-07-03 09:00:00,489.84,492.93,488.44,492.46
2013-07-03 10:00:00,492.59,492.59,488.3,489.35
2013-07-03 11:00:00,489.39,489.39,487.16,487.48
2013-07-03 13:00:00,487.5,490.75,487.11,490.5
2013-07-03 14:00:00,487.35,487.35,487.35,487.35
2013-07-04 09:00:00,489.23,490.0,488.11,489.75
2013-07-04 10:00:00,489.21,490.65,486.49,487.6
2013-07-04 11:00:00,487.17,490.07,487.14,489.61
2013-07-04 13:00:00,489.08,489.65,487.43,488.39
2013-07-04 14:00:00,487.22,487.22,487.22,487.22
2013-07-05 09:00:00,488.06,489.35,487.96,488.23
2013-07-05 10:00:00,488.86,489.99,487.49,487.51
2013-07-05 11:00:00,487.8,487.8,486.89,487.58
2013-07-05 13:00:00,487.36,487.83,485.22,486.0
2013-07-05 14:00:00,485.66,485.66,485.66,485.66
2013-07-08 09:00:00,485.24,485.95,483.21,483.46
2013-07-08 10:00:00,483.56,485.39,483.56,484.92
2013-07-08 11:00:00,484.93,485.29,484.1,484.14
2013-07-08 13:00:00,483.77,484.02,480.58,482.73
2013-07-08 14:00:00,482.77,482.77,482.77,482.77
2013-07-09 09:00:00,483.96,485.5,483.39,484.43
2013-07-09 10:00:00,483.68,484.68,481.14,484.68
2013-07-09 11:00:00,484.73,484.92,484.18,484.56
2013-07-09 13:00:00,484.3,485.25,483.33,485.25
2013-07-09 14:00:00,485.5,485.5,485.5,485.5
2013-07-10 09:00:00,487.81,489.83,486.87,487.11
2013-07-10 10:00:00,487.09,488.4,486.37,486.37
2013-07-10 11:00:00,486.34,487.17,485.73,486.48
2013-07-10 13:00:00,486.45,486.55,484.47,485.0
2013-07-10 14:00:00,484.43,484.43,484.43,484.43
2013-07-11 09:00:00,484.38,485.44,482.11,483.07
2013-07-11 10:00:00,483.33,484.57,482.17,482.17
2013-07-11 11:00:00,483.54,484.01,483.39,483.39
2013-07-11 13:00:00,483.71,485.07,482.69,484.33
2013-07-11 14:00:00,484.47,484.47,484.47,484.47
2013-07-12 09:00:00,485.14,487.57,485.13,485.27
2013-07-12 10:00:00,486.14,488.94,486.14,488.08
2013-07-12 11:00:00,488.31,489.9,487.73,489.9
2013-07-12 13:00:00,489.36,492.66,489.36,491.51
2013-07-12 14:00:00,493.99,493.99,493.99,493.99
2013-07-15 09:00:00,496.12,498.32,493.48,496.32
2013-07-15 10:00:00,495.89,496.43,492.95,494.69
2013-07-15 11:00:00,494.71,496.44,494.71,495.77
2013-07-15 13:00:00,495.82,496.06,493.08,494.62
2013-07-15 14:00:00,494.1,494.1,494.1,494.1
2013-07-16 09:00:00,494.66,497.09,493.74,496.7
2013-07-16 10:00:00,497.35,497.83,495.71,497.32
2013-07-16 11:00:00,496.97,497.57,494.94,496.45
2013-07-16 13:00:00,495.64,497.05,494.95,497.05
2013-07-16 14:00:00,496.22,496.22,496.22,496.22
2013-07-17 09:00:00,496.38,496.42,493.37,493.75
2013-07-17 10:00:00,493.82,496.87,493.79,495.08
2013-07-17 11:00:00,495.67,497.62,495.61,497.16
2013-07-17 13:00:00,496.36,498.42,496.36,497.89
2013-07-17 14:00:00,497.5,497.5,497.5,497.5
2013-07-18 09:00:00,495.68,497.55,494.23,496.25
2013-07-18 10:00:00,495.91,500.51,495.91,499.27
2013-07-18 11:00:00,499.9,499.9,497.31,498.26
2013-07-18 13:00:00,497.73,498.76,497.66,497.82
2013-07-18 14:00:00,496.84,496.84,496.84,496.84
2013-07-19 09:00:00,499.64,502.62,499.64,502.22
2013-07-19 10:00:00,502.06,502.06,499.28,501.7
2013-07-19 11:00:00,501.76,502.18,500.35,501.56
2013-07-19 13:00:00,501.83,505.38,501.83,502.95
2013-07-19 14:00:00,503.76,503.76,503.76,503.76
2013-07-22 09:00:00,505.11,507.71,503.84,505.36
2013-07-22 10:00:00,505.01,506.04,504.04,504.82
2013-07-22 11:00:00,504.78,505.46,504.25,504.7
2013-07-22 13:00:00,504.74,505.24,501.63,504.69
2013-07-22 14:00:00,504.7,506.16,504.17,506.16
2013-07-23 09:00:00,506.16,506.82,505.19,505.21
2013-07-23 10:00:00,505.23,507.35,504.22,507.35
2013-07-23 11:00:00,507.29,508.64,507.01,507.66
2013-07-23 13:00:00,507.5,507.84,504.9,505.99
2013-07-23 14:00:00,505.78,506.46,504.29,504.29
2013-07-24 09:00:00,503.67,504.27,499.02,500.23
2013-07-24 10:00:00,499.76,500.37,495.2,496.65
2013-07-24 11:00:00,496.71,498.78,496.51,498.01
2013-07-24 13:00:00,498.08,498.08,493.36,494.19
2013-07-24 14:00:00,493.95,496.49,493.95,494.18
2013-07-25 09:00:00,493.75,494.81,492.01,493.16
2013-07-25 10:00:00,493.17,495.85,493.17,495.43
2013-07-25 11:00:00,495.21,495.25,494.41,495.13
2013-07-25 13:00:00,495.15,495.15,493.37,494.63
2013-07-25 14:00:00,493.87,494.48,491.71,491.78
2013-07-26 09:00:00,493.5,495.16,492.12,492.22
2013-07-26 10:00:00,492.56,492.56,490.01,490.46
2013-07-26 11:00:00,489.86,490.03,487.92,489.9
2013-07-26 13:00:00,490.14,492.9,489.0,491.82
2013-07-26 14:00:00,492.01,493.99,491.99,493.93
2013-07-29 09:00:00,493.81,494.36,492.22,493.86
2013-07-29 10:00:00,493.46,493.88,490.21,491.33
2013-07-29 11:00:00,490.65,491.51,489.98,491.5
2013-07-29 13:00:00,491.43,491.43,485.56,488.24
2013-07-29 14:00:00,488.26,488.38,485.68,485.69
2013-07-30 09:00:00,485.78,489.07,485.74,488.21
2013-07-30 10:00:00,487.51,487.87,486.14,487.63
2013-07-30 11:00:00,487.66,490.36,487.54,490.36
2013-07-30 13:00:00,488.77,489.29,487.15,488.84
2013-07-30 14:00:00,488.88,490.32,488.54,488.54
2013-07-31 09:00:00,488.1,490.86,487.99,488.24
2013-07-31 10:00:00,488.59,489.45,487.1,488.94
2013-07-31 11:00:00,488.91,489.43,487.84,488.83
2013-07-31 13:00:00,487.9,492.15,487.9,492.15
2013-07-31 14:00:00,492.23,493.1,491.33,491.85
2013-08-01 09:00:00,490.9,492.04,489.82,490.47
2013-08-01 10:00:00,490.42,494.12,489.57,494.12
2013-08-01 11:00:00,494.14,494.31,492.49,493.4
2013-08-01 13:00:00,493.44,494.05,492.46,492.55
2013-08-01 14:00:00,492.49,493.32,491.25,492.43
2013-08-02 09:00:00,493.33,495.71,493.33,495.41
2013-08-02 10:00:00,494.82,495.0,493.02,494.25
2013-08-02 11:00:00,494.27,494.86,493.33,494.82
2013-08-02 13:00:00,494.57,495.07,493.17,493.68
2013-08-02 14:00:00,493.96,495.62,493.57,494.66
2013-08-05 09:00:00,494.38,494.78,493.16,493.59
2013-08-05 10:00:00,493.64,496.74,493.64,495.84
2013-08-05 11:00:00,495.82,496.32,494.78,495.07
2013-08-05 13:00:00,494.46,494.58,492.75,494.21
2013-08-05 14:00:00,494.22,494.86,493.66,493.66
2013-08-06 09:00:00,492.69,493.51,492.38,492.79
2013-08-06 10:00:00,493.24,493.24,491.91,492.75
2013-08-06 11:00:00,493.1,494.83,493.1,494.25
2013-08-06 13:00:00,493.93,496.16,493.6,496.16
2013-08-06 14:00:00,495.69,496.56,495.23,496.56
2013-08-07 09:00:00,496.95,497.32,495.02,496.28
2013-08-07 10:00:00,496.41,497.47,495.27,496.8
2013-08-07 11:00:00,496.84,500.35,496.75,500.35
2013-08-07 13:00:00,500.44,502.26,500.06,502.26
2013-08-07 14:00:00,501.14,501.33,499.6,500.1
2013-08-08 09:00:00,499.53,503.51,499.53,503.51
2013-08-08 10:00:00,502.74,503.1,500.28,501.47
2013-08-08 11:00:00,501.61,501.61,498.52,498.52
2013-08-08 13:00:00,498.44,500.09,498.44,498.67
2013-08-08 14:00:00,498.59,499.47,497.05,498.22
2013-08-09 09:00:00,498.88,501.65,498.88,501.14
2013-08-09 10:00:00,500.92,502.01,499.66,501.52
2013-08-09 11:00:00,501.53,502.04,500.85,501.62
2013-08-09 13:00:00,501.15,501.65,499.6,500.49
2013-08-09 14:00:00,500.45,500.82,499.6,500.62
2013-08-12 09:00:00,501.35,501.39,499.98,500.62
2013-08-12 10:00:00,500.67,501.12,498.56,498.64
2013-08-12 11:00:00,498.63,499.95,498.11,499.95
2013-08-12 13:00:00,500.29,500.76,497.78,498.24
2013-08-12 14:00:00,498.16,500.87,497.53,499.46
2013-08-13 09:00:00,499.46,500.65,499.0,500.44
2013-08-13 10:00:00,500.18,502.63,500.18,501.88
2013-08-13 11:00:00,501.57,502.3,501.21,501.83
2013-08-13 13:00:00,500.66,502.24,500.55,500.96
2013-08-13 14:00:00,501.01,501.01,497.4,497.73
2013-08-14 09:00:00,498.51,499.17,496.35,496.62
2013-08-14 10:00:00,497.11,499.31,497.11,498.95
2013-08-14 11:00:00,498.96,499.65,498.39,498.46
2013-08-14 13:00:00,498.47,500.78,498.42,500.78
2013-08-14 14:00:00,500.92,503.89,500.92,503.57
2013-08-15 09:00:00,505.03,508.45,505.03,506.19
2013-08-15 10:00:00,506.53,506.81,505.4,506.71
2013-08-15 11:00:00,507.33,509.23,507.25,508.37
2013-08-15 13:00:00,508.64,509.41,507.74,507.89
2013-08-15 14:00:00,508.41,509.6,507.98,508.22
2013-08-16 09:00:00,508.22,510.22,506.58,508.34
2013-08-16 10:00:00,507.78,508.43,506.68,507.03
2013-08-16 11:00:00,507.24,509.83,507.11,509.56
2013-08-16 13:00:00,510.09,510.13,505.48,506.92
2013-08-16 14:00:00,506.46,508.93,506.46,507.79
2013-08-19 09:00:00,507.27,511.29,507.16,510.58
2013-08-19 10:00:00,510.52,512.6,510.01,510.55
2013-08-19 11:00:00,510.48,510.57,509.13,509.45
2013-08-19 13:00:00,509.39,513.21,509.39,511.87
2013-08-19 14:00:00,512.68,513.34,511.02,511.02
2013-08-20 09:00:00,509.59,510.59,507.19,508.51
2013-08-20 10:00:00,508.8,509.28,506.8,507.55
2013-08-20 11:00:00,507.56,508.78,507.55,508.01
2013-08-20 13:00:00,507.76,508.28,504.11,507.54
2013-08-20 14:00:00,507.49,507.75,504.81,504.81
2013-08-21 09:00:00,504.77,504.78,500.82,502.28
2013-08-21 10:00:00,502.53,503.58,501.5,502.36
2013-08-21 11:00:00,501.74,502.69,500.51,500.51
2013-08-21 13:00:00,500.52,500.52,497.01,499.68
2013-08-21 14:00:00,499.25,502.88,499.25,502.7
2013-08-22 09:00:00,499.82,502.64,499.82,502.64
2013-08-22 10:00:00,502.97,503.92,501.11,501.11
2013-08-22 11:00:00,501.67,501.67,499.75,500.22
2013-08-22 13:00:00,499.61,499.61,496.03,496.4
2013-08-22 14:00:00,495.54,496.85,494.4,496.12
2013-08-23 09:00:00,496.12,497.89,491.1,492.17
2013-08-23 10:00:00,491.56,493.12,489.33,492.89
2013-08-23 11:00:00,492.92,492.96,490.68,490.68
2013-08-23 13:00:00,490.3,490.3,482.78,488.97
2013-08-23 14:00:00,488.99,488.99,485.63,486.82
2013-08-26 09:00:00,485.26,485.59,479.39,482.71
2013-08-26 10:00:00,482.36,483.56,481.14,481.14
2013-08-26 11:00:00,481.04,481.71,480.22,480.91
2013-08-26 13:00:00,480.85,483.41,478.59,483.41
2013-08-26 14:00:00,483.48,490.54,482.8,490.54
2013-08-27 09:00:00,488.23,488.49,486.46,487.12
2013-08-27 10:00:00,486.57,487.58,486.0,486.0
2013-08-27 11:00:00,486.53,487.4,486.44,487.4
2013-08-27 13:00:00,486.89,489.89,486.85,489.89
2013-08-27 14:00:00,489.87,489.89,485.57,485.57
2013-08-28 09:00:00,482.48,482.48,476.12,478.05
2013-08-28 10:00:00,477.83,478.51,476.56,476.99
2013-08-28 11:00:00,476.91,476.91,470.65,473.97
2013-08-28 13:00:00,473.17,474.33,470.29,471.88
2013-08-28 14:00:00,472.64,475.58,472.64,473.3
2013-08-29 09:00:00,473.33,477.09,471.47,472.45
2013-08-29 10:00:00,472.49,475.91,472.49,474.59
2013-08-29 11:00:00,474.53,474.96,472.94,473.16
2013-08-29 13:00:00,472.98,474.11,472.42,472.59
2013-08-29 14:00:00,472.75,473.13,468.55,468.55
2013-08-30 09:00:00,469.64,471.27,469.17,470.39
2013-08-30 10:00:00,470.12,470.12,462.13,463.93
2013-08-30 11:00:00,463.94,467.51,463.94,467.23
2013-08-30 13:00:00,467.45,468.16,465.89,466.95
2013-08-30 14:00:00,467.04,472.7,466.99,472.7
2013-09-03 09:00:00,473.56,477.08,473.56,475.06
2013-09-03 10:00:00,475.03,475.21,473.0,474.17
2013-09-03 11:00:00,473.92,474.39,473.46,474.12
2013-09-03 13:00:00,474.08,474.09,471.5,471.66
2013-09-03 14:00:00,471.95,472.67,470.26,472.17
2013-09-04 09:00:00,472.77,476.42,472.55,475.1
2013-09-04 10:00:00,475.07,475.07,469.84,470.41
2013-09-04 11:00:00,470.36,470.36,469.3,470.05
2013-09-04 13:00:00,470.1,473.15,470.1,471.76
2013-09-04 14:00:00,472.06,472.06,470.44,471.45
2013-09-05 09:00:00,473.62,475.93,471.57,471.57
2013-09-05 10:00:00,472.03,473.75,470.72,473.75
2013-09-05 11:00:00,473.58,474.89,473.58,474.89
2013-09-05 13:00:00,474.57,475.85,474.35,474.61
2013-09-05 14:00:00,474.76,477.77,474.76,477.57
2013-09-06 09:00:00,479.18,479.18,475.16,475.84
2013-09-06 10:00:00,476.34,478.51,475.82,478.44
2013-09-06 11:00:00,478.52,479.08,477.27,477.51
2013-09-06 13:00:00,477.59,480.39,477.51,479.12
2013-09-06 14:00:00,478.76,480.55,478.6,480.03
2013-09-09 09:00:00,478.98,478.98,474.33,476.19
2013-09-09 10:00:00,476.22,476.25,471.37,472.89
2013-09-09 11:00:00,472.94,473.77,472.61,473.17
2013-09-09 13:00:00,473.09,473.1,469.54,469.92
2013-09-09 14:00:00,469.39,472.25,469.39,470.16
2013-09-10 09:00:00,470.16,473.89,470.16,472.65
2013-09-10 10:00:00,472.63,473.04,471.49,472.51
2013-09-10 11:00:00,473.06,473.21,472.09,473.0
2013-09-10 13:00:00,472.99,474.99,472.15,474.48
2013-09-10 14:00:00,474.51,475.62,474.48,474.53
2013-09-11 09:00:00,474.53,478.95,474.53,477.17
2013-09-11 10:00:00,477.01,477.89,476.13,476.24
2013-09-11 11:00:00,476.22,476.27,475.32,476.27
2013-09-11 13:00:00,475.53,476.1,473.68,475.27
2013-09-11 14:00:00,475.3,476.4,475.3,476.4
2013-09-12 09:00:00,474.97,477.1,474.97,476.28
2013-09-12 10:00:00,476.29,476.93,474.91,476.93
2013-09-12 11:00:00,476.39,477.24,475.81,476.73
2013-09-12 13:00:00,476.98,477.25,475.84,476.37
2013-09-12 14:00:00,476.36,476.9,475.88,476.85
2013-09-13 09:00:00,475.11,476.52,474.54,475.95
2013-09-13 10:00:00,476.0,478.0,475.95,476.66
2013-09-13 11:00:00,476.64,477.37,476.45,476.75
2013-09-13 13:00:00,476.59,476.67,475.42,475.98
2013-09-13 14:00:00,476.01,477.16,475.14,476.42
2013-09-16 09:00:00,478.32,478.7,476.83,477.0
2013-09-16 10:00:00,476.8,477.44,474.96,474.98
2013-09-16 11:00:00,475.53,476.13,475.53,476.07
2013-09-16 13:00:00,475.94,475.94,473.97,475.02
2013-09-16 14:00:00,475.21,475.89,474.66,475.57
2013-09-17 09:00:00,476.21,477.23,476.02,476.76
2013-09-17 10:00:00,476.79,477.28,475.82,477.28
2013-09-17 11:00:00,476.72,477.45,476.68,476.96
2013-09-17 13:00:00,476.89,480.16,476.1,478.95
2013-09-17 14:00:00,478.97,479.04,477.73,477.73
2013-09-18 09:00:00,478.65,479.43,477.2,477.22
2013-09-18 10:00:00,477.13,479.25,477.13,478.12
2013-09-18 11:00:00,478.16,478.19,476.44,476.88
2013-09-18 13:00:00,476.92,477.01,473.69,474.17
2013-09-18 14:00:00,474.16,475.01,473.52,474.26
2013-09-19 09:00:00,477.99,478.96,476.44,476.44
2013-09-19 10:00:00,476.49,477.77,475.69,477.65
2013-09-19 11:00:00,477.68,477.74,477.14,477.63
2013-09-19 13:00:00,477.29,478.99,477.24,477.62
2013-09-19 14:00:00,476.88,477.13,476.09,476.09
2013-09-20 09:00:00,476.12,477.0,475.93,475.93
2013-09-20 10:00:00,475.98,475.98,474.7,475.19
2013-09-20 11:00:00,475.17,476.43,475.16,476.1
2013-09-20 13:00:00,475.73,476.71,475.26,475.9
2013-09-20 14:00:00,475.93,477.19,475.68,477.19
2013-09-23 09:00:00,476.79,477.59,475.42,477.42
2013-09-23 10:00:00,477.4,477.4,475.09,475.23
2013-09-23 11:00:00,475.31,476.31,475.06,475.79
2013-09-23 13:00:00,475.72,478.11,475.63,477.86
2013-09-23 14:00:00,477.87,479.09,477.87,479.09
2013-09-24 09:00:00,478.88,483.38,478.85,482.52
2013-09-24 10:00:00,482.35,482.35,480.72,481.77
2013-09-24 11:00:00,481.74,483.78,481.74,483.78
2013-09-24 13:00:00,483.17,483.71,482.17,482.43
2013-09-24 14:00:00,482.4,483.21,481.91,482.82
2013-09-25 09:00:00,482.41,485.31,482.41,484.11
2013-09-25 10:00:00,484.0,485.35,483.33,484.09
2013-09-25 11:00:00,484.06,485.24,483.97,485.24
2013-09-25 13:00:00,484.73,488.98,484.65,486.2
2013-09-25 14:00:00,486.02,486.73,485.98,486.22
2013-09-26 09:00:00,486.28,486.96,483.81,486.91
2013-09-26 10:00:00,486.43,487.88,485.81,486.52
2013-09-26 11:00:00,486.6,486.62,483.44,483.5
2013-09-26 13:00:00,482.78,485.79,482.61,485.6
2013-09-26 14:00:00,485.83,486.89,485.11,485.11
2013-09-27 09:00:00,484.68,486.63,484.46,485.85
2013-09-27 10:00:00,487.04,487.82,485.24,486.08
2013-09-27 11:00:00,486.13,487.0,486.12,486.68
2013-09-27 13:00:00,486.25,486.9,483.92,483.98
2013-09-27 14:00:00,484.36,486.61,483.85,486.61
2013-09-30 09:00:00,487.12,488.27,486.7,488.08
2013-09-30 10:00:00,488.13,491.02,487.85,488.52
2013-09-30 11:00:00,488.5,489.38,488.05,489.37
2013-09-30 13:00:00,489.13,490.75,489.13,490.7
2013-09-30 14:00:00,490.72,492.65,490.68,492.63
2013-10-01 09:00:00,491.92,495.77,491.73,494.69
2013-10-01 10:00:00,494.63,495.62,493.56,495.06
2013-10-01 11:00:00,495.52,496.59,495.52,496.03
2013-10-01 13:00:00,495.06,495.06,491.34,492.72
2013-10-01 14:00:00,492.64,494.28,492.24,492.24
2013-10-02 09:00:00,492.58,495.25,492.58,494.06
2013-10-02 10:00:00,494.08,495.46,492.88,495.18
2013-10-02 11:00:00,495.23,495.64,494.95,495.37
2013-10-02 13:00:00,495.51,496.86,494.32,495.59
2013-10-02 14:00:00,495.95,496.37,494.39,494.39
2013-10-03 09:00:00,495.0,495.0,492.95,493.38
2013-10-03 10:00:00,493.37,494.0,492.39,492.39
2013-10-03 11:00:00,492.17,493.99,491.62,493.99
2013-10-03 13:00:00,493.95,494.33,491.59,491.91
2013-10-03 14:00:00,491.8,493.77,491.61,492.3
2013-10-04 09:00:00,492.17,495.68,490.43,494.66
2013-10-04 10:00:00,494.5,496.08,494.06,494.63
2013-10-04 11:00:00,494.64,494.75,493.98,494.64
2013-10-04 13:00:00,494.38,497.73,494.38,497.2
2013-10-04 14:00:00,497.22,497.65,496.01,497.5
2013-10-07 09:00:00,497.45,499.89,497.45,498.48
2013-10-07 10:00:00,498.44,499.23,496.92,498.65
2013-10-07 11:00:00,498.68,500.21,498.68,499.13
2013-10-07 13:00:00,499.19,501.59,499.18,501.59
2013-10-07 14:00:00,502.16,502.16,500.47,500.47
2013-10-08 09:00:00,500.53,501.25,499.36,501.24
2013-10-08 10:00:00,501.46,501.83,497.58,497.72
2013-10-08 11:00:00,499.07,500.66,498.07,499.75
2013-10-08 13:00:00,499.69,502.47,499.22,502.18
2013-10-08 14:00:00,501.62,502.64,501.03,502.22
2013-10-09 09:00:00,501.28,502.21,499.68,502.21
2013-10-09 10:00:00,502.22,502.52,500.68,501.36
2013-10-09 11:00:00,501.35,501.35,499.53,500.09
2013-10-09 13:00:00,500.2,502.41,498.98,501.79
2013-10-09 14:00:00,501.74,501.74,500.66,500.67
2013-10-10 09:00:00,500.34,501.38,500.34,501.35
2013-10-10 10:00:00,501.34,501.64,499.26,499.45
2013-10-10 11:00:00,499.13,499.27,497.88,499.27
2013-10-10 13:00:00,498.97,499.09,495.43,496.59
2013-10-10 14:00:00,496.82,497.81,494.81,494.81
2013-10-11 09:00:00,496.71,498.05,495.64,496.29
2013-10-11 10:00:00,496.31,498.22,496.13,497.48
2013-10-11 11:00:00,497.51,498.58,497.51,498.48
2013-10-11 13:00:00,498.15,498.32,497.15,497.88
2013-10-11 14:00:00,497.75,497.93,494.53,494.53
2013-10-14 09:00:00,494.31,494.89,493.33,494.42
2013-10-14 10:00:00,494.5,495.53,493.93,495.53
2013-10-14 11:00:00,495.57,495.67,494.57,495.03
2013-10-14 13:00:00,494.62,494.88,492.81,493.66
2013-10-14 14:00:00,493.68,494.64,493.46,493.62
2013-10-15 09:00:00,493.03,495.39,493.03,494.67
2013-10-15 10:00:00,495.19,495.59,493.17,493.17
2013-10-15 11:00:00,493.14,493.98,492.37,493.98
2013-10-15 13:00:00,493.87,495.27,493.87,494.84
2013-10-15 14:00:00,494.73,495.72,493.89,495.72
2013-10-16 09:00:00,495.59,496.72,495.02,496.45
2013-10-16 10:00:00,495.91,497.09,495.59,497.09
2013-10-16 11:00:00,497.11,499.77,496.88,499.67
2013-10-16 13:00:00,499.47,500.6,498.56,500.0
2013-10-16 14:00:00,499.69,500.45,498.96,498.96
2013-10-17 09:00:00,501.88,502.64,500.5,501.16
2013-10-17 10:00:00,501.19,501.68,500.56,501.1
2013-10-17 11:00:00,500.91,501.19,500.1,500.6
2013-10-17 13:00:00,500.09,500.39,498.83,499.7
2013-10-17 14:00:00,499.83,500.69,499.14,499.59
2013-10-18 09:00:00,499.89,499.89,497.91,499.8
2013-10-18 10:00:00,499.88,500.49,498.86,500.17
2013-10-18 11:00:00,500.32,501.39,500.07,500.82
2013-10-18 13:00:00,500.23,500.79,499.55,500.52
2013-10-18 14:00:00,500.5,501.08,499.52,500.83
2013-10-21 09:00:00,501.8,501.89,500.25,501.39
2013-10-21 10:00:00,501.25,502.69,501.25,502.58
2013-10-21 11:00:00,502.73,503.03,501.85,502.77
2013-10-21 13:00:00,502.98,503.72,501.66,503.51
2013-10-21 14:00:00,503.48,503.48,500.94,501.57
2013-10-22 09:00:00,500.94,502.95,500.8,501.77
2013-10-22 10:00:00,501.76,501.76,500.13,500.24
2013-10-22 11:00:00,500.26,500.35,499.32,499.65
2013-10-22 13:00:00,499.56,501.35,498.74,500.87
2013-10-22 14:00:00,501.53,502.0,500.32,500.57
2013-10-23 09:00:00,501.41,503.69,501.41,502.17
2013-10-23 10:00:00,502.16,504.81,502.09,504.07
2013-10-23 11:00:00,504.08,504.81,502.9,503.65
2013-10-23 13:00:00,503.61,504.4,502.89,503.9
2013-10-23 14:00:00,502.86,504.63,502.86,504.05
2013-10-24 09:00:00,503.47,504.26,502.45,503.28
2013-10-24 10:00:00,503.93,505.74,503.34,504.92
2013-10-24 11:00:00,504.38,505.44,504.28,504.77
2013-10-24 13:00:00,503.68,505.01,500.64,502.08
2013-10-24 14:00:00,502.59,502.59,501.17,501.17
2013-10-25 09:00:00,502.8,502.92,499.81,501.35
2013-10-25 10:00:00,501.42,502.67,500.56,502.1
2013-10-25 11:00:00,502.86,503.17,501.85,502.38
2013-10-25 13:00:00,502.33,502.45,500.12,500.49
2013-10-25 14:00:00,500.55,502.1,499.53,500.75
2013-10-28 09:00:00,501.27,501.55,499.68,501.01
2013-10-28 10:00:00,501.08,501.86,500.29,500.51
2013-10-28 11:00:00,500.49,501.19,499.9,500.76
2013-10-28 13:00:00,500.24,500.6,498.66,499.82
2013-10-28 14:00:00,499.76,499.76,496.46,496.46
2013-10-29 09:00:00,494.66,497.0,494.66,495.77
2013-10-29 10:00:00,495.68,495.75,494.83,495.35
2013-10-29 11:00:00,495.31,495.88,494.74,495.69
2013-10-29 13:00:00,495.5,495.64,494.1,494.39
2013-10-29 14:00:00,494.01,497.74,494.01,497.08
2013-10-30 09:00:00,498.0,499.89,497.95,498.47
2013-10-30 10:00:00,498.42,500.68,498.42,499.93
2013-10-30 11:00:00,500.54,500.97,499.05,499.19
2013-10-30 13:00:00,499.04,500.24,498.81,499.11
2013-10-30 14:00:00,499.19,500.22,498.82,499.07
2013-10-31 09:00:00,500.04,500.59,497.86,498.46
2013-10-31 10:00:00,498.73,499.33,497.8,498.84
2013-10-31 11:00:00,498.88,499.15,498.12,498.82
2013-10-31 13:00:00,498.12,499.17,497.52,499.05
2013-10-31 14:00:00,499.06,499.06,497.41,497.41
2013-11-01 09:00:00,499.21,499.27,496.93,497.25
2013-11-01 10:00:00,497.73,498.99,497.28,498.72
2013-11-01 11:00:00,498.8,498.89,497.58,498.2
2013-11-01 13:00:00,497.65,498.77,496.95,497.2
2013-11-01 14:00:00,497.83,498.7,497.08,497.08
2013-11-04 09:00:00,497.25,498.19,496.4,496.98
2013-11-04 10:00:00,497.18,498.13,495.68,498.13
2013-11-04 11:00:00,498.02,498.49,497.31,497.63
2013-11-04 13:00:00,497.14,497.92,496.3,497.4
2013-11-04 14:00:00,497.38,497.97,496.18,497.07
2013-11-05 09:00:00,497.38,498.21,495.91,496.46
2013-11-05 10:00:00,496.24,498.86,495.84,498.22
2013-11-05 11:00:00,498.25,498.33,497.48,498.27
2013-11-05 13:00:00,498.17,499.13,497.01,499.13
2013-11-05 14:00:00,499.16,500.28,498.78,499.79
2013-11-06 09:00:00,500.83,501.49,499.61,499.66
2013-11-06 10:00:00,499.72,501.18,499.58,500.51
2013-11-06 11:00:00,500.49,501.24,500.08,500.17
2013-11-06 13:00:00,499.71,501.79,499.6,500.72
2013-11-06 14:00:00,501.21,502.52,500.51,502.52
2013-11-07 09:00:00,501.4,502.25,500.53,501.52
2013-11-07 10:00:00,501.49,501.9,500.05,500.15
2013-11-07 11:00:00,500.37,502.47,499.29,502.07
2013-11-07 13:00:00,502.49,503.3,501.47,501.71
2013-11-07 14:00:00,501.72,501.89,499.32,499.86
2013-11-08 09:00:00,498.8,500.47,498.51,499.56
2013-11-08 10:00:00,499.87,500.21,498.67,499.91
2013-11-08 11:00:00,499.3,499.3,498.33,498.85
2013-11-08 13:00:00,498.98,499.62,498.54,499.0
2013-11-08 14:00:00,498.95,499.52,498.61,498.61
2013-11-11 09:00:00,498.03,501.03,498.03,499.91
2013-11-11 10:00:00,500.43,500.53,497.41,498.8
2013-11-11 11:00:00,498.79,500.36,497.43,500.34
2013-11-11 13:00:00,500.04,500.44,498.95,500.35
2013-11-11 14:00:00,500.29,501.08,499.76,501.08
2013-11-12 09:00:00,500.81,501.36,499.17,499.87
2013-11-12 10:00:00,499.94,501.18,499.11,499.67
2013-11-12 11:00:00,498.79,500.14,498.71,499.33
2013-11-12 13:00:00,499.24,500.23,496.79,498.24
2013-11-12 14:00:00,498.26,498.74,497.54,497.65
2013-11-13 09:00:00,496.9,497.94,496.41,496.63
2013-11-13 10:00:00,497.21,498.62,496.68,497.59
2013-11-13 11:00:00,497.96,498.06,496.99,497.49
2013-11-13 13:00:00,496.81,497.7,496.16,496.67
2013-11-13 14:00:00,496.66,496.89,495.68,496.12
2013-11-14 09:00:00,496.67,498.5,496.57,496.57
2013-11-14 10:00:00,496.27,498.35,496.12,498.29
2013-11-14 11:00:00,498.38,498.82,497.86,498.68
2013-11-14 13:00:00,498.73,498.73,496.5,498.21
2013-11-14 14:00:00,497.96,498.55,497.35,497.85
2013-11-15 09:00:00,497.88,502.12,497.72,500.79
2013-11-15 10:00:00,500.08,500.47,499.34,499.56
2013-11-15 11:00:00,499.54,500.5,499.48,500.24
2013-11-15 13:00:00,500.17,500.55,499.33,500.54
2013-11-15 14:00:00,500.52,501.42,500.1,501.34
2013-11-18 09:00:00,503.33,505.88,503.33,504.39
2013-11-18 10:00:00,503.81,506.58,503.81,505.47
2013-11-18 11:00:00,505.4,506.87,505.22,506.81
2013-11-18 13:00:00,506.89,507.41,505.79,506.71
2013-11-18 14:00:00,507.22,507.22,506.17,506.48
2013-11-19 09:00:00,505.45,507.63,504.95,505.65
2013-11-19 10:00:00,505.62,507.41,505.31,507.35
2013-11-19 11:00:00,507.39,507.43,506.18,506.86
2013-11-19 13:00:00,505.6,506.75,505.56,506.6
2013-11-19 14:00:00,506.52,506.52,504.71,504.71
2013-11-20 09:00:00,504.68,505.59,504.41,504.59
2013-11-20 10:00:00,504.45,505.62,503.81,505.09
2013-11-20 11:00:00,505.15,505.43,504.08,504.64
2013-11-20 13:00:00,504.1,505.03,502.98,503.55
2013-11-20 14:00:00,503.11,505.75,503.11,505.52
2013-11-21 09:00:00,507.0,508.01,505.84,506.45
2013-11-21 10:00:00,506.42,507.97,505.89,506.64
2013-11-21 11:00:00,506.6,508.67,506.6,508.67
2013-11-21 13:00:00,508.4,510.21,507.73,507.79
2013-11-21 14:00:00,507.74,507.74,503.54,503.54
2013-11-22 09:00:00,504.52,505.28,502.83,504.31
2013-11-22 10:00:00,504.38,505.44,503.92,505.44
2013-11-22 11:00:00,505.67,506.46,505.01,505.86
2013-11-22 13:00:00,505.75,506.12,504.75,505.83
2013-11-22 14:00:00,505.18,505.78,504.22,505.64
2013-11-25 09:00:00,506.94,508.0,506.08,506.88
2013-11-25 10:00:00,506.79,508.31,506.79,507.72
2013-11-25 11:00:00,507.74,509.72,507.43,509.51
2013-11-25 13:00:00,509.04,509.25,506.45,506.94
2013-11-25 14:00:00,507.41,507.6,506.46,506.46
2013-11-26 09:00:00,506.98,507.08,504.65,506.84
2013-11-26 10:00:00,506.97,507.72,505.58,507.47
2013-11-26 11:00:00,507.8,509.45,507.8,508.96
2013-11-26 13:00:00,509.5,510.75,508.57,508.85
2013-11-26 14:00:00,508.64,509.16,507.86,509.16
2013-11-27 09:00:00,510.96,513.25,510.96,511.42
2013-11-27 10:00:00,511.33,511.77,510.07,510.71
2013-11-27 11:00:00,510.74,512.02,510.74,511.5
2013-11-27 13:00:00,511.46,511.89,509.96,509.96
2013-11-27 14:00:00,510.04,510.38,507.66,508.43
2013-11-28 09:00:00,508.53,509.11,507.38,507.57
2013-11-28 10:00:00,507.66,509.15,507.58,508.67
2013-11-28 11:00:00,508.69,508.92,507.74,507.82
2013-11-28 13:00:00,507.05,508.7,506.99,508.53
2013-11-28 14:00:00,508.48,508.87,507.71,507.71
2013-11-29 09:00:00,507.42,508.54,506.78,506.94
2013-11-29 10:00:00,507.16,508.13,507.08,508.13
2013-11-29 11:00:00,508.16,508.55,507.28,508.54
2013-11-29 13:00:00,508.7,508.7,506.05,508.42
2013-11-29 14:00:00,508.54,508.78,507.78,507.78
2013-12-02 09:00:00,509.13,509.39,507.51,507.81
2013-12-02 10:00:00,507.78,509.07,507.33,508.71
2013-12-02 11:00:00,508.62,509.02,507.91,508.25
2013-12-02 13:00:00,508.16,509.02,507.1,508.17
2013-12-02 14:00:00,508.15,509.48,507.45,508.53
2013-12-03 09:00:00,508.13,510.35,508.13,508.82
2013-12-03 10:00:00,508.91,510.73,508.46,510.15
2013-12-03 11:00:00,510.07,512.49,510.02,512.34
2013-12-03 13:00:00,511.82,514.83,511.68,512.33
2013-12-03 14:00:00,512.15,512.24,511.41,511.62
2013-12-04 09:00:00,512.01,512.4,510.94,511.58
2013-12-04 10:00:00,511.62,512.29,510.66,511.39
2013-12-04 11:00:00,511.44,512.66,511.44,512.29
2013-12-04 13:00:00,512.38,513.4,511.64,512.39
2013-12-04 14:00:00,512.42,512.52,510.88,510.88
2013-12-05 09:00:00,510.39,511.5,510.26,511.08
2013-12-05 10:00:00,510.94,512.21,510.06,510.41
2013-12-05 11:00:00,510.87,511.48,510.13,510.54
2013-12-05 13:00:00,510.29,511.28,507.52,509.84
2013-12-05 14:00:00,509.97,510.87,509.14,510.03
2013-12-06 09:00:00,510.03,511.33,509.88,510.58
2013-12-06 10:00:00,510.64,511.75,509.76,511.4
2013-12-06 11:00:00,511.46,512.32,511.27,511.27
2013-12-06 13:00:00,511.22,512.37,509.81,510.74
2013-12-06 14:00:00,510.96,511.62,510.12,510.12
2013-12-09 09:00:00,514.13,514.13,512.59,513.11
2013-12-09 10:00:00,513.01,513.53,512.1,512.1
2013-12-09 11:00:00,512.09,512.74,511.85,512.4
2013-12-09 13:00:00,512.31,512.59,510.94,511.78
2013-12-09 14:00:00,512.29,512.66,511.2,511.23
2013-12-10 09:00:00,512.1,513.83,511.42,512.65
2013-12-10 10:00:00,512.19,512.36,510.67,511.61
2013-12-10 11:00:00,511.54,512.39,511.49,512.1
2013-12-10 13:00:00,511.99,512.54,511.18,511.89
2013-12-10 14:00:00,511.97,512.12,510.24,511.6
2013-12-11 09:00:00,511.74,511.81,510.16,510.56
2013-12-11 10:00:00,510.44,510.44,508.56,509.45
2013-12-11 11:00:00,509.78,509.78,507.24,507.24
2013-12-11 13:00:00,507.33,507.33,504.9,506.49
2013-12-11 14:00:00,506.45,507.07,504.96,505.31
2013-12-12 09:00:00,503.77,505.94,503.77,505.89
2013-12-12 10:00:00,505.6,505.6,503.76,504.26
2013-12-12 11:00:00,504.27,505.66,503.84,505.66
2013-12-12 13:00:00,505.64,507.68,505.15,506.49
2013-12-12 14:00:00,506.07,507.19,506.07,506.92
2013-12-13 09:00:00,507.07,508.65,506.8,507.12
2013-12-13 10:00:00,507.31,507.54,505.49,507.54
2013-12-13 11:00:00,507.23,507.86,506.56,507.59
2013-12-13 13:00:00,507.94,509.35,506.37,506.37
2013-12-13 14:00:00,506.02,507.52,506.02,506.06
2013-12-16 09:00:00,503.46,505.93,503.46,504.84
2013-12-16 10:00:00,505.12,506.52,504.48,505.76
2013-12-16 11:00:00,505.78,505.78,504.87,505.51
2013-12-16 13:00:00,504.81,505.48,503.94,504.35
2013-12-16 14:00:00,504.41,504.88,502.04,502.04
2013-12-17 09:00:00,503.24,505.3,503.0,504.79
2013-12-17 10:00:00,504.22,505.13,503.11,503.78
2013-12-17 11:00:00,503.2,504.73,503.2,504.21
2013-12-17 13:00:00,503.95,504.11,502.2,504.11
2013-12-17 14:00:00,503.51,505.67,503.49,505.67
2013-12-18 09:00:00,505.1,505.7,504.19,505.56
2013-12-18 10:00:00,505.47,506.11,504.37,505.07
2013-12-18 11:00:00,505.05,505.37,504.35,505.32
2013-12-18 13:00:00,504.79,505.33,503.66,505.12
2013-12-18 14:00:00,505.11,505.91,504.78,505.25
2013-12-19 09:00:00,505.9,507.43,504.92,507.43
2013-12-19 10:00:00,507.39,507.8,506.29,507.42
2013-12-19 11:00:00,507.41,507.46,506.85,507.06
2013-12-19 13:00:00,506.14,508.04,506.12,507.38
2013-12-19 14:00:00,507.32,507.32,506.16,506.28
2013-12-20 09:00:00,507.39,507.68,505.67,506.01
2013-12-20 10:00:00,505.99,506.91,504.77,506.32
2013-12-20 11:00:00,506.7,507.83,506.7,507.63
2013-12-20 13:00:00,506.31,508.29,506.31,506.89
2013-12-20 14:00:00,507.25,507.58,506.71,507.52
2013-12-23 09:00:00,506.6,506.8,505.73,506.78
2013-12-23 10:00:00,506.75,507.4,505.86,506.77
2013-12-23 11:00:00,507.16,508.06,506.52,507.86
2013-12-23 13:00:00,508.01,509.04,507.41,509.04
2013-12-23 14:00:00,508.8,509.41,508.15,508.68
2013-12-24 09:00:00,508.61,509.54,506.26,506.26
2013-12-24 10:00:00,507.3,507.67,505.9,507.66
2013-12-24 11:00:00,507.83,507.89,506.78,507.49
2013-12-24 13:00:00,505.97,507.9,505.97,506.7
2013-12-24 14:00:00,506.6,507.37,505.62,505.62
2013-12-25 09:00:00,506.37,506.4,504.48,504.92
2013-12-25 10:00:00,504.99,505.02,503.03,504.65
2013-12-25 11:00:00,504.91,506.53,504.48,506.45
2013-12-25 13:00:00,505.43,505.6,503.76,504.49
2013-12-25 14:00:00,504.47,505.58,504.15,504.42
2013-12-26 09:00:00,504.41,505.24,503.59,504.24
2013-12-26 10:00:00,504.38,506.66,503.75,506.41
2013-12-26 11:00:00,506.42,506.95,505.32,506.36
2013-12-26 13:00:00,506.84,507.57,505.81,506.09
2013-12-26 14:00:00,506.07,507.02,505.82,506.55
2013-12-27 09:00:00,507.08,509.88,507.08,509.35
2013-12-27 10:00:00,509.36,510.09,508.2,509.72
2013-12-27 11:00:00,509.67,509.91,508.57,509.4
2013-12-27 13:00:00,509.21,509.21,507.33,507.33
2013-12-27 14:00:00,507.9,508.66,506.41,506.41
2013-12-30 09:00:00,506.35,506.79,504.46,505.65
2013-12-30 10:00:00,505.51,505.8,504.63,505.41
2013-12-30 11:00:00,505.48,507.02,505.48,506.07
2013-12-30 13:00:00,505.51,505.7,502.88,502.88
2013-12-30 14:00:00,503.54,503.61,500.35,500.35
2013-12-31 09:00:00,500.04,502.38,499.49,501.9
2013-12-31 10:00:00,501.96,502.84,499.92,502.45
2013-12-31 11:00:00,502.51,503.33,501.08,502.23
2013-12-31 13:00:00,502.47,504.91,502.47,504.81
2013-12-31 14:00:00,505.41,506.44,503.33,504.63
2014-01-02 09:00:00,505.61,506.71,505.4,506.04
2014-01-02 10:00:00,506.08,506.34,505.46,505.48
2014-01-02 11:00:00,505.41,506.13,505.35,506.13
2014-01-02 13:00:00,505.98,505.98,503.93,503.93
2014-01-02 14:00:00,504.1,504.78,503.04,504.51
2014-01-03 09:00:00,504.41,505.24,503.94,505.13
2014-01-03 10:00:00,505.28,506.19,504.74,506.03
2014-01-03 11:00:00,505.96,506.28,505.39,506.11
2014-01-03 13:00:00,506.03,506.07,504.64,504.85
2014-01-03 14:00:00,504.88,505.98,504.31,505.37
2014-01-06 09:00:00,505.74,507.27,505.67,506.47
2014-01-06 10:00:00,506.45,506.81,504.28,506.24
2014-01-06 11:00:00,506.15,507.19,505.14,506.48
2014-01-06 13:00:00,506.59,508.44,506.21,508.33
2014-01-06 14:00:00,508.32,509.1,507.79,509.1
2014-01-07 09:00:00,510.84,511.77,509.87,510.4
2014-01-07 10:00:00,510.39,512.68,510.07,512.68
2014-01-07 11:00:00,512.78,513.0,511.61,512.17
2014-01-07 13:00:00,512.25,512.53,510.49,511.0
2014-01-07 14:00:00,510.97,510.98,509.99,510.12
2014-01-08 09:00:00,511.03,511.03,509.01,509.97
2014-01-08 10:00:00,509.93,511.87,509.88,511.77
2014-01-08 11:00:00,511.81,512.61,511.68,512.02
2014-01-08 13:00:00,511.89,513.91,511.17,513.91
2014-01-08 14:00:00,513.96,514.2,513.01,513.9
2014-01-09 09:00:00,513.66,514.5,513.52,513.57
2014-01-09 10:00:00,513.6,515.44,513.56,515.44
2014-01-09 11:00:00,515.43,515.73,513.83,515.66
2014-01-09 13:00:00,515.01,515.96,513.96,514.72
2014-01-09 14:00:00,514.59,516.98,514.59,516.98
2014-01-10 09:00:00,518.33,520.09,518.24,519.04
2014-01-10 10:00:00,519.18,521.43,519.05,521.43
2014-01-10 11:00:00,521.52,523.06,521.22,523.06
2014-01-10 13:00:00,522.38,522.95,520.83,521.49
2014-01-10 14:00:00,521.34,521.67,518.94,518.94
2014-01-13 09:00:00,519.31,520.22,518.78,518.78
2014-01-13 10:00:00,519.52,520.71,519.02,520.26
2014-01-13 11:00:00,520.29,521.52,520.09,520.58
2014-01-13 13:00:00,521.11,522.32,521.11,521.17
2014-01-13 14:00:00,520.9,521.11,520.12,521.11
2014-01-14 09:00:00,521.13,523.12,520.63,523.02
2014-01-14 10:00:00,522.93,523.45,522.0,523.45
2014-01-14 11:00:00,523.44,523.44,522.4,522.92
2014-01-14 13:00:00,523.54,524.59,522.98,523.97
2014-01-14 14:00:00,524.43,524.43,522.31,522.31
2014-01-15 09:00:00,523.72,524.67,523.36,523.38
2014-01-15 10:00:00,523.29,525.82,522.45,525.58
2014-01-15 11:00:00,525.65,526.12,525.03,525.66
2014-01-15 13:00:00,525.72,527.09,522.94,522.99
2014-01-15 14:00:00,523.64,526.68,523.64,526.68
2014-01-16 09:00:00,528.83,532.87,527.9,531.01
2014-01-16 10:00:00,530.89,531.99,529.39,531.52
2014-01-16 11:00:00,531.73,531.73,530.33,530.58
2014-01-16 13:00:00,530.1,532.06,529.7,531.94
2014-01-16 14:00:00,532.05,533.54,531.45,533.54
2014-01-17 09:00:00,536.81,543.77,536.81,543.47
2014-01-17 10:00:00,543.53,546.63,540.25,543.09
2014-01-17 11:00:00,542.96,544.91,542.96,544.62
2014-01-17 13:00:00,545.48,549.79,544.54,549.79
2014-01-17 14:00:00,549.74,549.88,543.59,543.59
2014-01-20 09:00:00,548.22,558.01,548.22,557.27
2014-01-20 10:00:00,557.22,559.93,555.35,556.97
2014-01-20 11:00:00,556.95,556.95,554.09,554.44
2014-01-20 13:00:00,554.66,556.34,554.06,554.91
2014-01-20 14:00:00,554.48,554.64,553.02,553.67
2014-01-21 09:00:00,555.72,555.83,547.65,550.1
2014-01-21 10:00:00,550.19,551.25,549.04,549.88
2014-01-21 11:00:00,549.63,550.73,549.63,550.68
2014-01-21 13:00:00,550.81,555.38,550.81,555.24
2014-01-21 14:00:00,556.44,560.18,555.65,559.91
2014-01-22 09:00:00,561.34,564.61,557.85,564.61
2014-01-22 10:00:00,563.53,563.93,553.86,557.51
2014-01-22 11:00:00,557.16,559.24,556.06,558.83
2014-01-22 13:00:00,558.11,558.83,554.17,554.78
2014-01-22 14:00:00,554.36,556.49,551.92,551.92
2014-01-23 09:00:00,550.88,553.66,550.52,551.1
2014-01-23 10:00:00,551.57,554.33,551.5,552.82
2014-01-23 11:00:00,552.46,554.2,552.23,554.02
2014-01-23 13:00:00,553.62,556.5,553.62,555.42
2014-01-23 14:00:00,555.62,555.81,553.33,553.55
2014-01-24 09:00:00,555.66,556.09,553.54,553.54
2014-01-24 10:00:00,553.46,558.01,553.46,558.01
2014-01-24 11:00:00,557.98,558.45,557.33,557.84
2014-01-24 13:00:00,558.36,558.77,556.42,557.2
2014-01-24 14:00:00,557.25,560.19,556.98,560.19
2014-01-27 09:00:00,560.45,560.49,556.6,557.18
2014-01-27 10:00:00,557.21,558.68,556.96,557.26
2014-01-27 11:00:00,557.07,557.88,556.75,557.14
2014-01-27 13:00:00,556.43,557.92,556.35,557.37
2014-01-27 14:00:00,557.39,557.62,556.4,556.52
2014-02-06 09:00:00,555.51,556.76,554.74,554.74
2014-02-06 10:00:00,554.27,554.46,551.45,553.51
2014-02-06 11:00:00,553.22,555.67,552.68,555.67
2014-02-06 13:00:00,555.54,557.29,555.12,556.02
2014-02-06 14:00:00,556.26,557.13,554.68,554.68
2014-02-07 09:00:00,557.71,558.51,554.66,554.66
2014-02-07 10:00:00,554.76,554.76,552.54,552.6
2014-02-07 11:00:00,552.68,553.07,551.93,552.53
2014-02-07 13:00:00,552.3,552.38,549.48,550.08
2014-02-07 14:00:00,550.26,550.65,549.37,549.76
2014-02-10 09:00:00,550.41,551.03,548.56,549.37
2014-02-10 10:00:00,549.28,553.49,548.8,552.81
2014-02-10 11:00:00,552.76,552.87,551.88,552.64
2014-02-10 13:00:00,552.54,555.65,551.93,555.65
2014-02-10 14:00:00,555.7,555.7,554.41,554.58
2014-02-11 09:00:00,559.74,560.82,557.14,558.01
2014-02-11 10:00:00,558.1,561.77,557.82,561.64
2014-02-11 11:00:00,561.69,561.69,560.16,560.48
2014-02-11 13:00:00,560.78,561.83,560.36,561.45
2014-02-11 14:00:00,561.39,561.6,553.9,553.9
2014-02-12 09:00:00,555.55,557.97,554.26,555.41
2014-02-12 10:00:00,555.67,559.49,555.6,558.22
2014-02-12 11:00:00,558.19,559.08,557.63,558.93
2014-02-12 13:00:00,558.44,562.75,558.44,562.53
2014-02-12 14:00:00,562.52,564.25,561.65,564.25
2014-02-13 09:00:00,567.58,570.68,565.27,566.25
2014-02-13 10:00:00,566.85,569.42,565.94,568.82
2014-02-13 11:00:00,568.43,569.27,567.68,567.68
2014-02-13 13:00:00,567.17,569.46,566.5,569.46
2014-02-13 14:00:00,568.94,570.18,567.71,570.18
2014-02-14 09:00:00,573.09,576.18,573.09,575.66
2014-02-14 10:00:00,575.64,575.64,572.72,572.72
2014-02-14 11:00:00,572.79,572.89,569.38,569.38
2014-02-14 13:00:00,570.01,573.53,569.41,573.16
2014-02-14 14:00:00,573.07,573.65,571.64,572.22
2014-02-17 09:00:00,571.91,571.91,567.89,570.71
2014-02-17 10:00:00,571.23,571.57,569.49,571.54
2014-02-17 11:00:00,572.13,572.8,571.09,572.35
2014-02-17 13:00:00,571.76,572.85,569.38,569.77
2014-02-17 14:00:00,570.22,571.45,570.18,570.2
2014-02-18 09:00:00,570.8,573.71,570.37,573.54
2014-02-18 10:00:00,573.8,573.95,570.16,571.56
2014-02-18 11:00:00,572.27,572.27,570.69,571.07
2014-02-18 13:00:00,571.06,573.22,570.77,572.79
2014-02-18 14:00:00,572.92,574.56,572.88,574.56
2014-02-19 09:00:00,578.53,578.8,575.79,576.58
2014-02-19 10:00:00,576.11,576.85,573.86,575.76
2014-02-19 11:00:00,575.85,576.54,575.26,575.42
2014-02-19 13:00:00,575.65,577.45,575.42,576.79
2014-02-19 14:00:00,576.9,578.12,576.88,578.12
2014-02-20 09:00:00,579.64,584.1,579.51,583.4
2014-02-20 10:00:00,583.34,583.34,577.24,580.16
2014-02-20 11:00:00,579.77,580.41,577.23,577.45
2014-02-20 13:00:00,576.72,576.72,566.16,566.16
2014-02-20 14:00:00,566.08,571.87,565.31,571.04
2014-02-21 09:00:00,570.95,571.03,565.33,569.06
2014-02-21 10:00:00,569.42,571.3,567.9,568.57
2014-02-21 11:00:00,568.41,572.38,568.41,571.74
2014-02-21 13:00:00,571.77,574.61,569.72,571.17
2014-02-21 14:00:00,571.07,571.2,570.47,570.57
2014-02-24 09:00:00,571.94,573.27,571.75,571.79
2014-02-24 10:00:00,571.75,573.2,570.07,572.52
2014-02-24 11:00:00,573.32,573.46,572.63,573.26
2014-02-24 13:00:00,573.15,575.62,571.95,575.26
2014-02-24 14:00:00,575.36,576.58,574.96,576.58
2014-02-25 09:00:00,575.49,580.41,575.49,579.18
2014-02-25 10:00:00,579.21,584.6,579.06,582.82
2014-02-25 11:00:00,582.52,582.52,579.51,581.51
2014-02-25 13:00:00,581.87,583.49,581.42,583.27
2014-02-25 14:00:00,583.59,586.2,583.11,586.2
2014-02-26 09:00:00,590.64,590.79,586.05,586.42
2014-02-26 10:00:00,586.45,589.41,586.45,587.55
2014-02-26 11:00:00,587.73,588.58,585.5,585.5
2014-02-26 13:00:00,584.72,586.69,582.96,586.33
2014-02-26 14:00:00,586.37,589.81,586.28,589.81
2014-02-27 09:00:00,587.82,591.34,587.82,588.94
2014-02-27 10:00:00,588.46,592.12,588.46,592.12
2014-02-27 11:00:00,591.48,594.42,591.48,594.42
2014-02-27 13:00:00,593.48,596.4,589.22,590.85
2014-02-27 14:00:00,590.7,590.87,584.79,584.79
2014-02-28 09:00:00,586.12,586.49,581.82,585.95
2014-02-28 10:00:00,585.88,586.53,584.87,585.13
2014-02-28 11:00:00,585.03,585.03,583.49,583.51
2014-02-28 13:00:00,583.31,585.93,581.63,585.93
2014-02-28 14:00:00,585.91,591.36,585.6,586.48
2014-03-03 09:00:00,586.65,587.11,583.22,584.79
2014-03-03 10:00:00,585.4,586.39,584.79,585.0
2014-03-03 11:00:00,585.13,585.13,580.8,581.82
2014-03-03 13:00:00,581.44,582.65,575.19,578.53
2014-03-03 14:00:00,578.98,578.98,573.37,573.38
2014-03-04 09:00:00,569.34,569.56,563.55,568.36
2014-03-04 10:00:00,568.72,570.29,567.34,568.78
2014-03-04 11:00:00,568.81,568.81,567.08,567.85
2014-03-04 13:00:00,567.68,572.28,567.32,570.88
2014-03-04 14:00:00,570.71,571.48,569.96,569.97
2014-03-05 09:00:00,569.97,577.5,569.97,574.57
2014-03-05 10:00:00,574.58,576.27,574.18,574.18
2014-03-05 11:00:00,574.71,574.74,572.8,573.17
2014-03-05 13:00:00,573.52,575.05,572.3,575.04
2014-03-05 14:00:00,575.03,575.72,574.48,574.94
2014-03-06 09:00:00,576.17,576.62,574.58,576.08
2014-03-06 10:00:00,576.31,578.23,576.31,576.43
2014-03-06 11:00:00,576.11,577.23,575.15,577.23
2014-03-06 13:00:00,576.98,580.04,576.63,578.26
2014-03-06 14:00:00,578.3,579.05,578.12,578.56
2014-03-07 09:00:00,579.4,580.87,579.25,579.74
2014-03-07 10:00:00,579.61,581.08,579.1,580.89
2014-03-07 11:00:00,580.62,582.09,580.62,581.48
2014-03-07 13:00:00,581.96,582.24,580.32,581.33
2014-03-07 14:00:00,581.26,581.59,579.75,579.75
2014-03-10 09:00:00,580.84,581.49,579.98,580.51
2014-03-10 10:00:00,580.53,583.91,580.35,582.77
2014-03-10 11:00:00,582.76,582.84,582.14,582.83
2014-03-10 13:00:00,582.3,584.06,581.89,583.35
2014-03-10 14:00:00,583.26,584.81,583.26,583.69
2014-03-11 09:00:00,585.1,586.56,585.1,585.71
2014-03-11 10:00:00,585.62,585.62,582.2,584.79
2014-03-11 11:00:00,585.27,586.49,583.61,586.49
2014-03-11 13:00:00,586.43,589.18,586.21,588.47
2014-03-11 14:00:00,588.51,589.45,587.58,588.5
2014-03-12 09:00:00,590.94,594.44,590.68,590.84
2014-03-12 10:00:00,590.87,595.29,590.83,594.31
2014-03-12 11:00:00,594.44,594.74,593.91,594.15
2014-03-12 13:00:00,594.72,596.38,593.58,594.14
2014-03-12 14:00:00,595.26,595.26,590.02,590.02
2014-03-13 09:00:00,590.83,594.57,590.83,593.7
2014-03-13 10:00:00,593.69,594.6,590.36,594.14
2014-03-13 11:00:00,593.59,593.59,591.88,593.13
2014-03-13 13:00:00,592.98,593.79,592.56,593.23
2014-03-13 14:00:00,593.03,595.22,592.67,595.22
2014-03-14 09:00:00,596.2,600.25,595.84,597.49
2014-03-14 10:00:00,597.31,599.98,596.45,598.94
2014-03-14 11:00:00,598.71,600.68,598.06,599.9
2014-03-14 13:00:00,599.25,599.77,594.51,596.95
2014-03-14 14:00:00,596.34,597.65,596.01,596.83
2014-03-17 09:00:00,603.05,603.24,598.7,598.7
2014-03-17 10:00:00,598.99,601.21,598.99,601.21
2014-03-17 11:00:00,600.53,601.67,600.08,600.39
2014-03-17 13:00:00,600.71,601.53,599.32,600.2
2014-03-17 14:00:00,599.83,601.28,599.66,600.36
2014-03-18 09:00:00,602.01,602.14,597.78,599.36
2014-03-18 10:00:00,600.1,601.26,598.99,600.99
2014-03-18 11:00:00,600.32,601.77,600.32,601.74
2014-03-18 13:00:00,601.57,603.21,601.29,602.56
2014-03-18 14:00:00,601.97,602.57,599.85,599.85
2014-03-19 09:00:00,600.73,604.87,600.42,602.65
2014-03-19 10:00:00,602.68,604.9,602.04,603.69
2014-03-19 11:00:00,603.61,603.61,603.19,603.58
2014-03-19 13:00:00,603.7,605.09,603.7,604.91
2014-03-19 14:00:00,604.47,605.91,604.37,605.59
2014-03-20 09:00:00,607.39,608.51,606.35,606.35
2014-03-20 10:00:00,605.33,606.39,602.71,604.02
2014-03-20 11:00:00,604.68,604.68,603.45,604.02
2014-03-20 13:00:00,603.3,603.47,600.11,601.23
2014-03-20 14:00:00,601.96,602.07,600.03,600.26
2014-03-21 09:00:00,600.26,604.81,600.26,604.04
2014-03-21 10:00:00,604.06,605.34,603.27,604.08
2014-03-21 11:00:00,604.1,604.82,603.29,604.09
2014-03-21 13:00:00,604.04,607.22,604.03,604.72
2014-03-21 14:00:00,604.32,604.7,601.75,601.75
2014-03-24 09:00:00,606.55,609.2,604.4,604.42
2014-03-24 10:00:00,604.18,608.08,604.18,608.08
2014-03-24 11:00:00,608.09,608.09,605.77,605.95
2014-03-24 13:00:00,607.2,608.64,605.95,607.88
2014-03-24 14:00:00,608.27,608.46,606.34,607.55
2014-03-25 09:00:00,609.01,609.01,604.38,608.42
2014-03-25 10:00:00,607.8,609.15,606.41,609.06
2014-03-25 11:00:00,609.15,609.42,607.84,609.14
2014-03-25 13:00:00,609.01,609.46,604.56,607.41
2014-03-25 14:00:00,606.8,607.61,601.85,601.85
2014-03-26 09:00:00,603.54,603.68,597.03,600.51
2014-03-26 10:00:00,600.45,602.37,597.42,602.05
2014-03-26 11:00:00,602.88,603.66,599.97,599.97
2014-03-26 13:00:00,599.67,600.2,592.2,594.38
2014-03-26 14:00:00,594.36,594.52,587.52,588.06
2014-03-27 09:00:00,588.94,589.03,583.95,586.46
2014-03-27 10:00:00,586.4,587.32,582.83,582.83
2014-03-27 11:00:00,582.81,587.16,582.81,587.16
2014-03-27 13:00:00,586.78,590.55,586.78,587.71
2014-03-27 14:00:00,587.87,591.7,587.7,590.14
2014-03-28 09:00:00,592.82,595.7,591.31,592.75
2014-03-28 10:00:00,593.11,595.35,592.75,594.05
2014-03-28 11:00:00,593.95,595.24,592.5,592.5
2014-03-28 13:00:00,592.03,592.81,590.59,592.78
2014-03-28 14:00:00,592.02,594.29,592.02,594.29
2014-03-31 09:00:00,594.29,597.22,593.58,595.08
2014-03-31 10:00:00,594.91,596.77,593.12,596.22
2014-03-31 11:00:00,596.15,596.17,595.09,595.48
2014-03-31 13:00:00,595.16,595.35,592.58,593.63
2014-03-31 14:00:00,594.14,594.96,591.57,591.57
2014-04-01 09:00:00,590.93,590.95,586.63,588.52
2014-04-01 10:00:00,588.97,590.83,588.08,589.89
2014-04-01 11:00:00,589.66,592.27,589.42,592.27
2014-04-01 13:00:00,591.89,593.03,588.97,588.97
2014-04-01 14:00:00,588.94,588.94,582.3,583.85
2014-04-02 09:00:00,584.17,586.5,581.28,582.94
2014-04-02 10:00:00,583.05,585.55,582.67,583.33
2014-04-02 11:00:00,583.07,583.3,578.71,578.71
2014-04-02 13:00:00,578.19,580.16,574.4,575.13
2014-04-02 14:00:00,575.66,581.67,575.66,581.67
2014-04-03 09:00:00,584.45,586.96,582.83,584.34
2014-04-03 10:00:00,584.74,586.7,584.74,585.92
2014-04-03 11:00:00,585.85,586.52,585.74,586.03
2014-04-03 13:00:00,585.93,590.91,585.71,590.27
2014-04-03 14:00:00,590.3,590.3,588.98,589.44
2014-04-04 09:00:00,589.9,593.72,589.15,592.72
2014-04-04 10:00:00,592.68,592.68,589.85,591.64
2014-04-04 11:00:00,591.8,591.82,588.34,588.41
2014-04-04 13:00:00,588.74,590.92,588.34,590.75
2014-04-04 14:00:00,591.47,593.04,590.73,593.04
2014-04-07 09:00:00,595.72,599.53,595.35,598.51
2014-04-07 10:00:00,598.39,600.17,597.15,597.9
2014-04-07 11:00:00,597.99,599.92,597.7,599.57
2014-04-07 13:00:00,599.78,602.55,599.69,602.55
2014-04-07 14:00:00,602.31,602.31,600.47,600.57
2014-04-08 09:00:00,600.71,602.64,598.6,598.6
2014-04-08 10:00:00,598.55,601.64,598.52,601.4
2014-04-08 11:00:00,601.85,601.85,601.0,601.64
2014-04-08 13:00:00,600.99,603.04,599.18,602.78
2014-04-08 14:00:00,602.62,603.25,601.82,603.25
2014-04-10 09:00:00,603.25,608.89,603.25,607.07
2014-04-10 10:00:00,607.26,607.83,605.85,605.89
2014-04-10 11:00:00,605.78,606.0,601.71,602.04
2014-04-10 13:00:00,600.89,605.03,600.43,603.38
2014-04-10 14:00:00,603.33,603.52,601.31,601.33
2014-04-11 09:00:00,597.87,598.81,594.96,596.47
2014-04-11 10:00:00,596.49,599.85,595.33,599.85
2014-04-11 11:00:00,600.0,600.06,596.46,596.46
2014-04-11 13:00:00,596.32,599.48,596.32,598.74
2014-04-11 14:00:00,598.46,602.01,598.46,600.57
2014-04-14 09:00:00,602.67,602.7,599.96,600.9
2014-04-14 10:00:00,601.2,602.26,597.81,597.81
2014-04-14 11:00:00,597.98,599.6,597.83,599.31
2014-04-14 13:00:00,599.0,600.6,596.05,596.42
2014-04-14 14:00:00,596.76,599.66,596.76,598.86
2014-04-15 09:00:00,596.0,596.0,592.5,594.76
2014-04-15 10:00:00,594.74,597.99,593.75,597.53
2014-04-15 11:00:00,597.51,597.51,594.08,594.54
2014-04-15 13:00:00,594.51,594.55,588.98,591.19
2014-04-15 14:00:00,591.23,592.4,586.09,586.09
2014-04-16 09:00:00,583.64,585.51,575.96,577.79
2014-04-16 10:00:00,578.55,582.39,578.54,579.1
2014-04-16 11:00:00,579.11,579.17,575.67,577.33
2014-04-16 13:00:00,576.73,577.35,567.61,572.35
2014-04-16 14:00:00,572.44,575.83,572.44,574.29
2014-04-17 09:00:00,580.39,582.21,575.83,577.2
2014-04-17 10:00:00,577.92,581.21,577.92,581.21
2014-04-17 11:00:00,581.31,583.38,581.0,583.38
2014-04-17 13:00:00,583.14,583.51,577.53,577.67
2014-04-17 14:00:00,578.81,581.38,578.81,580.31
2014-04-18 09:00:00,580.89,580.89,576.98,577.32
2014-04-18 10:00:00,577.74,578.11,570.17,570.17
2014-04-18 11:00:00,569.99,575.05,569.94,574.96
2014-04-18 13:00:00,574.14,575.04,571.01,572.65
2014-04-18 14:00:00,572.56,572.99,565.33,565.33
2014-04-21 09:00:00,564.21,565.14,560.16,565.14
2014-04-21 10:00:00,564.95,568.44,563.88,567.06
2014-04-21 11:00:00,566.94,566.94,565.13,566.22
2014-04-21 13:00:00,565.97,566.5,564.23,564.27
2014-04-21 14:00:00,564.03,564.03,558.14,558.14
2014-04-22 09:00:00,560.63,563.11,557.39,557.59
2014-04-22 10:00:00,557.39,560.69,556.47,558.93
2014-04-22 11:00:00,559.43,559.84,558.73,559.38
2014-04-22 13:00:00,559.09,565.03,559.01,563.67
2014-04-22 14:00:00,563.72,569.87,563.6,569.87
2014-04-23 09:00:00,569.83,572.8,567.04,571.89
2014-04-23 10:00:00,572.5,573.1,569.16,572.37
2014-04-23 11:00:00,572.46,573.31,572.01,572.91
2014-04-23 13:00:00,572.95,573.39,568.2,568.92
2014-04-23 14:00:00,569.75,570.67,568.74,569.36
2014-04-24 09:00:00,568.38,571.57,566.94,570.78
2014-04-24 10:00:00,570.66,570.68,568.32,569.54
2014-04-24 11:00:00,569.46,569.72,568.84,568.98
2014-04-24 13:00:00,568.53,570.76,568.4,569.5
2014-04-24 14:00:00,569.37,571.03,569.37,570.46
2014-04-25 09:00:00,571.71,575.61,571.71,575.29
2014-04-25 10:00:00,574.81,577.91,573.3,577.03
2014-04-25 11:00:00,576.56,577.96,576.14,577.87
2014-04-25 13:00:00,578.0,579.11,577.05,578.63
2014-04-25 14:00:00,578.48,580.74,578.42,578.92
2014-04-28 09:00:00,579.05,580.7,576.47,577.09
2014-04-28 10:00:00,577.11,579.87,576.51,579.87
2014-04-28 11:00:00,579.41,579.89,578.11,578.11
2014-04-28 13:00:00,579.23,579.23,577.06,577.19
2014-04-28 14:00:00,577.23,577.23,573.1,573.1
2014-04-29 09:00:00,570.64,575.45,570.64,574.86
2014-04-29 10:00:00,574.81,574.81,572.0,573.25
2014-04-29 11:00:00,573.56,574.15,572.52,574.15
2014-04-29 13:00:00,573.35,576.64,573.35,576.6
2014-04-29 14:00:00,575.92,578.21,575.92,578.0
2014-05-05 09:00:00,578.45,580.11,577.13,577.17
2014-05-05 10:00:00,577.19,577.72,571.78,571.78
2014-05-05 11:00:00,571.82,573.78,571.65,572.23
2014-05-05 13:00:00,571.76,571.76,567.06,567.97
2014-05-05 14:00:00,566.93,566.93,564.47,564.85
2014-05-06 09:00:00,561.86,562.36,553.55,557.86
2014-05-06 10:00:00,557.81,557.81,554.39,554.78
2014-05-06 11:00:00,554.82,555.57,552.07,552.37
2014-05-06 13:00:00,552.14,552.14,545.97,550.42
2014-05-06 14:00:00,550.95,555.11,550.56,555.11
2014-05-07 09:00:00,558.04,558.63,556.02,556.02
2014-05-07 10:00:00,555.88,560.17,553.21,558.43
2014-05-07 11:00:00,558.33,560.18,558.07,558.93
2014-05-07 13:00:00,558.9,560.95,558.84,560.79
2014-05-07 14:00:00,560.5,561.56,559.97,559.97
2014-05-08 09:00:00,550.75,550.75,529.4,538.81
2014-05-08 10:00:00,538.72,538.72,529.19,529.42
2014-05-08 11:00:00,529.37,529.38,525.37,526.96
2014-05-08 13:00:00,527.0,528.12,526.15,526.36
2014-05-08 14:00:00,526.35,527.09,526.25,527.09
2014-05-09 09:00:00,522.82,535.88,522.7,528.97
2014-05-09 10:00:00,529.51,533.18,529.07,533.18
2014-05-09 11:00:00,533.24,535.44,531.71,535.17
2014-05-09 13:00:00,536.63,539.75,536.63,539.55
2014-05-09 14:00:00,539.64,542.56,539.41,542.46
2014-05-12 09:00:00,536.82,536.82,519.77,519.81
2014-05-12 10:00:00,519.63,521.78,512.25,521.65
2014-05-12 11:00:00,521.71,521.71,517.61,517.85
2014-05-12 13:00:00,518.09,518.11,513.62,514.12
2014-05-12 14:00:00,514.09,518.0,514.09,517.05
2014-05-13 09:00:00,508.76,518.45,508.76,511.34
2014-05-13 10:00:00,512.0,518.08,512.0,516.05
2014-05-13 11:00:00,515.85,516.38,514.45,514.96
2014-05-13 13:00:00,515.12,515.26,508.51,512.11
2014-05-13 14:00:00,512.08,513.91,511.06,513.91
2014-05-14 09:00:00,510.16,517.14,509.82,516.55
2014-05-14 10:00:00,516.07,520.56,515.2,520.56
2014-05-14 11:00:00,520.9,523.46,520.45,521.01
2014-05-14 13:00:00,521.28,529.29,521.28,529.29
2014-05-14 14:00:00,529.59,529.59,527.26,529.53
2014-05-15 09:00:00,529.39,536.52,527.71,535.01
2014-05-15 10:00:00,535.4,536.81,533.59,536.37
2014-05-15 11:00:00,536.85,537.27,534.52,534.77
2014-05-15 13:00:00,532.35,532.35,512.41,524.17
2014-05-15 14:00:00,524.06,524.77,521.72,524.05
2014-05-16 09:00:00,522.0,525.46,520.55,520.55
2014-05-16 10:00:00,520.34,525.91,519.39,523.33
2014-05-16 11:00:00,523.3,525.62,522.23,525.62
2014-05-16 13:00:00,525.72,528.36,525.24,527.58
2014-05-16 14:00:00,528.23,529.49,527.49,529.49
2014-05-19 09:00:00,530.31,530.31,525.82,529.27
2014-05-19 10:00:00,529.14,531.31,526.18,527.93
2014-05-19 11:00:00,527.37,528.52,526.94,528.2
2014-05-19 13:00:00,528.71,533.69,528.71,533.41
2014-05-19 14:00:00,533.46,534.68,532.78,533.04
2014-05-20 09:00:00,531.0,534.16,530.84,531.69
2014-05-20 10:00:00,531.8,531.8,527.69,531.54
2014-05-20 11:00:00,531.55,535.2,531.04,534.77
2014-05-20 13:00:00,535.82,536.93,533.9,536.88
2014-05-20 14:00:00,537.11,537.93,536.83,537.52
2014-05-21 09:00:00,537.95,537.98,533.19,536.66
2014-05-21 10:00:00,537.05,541.08,536.17,540.99
2014-05-21 11:00:00,540.97,541.58,539.56,540.48
2014-05-21 13:00:00,540.5,542.09,539.82,542.09
2014-05-21 14:00:00,542.11,543.93,541.84,543.88
2014-05-22 09:00:00,543.35,547.2,542.01,545.86
2014-05-22 10:00:00,545.49,547.12,543.6,543.87
2014-05-22 11:00:00,543.93,547.15,543.93,545.4
2014-05-22 13:00:00,544.92,545.91,541.43,545.91
2014-05-22 14:00:00,545.86,546.15,541.73,541.73
2014-05-23 09:00:00,542.44,545.3,542.39,543.84
2014-05-23 10:00:00,543.85,543.85,540.51,543.43
2014-05-23 11:00:00,543.49,544.34,543.44,544.19
2014-05-23 13:00:00,543.47,544.39,540.71,541.21
2014-05-23 14:00:00,541.25,542.49,541.09,541.49
2014-05-26 09:00:00,541.43,541.48,536.27,539.39
2014-05-26 10:00:00,539.37,541.46,538.73,541.46
2014-05-26 11:00:00,541.59,543.35,541.37,542.52
2014-05-26 13:00:00,542.57,543.83,541.47,543.83
2014-05-26 14:00:00,543.82,544.93,543.72,544.06
2014-05-27 09:00:00,543.55,547.53,543.55,545.45
2014-05-27 10:00:00,545.28,545.9,542.49,544.52
2014-05-27 11:00:00,544.67,546.75,544.06,546.75
2014-05-27 13:00:00,547.02,551.21,547.02,551.21
2014-05-27 14:00:00,551.19,552.75,550.94,552.75
2014-05-28 09:00:00,554.32,557.16,554.28,554.6
2014-05-28 10:00:00,555.13,557.16,554.8,555.82
2014-05-28 11:00:00,555.35,555.4,553.95,554.6
2014-05-28 13:00:00,555.08,556.13,553.03,555.49
2014-05-28 14:00:00,555.54,557.93,555.54,557.34
2014-05-29 09:00:00,556.3,559.67,556.03,558.45
2014-05-29 10:00:00,558.38,562.33,558.38,561.81
2014-05-29 11:00:00,561.24,561.78,559.89,559.89
2014-05-29 13:00:00,559.5,562.3,555.32,556.58
2014-05-29 14:00:00,558.25,559.57,557.69,558.45
2014-05-30 09:00:00,558.78,560.92,557.2,560.92
2014-05-30 10:00:00,560.9,561.4,559.43,561.22
2014-05-30 11:00:00,561.26,561.46,560.93,561.46
2014-05-30 13:00:00,561.81,565.05,561.5,561.73
2014-05-30 14:00:00,561.56,562.71,560.85,562.02
2014-06-02 09:00:00,560.29,561.14,557.06,560.89
2014-06-02 10:00:00,559.86,563.12,559.86,560.1
2014-06-02 11:00:00,560.09,560.09,556.59,556.59
2014-06-02 13:00:00,556.27,558.55,554.44,557.45
2014-06-02 14:00:00,557.24,557.98,556.68,556.8
2014-06-03 09:00:00,557.34,558.04,554.96,556.28
2014-06-03 10:00:00,556.32,560.62,556.32,560.12
2014-06-03 11:00:00,560.07,560.2,558.64,559.75
2014-06-03 13:00:00,559.59,560.14,557.4,557.89
2014-06-03 14:00:00,557.75,558.76,557.39,558.76
2014-06-04 09:00:00,559.13,559.19,557.55,557.8
2014-06-04 10:00:00,557.77,557.97,555.77,557.69
2014-06-04 11:00:00,557.72,558.13,556.64,556.68
2014-06-04 13:00:00,555.78,556.47,550.23,554.12
2014-06-04 14:00:00,554.54,554.71,552.71,553.46
2014-06-05 09:00:00,552.2,552.39,548.47,550.79
2014-06-05 10:00:00,550.96,551.18,549.26,550.4
2014-06-05 11:00:00,550.41,552.53,550.41,552.0
2014-06-05 13:00:00,551.13,553.96,551.13,553.67
2014-06-05 14:00:00,553.69,553.79,551.1,551.1
2014-06-06 09:00:00,553.62,555.54,553.36,553.89
2014-06-06 10:00:00,553.85,554.51,551.8,553.78
2014-06-06 11:00:00,553.77,554.46,553.46,553.55
2014-06-06 13:00:00,553.87,554.12,552.67,553.43
2014-06-06 14:00:00,553.95,559.04,553.67,559.04
2014-06-09 09:00:00,559.04,564.18,558.64,561.73
2014-06-09 10:00:00,562.16,565.06,561.47,564.8
2014-06-09 11:00:00,564.44,571.01,564.41,569.42
2014-06-09 13:00:00,569.31,571.83,566.31,566.5
2014-06-09 14:00:00,566.34,567.74,565.61,565.61
2014-06-10 09:00:00,566.31,569.17,564.32,569.17
2014-06-10 10:00:00,568.75,571.73,567.35,569.24
2014-06-10 11:00:00,569.18,570.21,568.06,570.08
2014-06-10 13:00:00,569.52,570.77,565.88,568.7
2014-06-10 14:00:00,568.71,568.71,566.2,566.89
2014-06-11 09:00:00,567.77,568.94,566.91,567.18
2014-06-11 10:00:00,567.17,570.25,566.51,568.62
2014-06-11 11:00:00,568.52,569.45,568.32,568.6
2014-06-11 13:00:00,568.83,573.05,568.16,571.35
2014-06-11 14:00:00,571.51,571.96,570.36,570.36
2014-06-12 09:00:00,571.19,573.73,568.58,572.03
2014-06-12 10:00:00,572.4,574.75,572.02,574.32
2014-06-12 11:00:00,573.98,574.58,572.52,572.87
2014-06-12 13:00:00,572.71,574.11,571.44,572.17
2014-06-12 14:00:00,572.2,574.02,571.61,573.77
2014-06-13 09:00:00,573.58,575.56,573.03,575.56
2014-06-13 10:00:00,575.57,576.78,575.41,575.97
2014-06-13 11:00:00,575.98,576.47,574.7,574.7
2014-06-13 13:00:00,574.59,577.27,573.81,575.11
2014-06-13 14:00:00,575.08,576.74,574.48,574.48
2014-06-16 09:00:00,575.2,575.87,573.89,574.6
2014-06-16 10:00:00,574.66,575.35,573.11,573.2
2014-06-16 11:00:00,573.17,574.55,572.66,574.42
2014-06-16 13:00:00,572.69,573.59,571.76,573.21
2014-06-16 14:00:00,573.51,574.27,572.37,572.37
2014-06-17 09:00:00,571.8,571.98,567.58,571.09
2014-06-17 10:00:00,569.89,572.67,569.65,572.5
2014-06-17 11:00:00,572.41,572.94,570.48,572.45
2014-06-17 13:00:00,571.15,573.15,570.24,572.19
2014-06-17 14:00:00,571.66,573.09,571.11,572.25
2014-06-18 09:00:00,571.74,575.03,570.56,574.57
2014-06-18 10:00:00,573.38,574.96,572.29,573.48
2014-06-18 11:00:00,573.37,574.04,571.24,572.65
2014-06-18 13:00:00,572.04,573.22,571.66,572.02
2014-06-18 14:00:00,571.53,572.77,570.03,570.03
2014-06-19 09:00:00,564.93,566.55,558.65,564.98
2014-06-19 10:00:00,565.75,565.89,560.79,564.38
2014-06-19 11:00:00,564.58,566.75,563.93,566.7
2014-06-19 13:00:00,565.0,568.97,565.0,568.97
2014-06-19 14:00:00,569.06,569.41,567.35,567.35
2014-06-20 09:00:00,568.45,571.76,567.75,569.23
2014-06-20 10:00:00,569.16,571.02,568.18,569.72
2014-06-20 11:00:00,569.67,569.83,568.98,569.25
2014-06-20 13:00:00,569.26,569.41,564.53,566.17
2014-06-20 14:00:00,566.08,567.94,560.78,560.78
2014-06-23 09:00:00,561.97,565.08,561.97,564.0
2014-06-23 10:00:00,563.06,567.03,562.87,565.83
2014-06-23 11:00:00,565.84,566.01,563.23,565.27
2014-06-23 13:00:00,565.68,565.68,563.46,564.44
2014-06-23 14:00:00,564.46,567.71,564.46,565.92
2014-06-24 09:00:00,565.47,569.44,565.12,569.44
2014-06-24 10:00:00,569.54,569.54,566.71,567.35
2014-06-24 11:00:00,567.2,567.54,565.45,567.52
2014-06-24 13:00:00,567.21,569.58,566.54,569.57
2014-06-24 14:00:00,569.77,570.37,569.59,569.74
2014-06-25 09:00:00,570.33,571.56,570.13,570.64
2014-06-25 10:00:00,569.57,572.33,569.27,570.99
2014-06-25 11:00:00,572.11,574.49,571.97,574.49
2014-06-25 13:00:00,574.62,574.62,572.09,572.56
2014-06-25 14:00:00,572.47,573.53,572.27,572.27
2014-06-26 09:00:00,572.23,575.29,570.33,575.29
2014-06-26 10:00:00,575.2,576.09,572.74,575.21
2014-06-26 11:00:00,575.23,576.17,574.88,575.89
2014-06-26 13:00:00,575.7,578.29,575.47,578.01
2014-06-26 14:00:00,577.89,577.89,576.4,576.4
2014-06-27 09:00:00,576.29,578.26,575.1,577.6
2014-06-27 10:00:00,576.48,579.67,576.48,577.97
2014-06-27 11:00:00,578.0,578.21,575.89,576.64
2014-06-27 13:00:00,577.41,580.75,576.0,579.5
2014-06-27 14:00:00,579.43,579.64,578.35,578.82
2014-06-30 09:00:00,578.28,579.74,577.76,579.28
2014-06-30 10:00:00,580.43,582.26,579.18,581.12
2014-06-30 11:00:00,581.14,582.2,579.97,580.17
2014-06-30 13:00:00,579.98,580.82,579.39,580.81
2014-06-30 14:00:00,580.25,580.91,578.13,578.13
2014-07-01 09:00:00,578.93,580.11,577.4,579.62
2014-07-01 10:00:00,579.56,580.27,578.26,578.26
2014-07-01 11:00:00,579.38,580.49,579.36,580.42
2014-07-01 13:00:00,579.84,582.16,578.26,579.43
2014-07-01 14:00:00,579.57,580.7,577.3,578.07
2014-07-02 09:00:00,578.9,579.95,576.88,577.42
2014-07-02 10:00:00,577.4,579.14,577.09,578.85
2014-07-02 11:00:00,578.87,580.71,578.86,580.63
2014-07-02 13:00:00,580.52,581.89,579.44,580.18
2014-07-02 14:00:00,581.37,581.69,578.8,578.8
2014-07-03 09:00:00,581.24,583.63,580.55,581.0
2014-07-03 10:00:00,581.01,584.61,581.01,584.61
2014-07-03 11:00:00,584.42,584.63,582.17,582.36
2014-07-03 13:00:00,583.53,584.47,581.41,583.05
2014-07-03 14:00:00,582.58,585.02,582.58,585.02
2014-07-04 09:00:00,585.66,588.75,585.66,588.75
2014-07-04 10:00:00,588.56,591.16,588.09,590.25
2014-07-04 11:00:00,590.34,591.38,589.54,589.77
2014-07-04 13:00:00,589.78,589.91,587.92,589.07
2014-07-04 14:00:00,588.86,590.1,588.86,589.35
2014-07-07 09:00:00,592.23,593.8,591.12,592.97
2014-07-07 10:00:00,593.06,593.28,589.61,591.23
2014-07-07 11:00:00,591.27,593.57,590.74,592.51
2014-07-07 13:00:00,592.35,594.84,592.2,593.69
2014-07-07 14:00:00,593.82,593.83,590.69,590.69
2014-07-08 09:00:00,591.63,592.13,588.54,591.96
2014-07-08 10:00:00,590.84,593.4,590.84,591.05
2014-07-08 11:00:00,590.88,590.88,588.63,588.77
2014-07-08 13:00:00,588.84,591.77,588.6,591.08
2014-07-08 14:00:00,591.68,591.74,588.87,591.47
2014-07-09 09:00:00,591.82,592.18,590.46,592.07
2014-07-09 10:00:00,592.47,593.42,591.29,591.88
2014-07-09 11:00:00,592.0,592.27,591.68,592.1
2014-07-09 13:00:00,591.9,592.6,590.84,592.6
2014-07-09 14:00:00,592.57,592.79,591.6,591.6
2014-07-10 09:00:00,591.21,591.21,588.49,590.34
2014-07-10 10:00:00,590.69,591.35,589.58,590.84
2014-07-10 11:00:00,591.27,591.27,585.1,587.17
2014-07-10 13:00:00,585.98,587.79,581.49,584.69
2014-07-10 14:00:00,584.64,586.11,583.76,584.88
2014-07-11 09:00:00,584.29,584.94,581.45,584.46
2014-07-11 10:00:00,583.97,586.57,583.91,585.41
2014-07-11 11:00:00,585.28,585.71,580.54,582.47
2014-07-11 13:00:00,581.94,584.77,581.5,584.48
2014-07-11 14:00:00,584.65,585.6,582.77,582.77
2014-07-14 09:00:00,583.55,585.38,583.09,584.37
2014-07-14 10:00:00,584.25,584.96,582.23,583.03
2014-07-14 11:00:00,583.04,585.36,581.99,585.36
2014-07-14 13:00:00,585.24,585.76,583.09,585.17
2014-07-14 14:00:00,585.76,586.23,583.83,586.23
2014-07-15 09:00:00,587.92,590.07,587.68,589.0
2014-07-15 10:00:00,588.92,590.09,588.68,589.41
2014-07-15 11:00:00,589.35,589.62,587.68,589.3
2014-07-15 13:00:00,589.27,589.58,587.78,589.17
2014-07-15 14:00:00,589.16,589.63,587.8,589.31
2014-07-16 09:00:00,594.13,594.29,591.03,591.03
2014-07-16 10:00:00,590.08,592.28,589.8,592.28
2014-07-16 11:00:00,592.27,592.78,591.66,592.78
2014-07-16 13:00:00,592.61,593.53,591.79,593.03
2014-07-16 14:00:00,592.36,593.44,589.68,589.68
2014-07-17 09:00:00,588.99,591.0,587.5,589.86
2014-07-17 10:00:00,589.76,591.0,588.38,590.73
2014-07-17 11:00:00,590.48,591.42,589.24,591.21
2014-07-17 13:00:00,590.92,590.92,586.07,589.08
2014-07-17 14:00:00,589.15,590.85,588.99,590.37
2014-07-18 09:00:00,590.9,592.53,590.27,592.07
2014-07-18 10:00:00,592.42,592.66,590.6,591.03
2014-07-18 11:00:00,589.33,592.01,589.33,592.01
2014-07-18 13:00:00,591.95,595.95,590.64,593.76
2014-07-18 14:00:00,594.64,596.26,593.23,596.26
2014-07-21 09:00:00,598.11,604.64,598.11,601.03
2014-07-21 10:00:00,601.02,601.53,598.98,601.53
2014-07-21 11:00:00,601.55,602.16,599.81,599.97
2014-07-21 13:00:00,599.98,602.47,598.71,598.71
2014-07-21 14:00:00,598.58,601.04,596.96,601.04
2014-07-22 09:00:00,599.3,600.93,598.15,600.42
2014-07-22 10:00:00,600.44,600.71,597.49,599.46
2014-07-22 11:00:00,598.99,599.84,598.59,598.59
2014-07-22 13:00:00,598.96,599.14,594.85,596.98
2014-07-22 14:00:00,596.65,598.89,596.52,597.98
2014-07-23 09:00:00,599.56,599.56,598.4,599.12
2014-07-23 10:00:00,599.03,599.03,597.37,597.45
2014-07-23 11:00:00,597.38,597.98,596.76,597.97
2014-07-23 13:00:00,597.9,598.82,594.1,597.79
2014-07-23 14:00:00,598.58,598.64,596.19,597.5
2014-07-24 09:00:00,597.03,598.94,597.03,598.56
2014-07-24 10:00:00,599.11,600.5,597.78,600.13
2014-07-24 11:00:00,600.11,602.49,599.46,602.14
2014-07-24 13:00:00,601.76,602.12,600.26,601.58
2014-07-24 14:00:00,601.55,602.45,600.64,602.06
2014-07-25 09:00:00,603.54,605.6,603.48,604.23
2014-07-25 10:00:00,604.65,605.35,603.35,603.66
2014-07-25 11:00:00,603.64,605.45,603.64,605.22
2014-07-25 13:00:00,603.47,605.78,603.29,605.19
2014-07-25 14:00:00,604.97,605.12,600.14,600.14
2014-07-28 09:00:00,599.13,599.35,594.54,596.98
2014-07-28 10:00:00,597.66,597.66,590.48,590.48
2014-07-28 11:00:00,590.45,594.38,590.45,594.36
2014-07-28 13:00:00,594.06,594.77,587.78,590.72
2014-07-28 14:00:00,590.77,591.89,589.45,589.45
2014-07-29 09:00:00,590.57,591.68,585.75,585.75
2014-07-29 10:00:00,585.81,591.27,585.81,591.27
2014-07-29 11:00:00,591.24,591.24,589.75,590.2
2014-07-29 13:00:00,589.92,589.95,587.85,588.85
2014-07-29 14:00:00,589.31,592.24,587.56,592.24
2014-07-30 09:00:00,591.15,593.58,590.54,592.69
2014-07-30 10:00:00,592.71,592.83,590.55,592.48
2014-07-30 11:00:00,592.4,593.05,590.69,592.44
2014-07-30 13:00:00,592.49,592.51,589.54,589.61
2014-07-30 14:00:00,589.58,590.16,588.53,589.33
2014-07-31 09:00:00,589.35,591.47,587.68,591.42
2014-07-31 10:00:00,591.46,591.97,590.14,591.6
2014-07-31 11:00:00,591.61,593.63,591.52,593.43
2014-07-31 13:00:00,593.52,595.49,593.52,594.8
2014-07-31 14:00:00,594.88,596.11,593.62,596.07
2014-08-01 09:00:00,594.66,596.29,592.38,596.29
2014-08-01 10:00:00,596.41,596.8,592.5,595.14
2014-08-01 11:00:00,595.22,596.52,594.78,596.21
2014-08-01 13:00:00,594.46,595.24,593.49,594.7
2014-08-01 14:00:00,594.96,596.55,593.9,593.9
2014-08-04 09:00:00,592.04,596.81,592.04,596.8
2014-08-04 10:00:00,595.94,598.56,595.58,597.64
2014-08-04 11:00:00,597.58,599.47,597.47,598.41
2014-08-04 13:00:00,598.52,600.52,597.83,599.43
2014-08-04 14:00:00,599.22,600.15,598.83,599.04
2014-08-05 09:00:00,600.46,602.49,599.37,601.3
2014-08-05 10:00:00,601.25,601.72,599.1,600.11
2014-08-05 11:00:00,600.12,603.68,600.12,602.7
2014-08-05 13:00:00,602.62,604.25,601.28,604.25
2014-08-05 14:00:00,603.97,607.73,602.69,607.73
2014-08-06 09:00:00,607.95,609.75,607.61,608.26
2014-08-06 10:00:00,608.23,610.06,605.63,609.7
2014-08-06 11:00:00,609.87,610.46,608.48,610.23
2014-08-06 13:00:00,609.2,610.88,608.54,608.73
2014-08-06 14:00:00,608.66,609.2,606.7,606.7
2014-08-07 09:00:00,603.94,608.42,603.94,606.3
2014-08-07 10:00:00,605.89,606.23,603.13,605.25
2014-08-07 11:00:00,605.87,606.22,605.28,605.91
2014-08-07 13:00:00,605.51,606.34,603.91,606.03
2014-08-07 14:00:00,606.04,607.62,604.23,607.62
2014-08-08 09:00:00,607.18,610.09,606.86,608.07
2014-08-08 10:00:00,608.46,608.46,604.78,604.78
2014-08-08 11:00:00,604.72,607.44,604.08,607.44
2014-08-08 13:00:00,605.55,607.92,605.08,607.5
2014-08-08 14:00:00,607.94,609.12,605.43,605.43
2014-08-11 09:00:00,602.78,607.16,602.22,603.27
2014-08-11 10:00:00,603.22,603.96,600.69,601.1
2014-08-11 11:00:00,601.24,602.44,601.06,602.32
2014-08-11 13:00:00,600.77,602.54,600.48,601.68
2014-08-11 14:00:00,600.66,603.16,600.54,602.13
2014-08-12 09:00:00,600.52,604.89,600.52,601.78
2014-08-12 10:00:00,601.19,601.19,599.22,599.98
2014-08-12 11:00:00,600.03,600.59,598.71,600.13
2014-08-12 13:00:00,599.57,603.15,599.33,602.51
2014-08-12 14:00:00,602.54,603.42,601.74,601.78
2014-08-13 09:00:00,601.03,604.12,600.94,602.88
2014-08-13 10:00:00,602.93,602.97,600.52,600.6
2014-08-13 11:00:00,601.21,601.21,599.64,600.87
2014-08-13 13:00:00,599.9,603.93,599.9,603.68
2014-08-13 14:00:00,602.65,604.51,601.93,602.76
2014-08-14 09:00:00,605.03,607.38,605.03,605.7
2014-08-14 10:00:00,605.48,607.49,604.65,606.22
2014-08-14 11:00:00,607.57,607.84,604.29,605.4
2014-08-14 13:00:00,606.04,606.12,604.08,604.65
2014-08-14 14:00:00,604.3,606.07,604.3,605.25
2014-08-15 09:00:00,605.25,608.46,604.47,604.77
2014-08-15 10:00:00,604.81,605.91,603.24,604.52
2014-08-15 11:00:00,604.73,606.16,604.32,605.37
2014-08-15 13:00:00,603.85,607.12,603.85,605.19
2014-08-15 14:00:00,605.13,605.89,604.24,604.24
2014-08-18 09:00:00,605.42,607.79,604.74,605.33
2014-08-18 10:00:00,606.55,606.87,603.33,604.54
2014-08-18 11:00:00,603.46,605.28,603.46,605.16
2014-08-18 13:00:00,604.99,607.09,604.99,605.19
2014-08-18 14:00:00,605.6,606.71,604.95,605.08
2014-08-19 09:00:00,607.27,609.03,606.12,607.33
2014-08-19 10:00:00,607.41,609.04,606.27,606.86
2014-08-19 11:00:00,606.88,607.55,606.03,607.55
2014-08-19 13:00:00,607.39,607.51,603.61,603.61
2014-08-19 14:00:00,603.67,606.11,603.67,604.64
2014-08-20 09:00:00,604.3,605.94,604.3,605.28
2014-08-20 10:00:00,605.45,605.71,602.81,604.7
2014-08-20 11:00:00,604.94,605.34,603.47,605.34
2014-08-20 13:00:00,604.21,608.06,604.21,607.37
2014-08-20 14:00:00,607.55,608.72,606.27,606.7
2014-08-21 09:00:00,608.91,613.29,608.58,611.35
2014-08-21 10:00:00,611.2,612.77,610.91,612.7
2014-08-21 11:00:00,612.67,614.6,611.67,612.87
2014-08-21 13:00:00,614.58,616.96,611.16,613.93
2014-08-21 14:00:00,613.83,614.98,612.94,612.94
2014-08-22 09:00:00,614.51,620.83,614.51,619.38
2014-08-22 10:00:00,619.07,622.03,618.58,621.45
2014-08-22 11:00:00,621.48,622.97,620.87,620.89
2014-08-22 13:00:00,621.38,622.95,620.61,620.94
2014-08-22 14:00:00,621.01,621.25,619.03,620.14
2014-08-25 09:00:00,622.71,625.9,622.16,624.28
2014-08-25 10:00:00,624.1,626.54,623.36,625.52
2014-08-25 11:00:00,625.45,626.83,625.32,626.53
2014-08-25 13:00:00,626.58,629.58,626.17,627.44
2014-08-25 14:00:00,627.63,627.82,624.83,625.88
2014-08-26 09:00:00,627.13,629.79,625.1,627.67
2014-08-26 10:00:00,628.5,631.17,627.7,630.94
2014-08-26 11:00:00,629.88,630.63,628.11,629.74
2014-08-26 13:00:00,629.59,629.71,626.42,627.78
2014-08-26 14:00:00,627.89,630.09,627.89,629.06
2014-08-27 09:00:00,630.84,632.12,628.47,630.48
2014-08-27 10:00:00,628.72,632.25,628.33,630.05
2014-08-27 11:00:00,629.95,631.75,629.85,630.71
2014-08-27 13:00:00,629.68,630.3,624.68,627.41
2014-08-27 14:00:00,627.58,629.4,627.35,628.77
2014-08-28 09:00:00,627.41,631.14,627.41,627.98
2014-08-28 10:00:00,627.7,630.18,626.32,630.18
2014-08-28 11:00:00,630.6,633.1,630.49,632.81
2014-08-28 13:00:00,632.84,635.94,632.26,634.12
2014-08-28 14:00:00,632.78,633.62,631.7,632.03
2014-08-29 09:00:00,634.91,637.0,634.27,636.59
2014-08-29 10:00:00,636.11,637.22,633.24,634.41
2014-08-29 11:00:00,633.4,634.4,632.93,633.93
2014-08-29 13:00:00,632.53,635.14,631.11,635.14
2014-08-29 14:00:00,635.23,640.19,635.06,636.65
2014-09-03 09:00:00,640.69,644.56,640.69,642.36
2014-09-03 10:00:00,641.36,642.58,639.98,641.3
2014-09-03 11:00:00,641.23,642.72,640.11,641.96
2014-09-03 13:00:00,643.07,644.05,639.41,639.42
2014-09-03 14:00:00,639.03,641.09,638.95,640.75
2014-09-04 09:00:00,638.6,641.01,636.56,639.82
2014-09-04 10:00:00,639.73,642.36,638.22,641.95
2014-09-04 11:00:00,642.1,642.88,640.76,641.53
2014-09-04 13:00:00,640.36,641.56,637.33,638.71
2014-09-04 14:00:00,638.72,641.33,638.72,640.22
2014-09-05 09:00:00,640.63,640.92,639.54,639.89
2014-09-05 10:00:00,638.85,640.82,638.55,639.7
2014-09-05 11:00:00,639.71,641.34,638.57,640.72
2014-09-05 13:00:00,640.02,641.96,640.02,641.72
2014-09-05 14:00:00,640.79,641.88,638.65,638.65
2014-09-08 09:00:00,641.88,642.72,640.48,641.61
2014-09-08 10:00:00,641.4,641.45,639.19,639.69
2014-09-08 11:00:00,639.88,640.86,639.82,640.47
2014-09-08 13:00:00,639.6,642.37,639.52,640.6
2014-09-08 14:00:00,639.21,641.99,639.21,639.85
2014-09-09 09:00:00,640.5,641.2,637.86,637.9
2014-09-09 10:00:00,638.58,640.21,633.49,637.22
2014-09-09 11:00:00,637.43,637.97,635.22,635.23
2014-09-09 13:00:00,634.71,636.1,632.05,632.05
2014-09-09 14:00:00,631.97,631.97,622.76,626.92
2014-09-10 09:00:00,625.59,627.88,618.54,623.33
2014-09-10 10:00:00,623.3,626.74,622.12,625.17
2014-09-10 11:00:00,624.62,626.95,624.44,626.95
2014-09-10 13:00:00,625.66,628.59,625.6,627.46
2014-09-10 14:00:00,627.16,630.03,627.16,628.8
2014-09-11 09:00:00,629.77,632.71,629.07,629.96
2014-09-11 10:00:00,629.83,630.0,626.26,629.6
2014-09-11 11:00:00,629.67,630.05,628.87,628.97
2014-09-11 13:00:00,629.93,633.6,629.91,630.82
2014-09-11 14:00:00,629.69,632.16,628.99,628.99
2014-09-12 09:00:00,631.31,632.67,629.88,630.87
2014-09-12 10:00:00,629.69,630.62,627.42,630.22
2014-09-12 11:00:00,630.17,630.5,629.09,629.24
2014-09-12 13:00:00,628.98,630.89,628.98,630.89
2014-09-12 14:00:00,631.04,632.91,630.03,632.5
2014-09-15 09:00:00,633.86,636.29,633.86,635.47
2014-09-15 10:00:00,635.28,636.65,633.98,635.45
2014-09-15 11:00:00,635.44,635.44,631.47,632.19
2014-09-15 13:00:00,630.79,634.53,630.79,634.08
2014-09-15 14:00:00,634.02,635.51,630.34,630.34
2014-09-16 09:00:00,628.96,631.59,627.23,628.13
2014-09-16 10:00:00,627.37,629.66,625.03,628.11
2014-09-16 11:00:00,627.46,628.07,625.63,625.83
2014-09-16 13:00:00,625.21,627.95,623.66,627.23
2014-09-16 14:00:00,627.82,629.89,626.91,627.66
2014-09-17 09:00:00,630.48,632.22,629.61,629.73
2014-09-17 10:00:00,629.71,631.6,629.38,629.71
2014-09-17 11:00:00,630.14,630.3,627.11,628.48
2014-09-17 13:00:00,627.71,629.51,625.94,628.06
2014-09-17 14:00:00,627.97,629.52,625.66,625.66
2014-09-18 09:00:00,625.95,626.44,623.61,625.26
2014-09-18 10:00:00,624.31,627.29,624.13,626.34
2014-09-18 11:00:00,626.14,626.14,621.71,622.97
2014-09-18 13:00:00,622.03,623.85,615.94,618.21
2014-09-18 14:00:00,618.82,620.35,615.8,615.8
2014-09-19 09:00:00,615.86,617.26,612.4,615.73
2014-09-19 10:00:00,615.99,618.77,614.02,618.77
2014-09-19 11:00:00,618.73,619.0,617.42,617.98
2014-09-19 13:00:00,616.47,619.8,616.47,619.43
2014-09-19 14:00:00,619.45,619.72,613.29,613.29
2014-09-22 09:00:00,617.71,621.36,617.12,617.99
2014-09-22 10:00:00,618.1,618.73,615.17,615.36
2014-09-22 11:00:00,615.24,617.01,614.83,616.06
2014-09-22 13:00:00,616.41,616.62,615.19,615.98
2014-09-22 14:00:00,615.58,615.88,611.93,611.93
2014-09-23 09:00:00,611.75,615.0,610.83,612.37
2014-09-23 10:00:00,612.79,614.71,610.95,611.48
2014-09-23 11:00:00,611.47,613.77,611.45,613.77
2014-09-23 13:00:00,613.52,615.99,613.17,613.91
2014-09-23 14:00:00,613.21,613.97,610.39,610.39
2014-09-24 09:00:00,609.51,611.13,607.43,607.69
2014-09-24 10:00:00,608.79,610.48,605.43,608.05
2014-09-24 11:00:00,608.11,610.47,607.24,610.44
2014-09-24 13:00:00,609.88,611.61,608.58,609.48
2014-09-24 14:00:00,609.13,609.13,603.59,603.59
2014-09-25 09:00:00,604.31,604.36,601.22,604.18
2014-09-25 10:00:00,603.61,604.1,598.71,601.1
2014-09-25 11:00:00,601.28,601.28,598.53,599.78
2014-09-25 13:00:00,598.03,599.7,594.28,599.7
2014-09-25 14:00:00,599.76,605.5,599.51,605.1
2014-09-26 09:00:00,608.8,609.16,606.33,606.98
2014-09-26 10:00:00,607.16,610.02,606.45,608.24
2014-09-26 11:00:00,608.15,609.79,607.49,608.71
2014-09-26 13:00:00,608.6,610.15,607.85,608.68
2014-09-26 14:00:00,608.6,609.79,604.98,604.98
2014-09-29 09:00:00,605.03,605.03,600.73,602.34
2014-09-29 10:00:00,602.39,603.51,600.93,602.38
2014-09-29 11:00:00,602.85,604.4,601.28,603.48
2014-09-29 13:00:00,602.89,603.93,600.74,602.41
2014-09-29 14:00:00,602.48,602.86,599.78,599.78
2014-09-30 09:00:00,597.11,598.82,594.0,597.82
2014-09-30 10:00:00,596.86,598.59,594.7,597.52
2014-09-30 11:00:00,597.1,598.63,596.33,598.63
2014-09-30 13:00:00,598.48,601.54,597.64,601.12
2014-09-30 14:00:00,600.09,601.52,598.38,598.8
2014-10-01 09:00:00,603.5,606.19,603.44,604.54
2014-10-01 10:00:00,603.93,609.08,603.93,607.15
2014-10-01 11:00:00,607.21,608.62,606.62,607.9
2014-10-01 13:00:00,608.11,611.74,608.11,611.51
2014-10-01 14:00:00,610.49,610.49,607.49,609.27
2014-10-02 09:00:00,612.43,612.56,607.57,611.89
2014-10-02 10:00:00,610.87,613.39,610.02,613.39
2014-10-02 11:00:00,613.46,613.66,612.82,613.47
2014-10-02 13:00:00,613.43,614.21,611.76,612.19
2014-10-02 14:00:00,612.54,614.8,612.49,612.66
2014-10-03 09:00:00,613.38,614.34,611.97,612.96
2014-10-03 10:00:00,612.99,614.88,612.16,613.78
2014-10-03 11:00:00,613.75,615.42,613.75,615.12
2014-10-03 13:00:00,613.35,614.39,611.56,613.15
2014-10-03 14:00:00,613.42,613.57,610.55,611.55
2014-10-06 09:00:00,612.11,616.0,611.77,614.52
2014-10-06 10:00:00,614.64,616.0,612.65,615.26
2014-10-06 11:00:00,615.25,616.13,613.89,614.66
2014-10-06 13:00:00,615.31,615.92,613.42,615.09
2014-10-06 14:00:00,615.11,615.16,612.76,614.42
2014-10-07 09:00:00,614.16,615.73,613.18,613.18
2014-10-07 10:00:00,613.32,616.73,612.94,615.24
2014-10-07 11:00:00,615.32,617.01,614.92,616.32
2014-10-07 13:00:00,615.33,616.54,613.47,615.03
2014-10-07 14:00:00,614.96,616.67,614.08,614.08
2014-10-08 09:00:00,615.04,616.28,613.61,614.91
2014-10-08 10:00:00,614.99,615.98,612.88,615.46
2014-10-08 11:00:00,615.42,615.42,612.42,612.42
2014-10-08 13:00:00,612.08,618.37,611.98,617.32
2014-10-08 14:00:00,617.7,618.33,615.54,617.26
2014-10-09 09:00:00,622.25,626.9,622.25,623.5
2014-10-09 10:00:00,624.51,625.19,622.65,624.5
2014-10-09 11:00:00,624.46,625.16,623.75,624.96
2014-10-09 13:00:00,623.74,626.89,623.14,626.23
2014-10-09 14:00:00,625.61,626.75,624.34,624.34
2014-10-10 09:00:00,623.85,627.17,623.5,626.48
2014-10-10 10:00:00,625.88,627.19,624.96,627.06
2014-10-10 11:00:00,627.09,627.49,624.99,625.29
2014-10-10 13:00:00,625.14,625.43,618.28,622.48
2014-10-10 14:00:00,622.6,622.72,617.72,617.72
2014-10-13 09:00:00,615.77,618.29,614.85,615.01
2014-10-13 10:00:00,616.11,616.11,612.62,614.3
2014-10-13 11:00:00,614.81,615.34,613.82,613.82
2014-10-13 13:00:00,614.78,614.78,608.27,613.26
2014-10-13 14:00:00,613.18,614.81,612.66,614.22
2014-10-14 09:00:00,614.22,616.71,611.79,613.51
2014-10-14 10:00:00,613.41,615.63,612.45,615.42
2014-10-14 11:00:00,615.49,615.67,612.87,613.71
2014-10-14 13:00:00,613.22,613.36,610.6,611.19
2014-10-14 14:00:00,612.14,612.51,605.79,605.79
2014-10-15 09:00:00,603.73,606.4,600.05,601.7
2014-10-15 10:00:00,602.3,605.86,602.3,603.08
2014-10-15 11:00:00,601.92,603.1,600.59,600.94
2014-10-15 13:00:00,600.88,603.95,596.5,603.95
2014-10-15 14:00:00,604.67,605.3,602.12,604.29
2014-10-16 09:00:00,603.11,603.59,598.72,599.29
2014-10-16 10:00:00,599.28,599.78,597.29,597.29
2014-10-16 11:00:00,596.63,596.63,593.34,596.53
2014-10-16 13:00:00,594.36,596.29,586.38,592.57
2014-10-16 14:00:00,591.25,591.34,585.76,587.17
2014-10-17 09:00:00,585.95,591.85,582.8,583.57
2014-10-17 10:00:00,582.0,586.51,581.98,585.12
2014-10-17 11:00:00,586.32,586.46,578.02,578.03
2014-10-17 13:00:00,578.66,583.06,577.79,581.63
2014-10-17 14:00:00,580.8,586.17,580.65,585.28
2014-10-20 09:00:00,588.38,591.35,588.38,589.3
2014-10-20 10:00:00,589.4,589.64,585.7,589.43
2014-10-20 11:00:00,589.41,591.76,588.91,591.76
2014-10-20 13:00:00,590.59,593.2,590.59,592.27
2014-10-20 14:00:00,592.14,592.75,589.24,589.24
2014-10-21 09:00:00,590.17,594.42,588.75,593.65
2014-10-21 10:00:00,593.46,595.48,592.8,595.48
2014-10-21 11:00:00,596.08,596.6,595.38,596.1
2014-10-21 13:00:00,595.4,598.69,593.79,597.06
2014-10-21 14:00:00,597.44,601.14,596.99,600.55
2014-10-22 09:00:00,600.27,603.81,600.15,603.81
2014-10-22 10:00:00,603.97,603.97,600.87,601.21
2014-10-22 11:00:00,601.37,601.37,598.99,599.15
2014-10-22 13:00:00,599.69,601.55,599.38,601.1
2014-10-22 14:00:00,601.02,601.59,600.0,601.59
2014-10-23 09:00:00,598.87,599.8,596.49,598.51
2014-10-23 10:00:00,597.83,602.02,597.66,602.02
2014-10-23 11:00:00,601.61,601.83,598.67,598.69
2014-10-23 13:00:00,598.18,598.31,594.72,595.32
2014-10-23 14:00:00,595.16,595.29,593.11,593.53
2014-10-24 09:00:00,592.66,595.33,591.36,591.65
2014-10-24 10:00:00,591.56,595.29,591.47,595.21
2014-10-24 11:00:00,594.69,595.25,593.53,594.68
2014-10-24 13:00:00,594.31,594.31,588.72,591.85
2014-10-24 14:00:00,590.87,594.79,590.87,591.51
2014-10-27 09:00:00,590.33,591.59,588.87,589.67
2014-10-27 10:00:00,589.65,589.65,586.5,587.65
2014-10-27 11:00:00,589.27,590.16,588.4,589.98
2014-10-27 13:00:00,590.02,590.02,582.63,583.75
2014-10-27 14:00:00,583.64,583.64,580.02,580.8
2014-10-28 09:00:00,578.73,583.38,578.55,579.82
2014-10-28 10:00:00,579.77,582.97,578.44,582.89
2014-10-28 11:00:00,583.02,584.14,582.15,584.14
2014-10-28 13:00:00,583.96,584.43,581.41,581.89
2014-10-28 14:00:00,582.89,584.01,581.58,583.13
2014-10-29 09:00:00,585.68,589.68,585.68,588.6
2014-10-29 10:00:00,587.64,588.86,585.7,587.74
2014-10-29 11:00:00,587.78,590.54,587.78,590.54
2014-10-29 13:00:00,590.86,591.83,589.13,590.27
2014-10-29 14:00:00,590.34,591.44,590.12,591.2
2014-10-30 09:00:00,593.09,594.3,592.23,592.42
2014-10-30 10:00:00,592.33,593.19,589.16,593.19
2014-10-30 11:00:00,593.17,593.37,591.85,592.93
2014-10-30 13:00:00,592.58,592.69,590.53,591.21
2014-10-30 14:00:00,591.14,591.56,589.14,589.14
2014-10-31 09:00:00,591.12,591.88,590.07,590.15
2014-10-31 10:00:00,590.23,592.33,588.16,591.98
2014-10-31 11:00:00,592.07,593.22,590.69,593.22
2014-10-31 13:00:00,592.55,595.82,591.79,595.82
2014-10-31 14:00:00,595.87,600.84,595.4,600.84
2014-11-03 09:00:00,603.44,604.56,602.51,602.51
2014-11-03 10:00:00,602.56,606.36,602.56,605.25
2014-11-03 11:00:00,605.24,606.94,605.23,606.39
2014-11-03 13:00:00,606.13,606.8,603.0,604.05
2014-11-03 14:00:00,604.16,604.84,603.15,603.15
2014-11-04 09:00:00,601.55,604.47,601.14,603.58
2014-11-04 10:00:00,602.36,603.88,600.39,601.31
2014-11-04 11:00:00,601.3,603.19,599.97,601.62
2014-11-04 13:00:00,601.65,602.55,600.29,601.55
2014-11-04 14:00:00,601.64,601.64,598.39,598.39
2014-11-05 09:00:00,599.64,602.53,598.58,598.58
2014-11-05 10:00:00,598.7,601.3,598.43,600.01
2014-11-05 11:00:00,599.99,601.13,596.49,596.49
2014-11-05 13:00:00,594.39,597.64,593.53,595.87
2014-11-05 14:00:00,595.59,598.25,594.84,597.01
2014-11-06 09:00:00,599.2,601.28,598.28,598.31
2014-11-06 10:00:00,598.17,600.01,596.93,597.5
2014-11-06 11:00:00,596.96,599.62,596.73,599.62
2014-11-06 13:00:00,599.29,600.07,598.47,599.63
2014-11-06 14:00:00,599.71,600.66,597.85,597.85
2014-11-07 09:00:00,598.41,600.94,598.37,600.2
2014-11-07 10:00:00,600.21,600.31,597.73,599.67
2014-11-07 11:00:00,599.52,601.61,599.52,601.57
2014-11-07 13:00:00,601.61,603.32,600.63,602.16
2014-11-07 14:00:00,601.72,603.29,601.57,602.59
2014-11-10 09:00:00,604.75,606.99,603.7,604.57
2014-11-10 10:00:00,605.27,606.31,604.16,606.3
2014-11-10 11:00:00,606.36,606.52,605.05,606.49
2014-11-10 13:00:00,606.01,607.5,604.94,606.53
2014-11-10 14:00:00,605.97,605.99,602.12,602.12
2014-11-11 09:00:00,603.48,605.22,601.85,603.88
2014-11-11 10:00:00,603.86,606.62,603.55,604.95
2014-11-11 11:00:00,605.01,607.39,604.46,607.35
2014-11-11 13:00:00,607.13,608.68,603.6,605.4
2014-11-11 14:00:00,605.32,606.06,604.23,604.23
2014-11-12 09:00:00,605.14,606.36,604.01,605.48
2014-11-12 10:00:00,605.55,605.66,603.12,605.44
2014-11-12 11:00:00,604.99,605.84,604.2,605.77
2014-11-12 13:00:00,605.33,606.26,604.22,604.55
2014-11-12 14:00:00,604.64,606.21,604.01,604.01
2014-11-13 09:00:00,605.25,607.29,604.27,605.98
2014-11-13 10:00:00,605.95,606.15,603.99,604.84
2014-11-13 11:00:00,604.69,605.07,603.92,604.95
2014-11-13 13:00:00,603.81,605.91,602.62,604.95
2014-11-13 14:00:00,605.09,605.25,603.16,603.16
2014-11-14 09:00:00,601.69,602.51,599.83,601.26
2014-11-14 10:00:00,601.34,602.18,599.92,601.33
2014-11-14 11:00:00,601.48,601.6,598.26,598.26
2014-11-14 13:00:00,597.92,599.81,596.95,599.54
2014-11-14 14:00:00,600.02,602.31,600.01,600.36
2014-11-17 09:00:00,602.4,604.63,602.4,602.54
2014-11-17 10:00:00,603.58,603.78,601.41,603.62
2014-11-17 11:00:00,603.63,604.48,602.69,604.48
2014-11-17 13:00:00,604.42,604.58,602.29,602.36
2014-11-17 14:00:00,602.38,602.82,600.93,600.93
2014-11-18 09:00:00,600.86,602.53,598.33,598.77
2014-11-18 10:00:00,598.79,599.68,596.68,599.67
2014-11-18 11:00:00,599.13,600.2,598.35,600.19
2014-11-18 13:00:00,600.05,600.55,598.24,598.7
2014-11-18 14:00:00,598.73,598.94,597.39,598.1
2014-11-19 09:00:00,594.88,597.29,593.93,595.09
2014-11-19 10:00:00,593.97,596.0,593.49,595.76
2014-11-19 11:00:00,595.68,595.68,593.38,594.26
2014-11-19 13:00:00,594.03,594.07,590.23,591.91
2014-11-19 14:00:00,591.74,592.25,588.35,588.35
2014-11-20 09:00:00,592.17,592.89,590.01,590.63
2014-11-20 10:00:00,590.6,593.75,589.84,592.64
2014-11-20 11:00:00,592.78,593.85,591.74,592.02
2014-11-20 13:00:00,592.84,593.96,591.79,593.12
2014-11-20 14:00:00,593.22,594.76,592.86,593.32
2014-11-21 09:00:00,594.71,596.02,593.43,594.24
2014-11-21 10:00:00,594.29,595.3,593.15,593.93
2014-11-21 11:00:00,593.94,593.94,591.1,591.1
2014-11-21 13:00:00,590.31,593.07,589.44,591.92
2014-11-21 14:00:00,591.93,593.63,588.03,588.03
2014-11-24 09:00:00,585.08,585.6,580.92,582.49
2014-11-24 10:00:00,582.62,583.97,582.09,582.85
2014-11-24 11:00:00,582.84,586.28,582.56,586.22
2014-11-24 13:00:00,586.34,586.54,582.28,582.6
2014-11-24 14:00:00,582.66,583.97,582.53,582.53
2014-11-25 09:00:00,583.53,587.85,583.53,585.32
2014-11-25 10:00:00,585.12,585.66,584.42,585.13
2014-11-25 11:00:00,585.07,587.21,584.64,587.16
2014-11-25 13:00:00,587.29,588.42,586.67,587.43
2014-11-25 14:00:00,587.4,587.92,585.91,585.91
2014-11-26 09:00:00,587.58,588.16,585.25,586.55
2014-11-26 10:00:00,586.64,588.14,586.62,587.1
2014-11-26 11:00:00,587.0,587.71,586.52,586.52
2014-11-26 13:00:00,587.04,587.04,575.09,575.09
2014-11-26 14:00:00,575.62,579.05,575.22,576.04
2014-11-27 09:00:00,575.63,575.82,569.42,570.6
2014-11-27 10:00:00,570.71,574.2,570.71,573.64
2014-11-27 11:00:00,573.68,573.81,572.0,573.31
2014-11-27 13:00:00,572.38,572.55,568.8,568.8
2014-11-27 14:00:00,568.29,572.89,567.36,572.89
2014-11-28 09:00:00,570.61,572.12,569.95,569.99
2014-11-28 10:00:00,570.08,570.24,565.1,567.54
2014-11-28 11:00:00,567.58,571.61,567.58,571.6
2014-11-28 13:00:00,570.98,571.2,567.97,567.97
2014-11-28 14:00:00,568.08,569.16,566.58,566.58
2014-12-01 09:00:00,566.22,570.05,565.09,567.06
2014-12-01 10:00:00,567.03,571.69,566.74,571.54
2014-12-01 11:00:00,570.95,571.18,569.82,570.34
2014-12-01 13:00:00,569.8,571.11,569.61,570.98
2014-12-01 14:00:00,570.88,570.88,568.01,568.01
2014-12-02 09:00:00,570.44,570.58,569.0,569.31
2014-12-02 10:00:00,569.22,570.79,569.21,569.58
2014-12-02 11:00:00,569.63,570.39,569.19,570.0
2014-12-02 13:00:00,569.88,570.0,568.55,569.96
2014-12-02 14:00:00,569.71,570.3,569.35,569.43
2014-12-03 09:00:00,570.48,572.94,570.44,572.94
2014-12-03 10:00:00,572.93,573.0,571.65,572.9
2014-12-03 11:00:00,573.06,574.96,573.06,574.96
2014-12-03 13:00:00,574.75,575.78,573.75,575.3
2014-12-03 14:00:00,575.39,575.95,574.88,574.88
2014-12-04 09:00:00,576.63,578.92,576.63,577.69
2014-12-04 10:00:00,578.36,579.44,577.7,579.1
2014-12-04 11:00:00,579.16,580.25,579.13,579.92
2014-12-04 13:00:00,579.94,581.27,579.56,580.5
2014-12-04 14:00:00,580.48,581.04,578.38,578.38
2014-12-05 09:00:00,578.52,582.03,578.52,581.74
2014-12-05 10:00:00,581.71,582.42,581.18,582.14
2014-12-05 11:00:00,582.09,582.09,579.57,579.57
2014-12-05 13:00:00,580.18,580.88,578.18,579.71
2014-12-05 14:00:00,579.93,579.94,578.76,578.76
2014-12-08 09:00:00,577.44,577.44,574.11,574.32
2014-12-08 10:00:00,574.24,575.17,572.65,572.65
2014-12-08 11:00:00,572.6,572.73,569.24,572.09
2014-12-08 13:00:00,573.02,576.37,572.49,574.8
2014-12-08 14:00:00,574.6,575.77,571.68,571.68
2014-12-09 09:00:00,567.55,567.55,562.35,563.66
2014-12-09 10:00:00,563.67,564.21,560.01,561.08
2014-12-09 11:00:00,561.06,563.96,560.99,563.56
2014-12-09 13:00:00,562.25,563.02,560.0,560.0
2014-12-09 14:00:00,560.02,560.02,554.51,555.31
2014-12-10 09:00:00,550.35,552.01,544.78,545.58
2014-12-10 10:00:00,545.82,547.64,545.82,546.66
2014-12-10 11:00:00,546.67,554.55,546.67,554.55
2014-12-10 13:00:00,554.42,555.72,550.43,554.3
2014-12-10 14:00:00,554.71,558.47,554.59,557.19
2014-12-11 09:00:00,549.78,553.5,547.55,552.19
2014-12-11 10:00:00,551.54,552.41,549.12,551.96
2014-12-11 11:00:00,552.38,556.01,552.38,555.56
2014-12-11 13:00:00,555.6,557.96,555.32,555.75
2014-12-11 14:00:00,555.53,555.58,550.11,550.11
2014-12-12 09:00:00,547.69,551.97,547.69,550.79
2014-12-12 10:00:00,550.28,553.63,549.58,553.5
2014-12-12 11:00:00,553.51,553.52,550.3,551.43
2014-12-12 13:00:00,551.8,554.38,550.86,553.85
2014-12-12 14:00:00,553.33,554.82,552.97,553.93
2014-12-15 09:00:00,550.8,552.53,550.39,551.3
2014-12-15 10:00:00,551.19,552.87,551.12,552.34
2014-12-15 11:00:00,551.82,554.35,551.82,553.57
2014-12-15 13:00:00,553.52,553.69,550.27,551.2
2014-12-15 14:00:00,551.1,551.37,547.93,547.93
2014-12-16 09:00:00,545.33,545.66,541.04,542.38
2014-12-16 10:00:00,542.34,543.14,538.71,541.08
2014-12-16 11:00:00,541.57,541.57,538.82,538.91
2014-12-16 13:00:00,538.49,538.49,535.21,535.85
2014-12-16 14:00:00,535.86,535.86,535.0,535.14
2014-12-17 09:00:00,535.27,536.64,531.88,532.1
2014-12-17 10:00:00,532.12,534.93,531.81,531.81
2014-12-17 11:00:00,531.37,531.37,526.19,528.8
2014-12-17 13:00:00,527.99,527.99,515.92,515.92
2014-12-17 14:00:00,515.24,518.73,513.06,518.22
2014-12-18 09:00:00,522.9,526.64,522.45,522.45
2014-12-18 10:00:00,522.58,524.7,521.33,524.7
2014-12-18 11:00:00,524.78,526.91,524.78,526.9
2014-12-18 13:00:00,526.76,528.01,526.57,527.88
2014-12-18 14:00:00,527.91,528.6,527.48,528.45
2014-12-19 09:00:00,527.61,533.3,527.61,529.34
2014-12-19 10:00:00,529.32,529.32,525.09,525.85
2014-12-19 11:00:00,526.3,526.57,523.78,523.78
2014-12-19 13:00:00,524.38,524.77,522.1,523.73
2014-12-19 14:00:00,524.16,526.07,523.09,523.09
2014-12-22 09:00:00,527.28,531.0,527.28,530.09
2014-12-22 10:00:00,530.05,533.46,530.05,533.46
2014-12-22 11:00:00,533.39,535.59,533.38,535.37
2014-12-22 13:00:00,535.82,536.69,535.33,536.04
2014-12-22 14:00:00,536.02,537.54,535.98,537.54
2014-12-23 09:00:00,535.61,539.71,532.78,536.75
2014-12-23 10:00:00,536.76,542.32,536.76,542.32
2014-12-23 11:00:00,542.79,543.22,540.99,541.23
2014-12-23 13:00:00,541.02,541.02,537.12,537.95
2014-12-23 14:00:00,537.27,538.61,537.05,537.88
2014-12-24 09:00:00,540.46,541.37,539.75,540.16
2014-12-24 10:00:00,540.04,541.0,536.79,541.0
2014-12-24 11:00:00,541.04,541.3,540.42,540.87
2014-12-24 13:00:00,540.05,541.73,538.35,538.59
2014-12-24 14:00:00,538.72,539.44,538.11,539.44
2014-12-25 09:00:00,536.21,537.47,535.71,535.81
2014-12-25 10:00:00,535.96,537.35,535.47,537.21
2014-12-25 11:00:00,537.36,537.45,536.15,536.43
2014-12-25 13:00:00,536.26,536.97,531.52,532.18
2014-12-25 14:00:00,532.02,534.12,531.84,532.01
2014-12-26 09:00:00,531.84,533.47,527.41,528.34
2014-12-26 10:00:00,528.38,532.21,528.38,532.21
2014-12-26 11:00:00,532.33,534.58,531.92,534.5
2014-12-26 13:00:00,534.81,537.89,534.24,535.36
2014-12-26 14:00:00,535.45,535.63,533.37,533.37
2014-12-29 09:00:00,533.37,538.25,533.37,537.88
2014-12-29 10:00:00,537.66,538.83,535.21,535.7
2014-12-29 11:00:00,535.11,535.66,534.62,535.24
2014-12-29 13:00:00,535.13,535.59,529.08,529.08
2014-12-29 14:00:00,528.63,532.7,528.63,532.68
2014-12-30 09:00:00,531.07,532.72,528.24,528.24
2014-12-30 10:00:00,527.47,531.03,526.61,529.52
2014-12-30 11:00:00,529.49,532.93,529.15,532.93
2014-12-30 13:00:00,532.45,535.15,532.45,533.48
2014-12-30 14:00:00,534.08,537.57,533.2,537.57
2014-12-31 09:00:00,538.68,540.46,537.91,540.46
2014-12-31 10:00:00,540.01,543.68,539.29,543.08
2014-12-31 11:00:00,543.05,544.41,542.94,544.26
2014-12-31 13:00:00,544.3,546.62,544.09,545.44
2014-12-31 14:00:00,545.3,545.69,544.58,545.63
2015-01-05 09:00:00,545.43,546.6,543.78,546.35
2015-01-05 10:00:00,546.17,546.69,544.96,546.17
2015-01-05 11:00:00,546.82,549.12,546.82,549.12
2015-01-05 13:00:00,548.59,549.22,545.65,545.65
2015-01-05 14:00:00,545.52,546.08,544.13,544.45
2015-01-06 09:00:00,539.08,545.61,538.82,545.61
2015-01-06 10:00:00,545.79,546.65,544.31,544.67
2015-01-06 11:00:00,544.69,546.31,544.41,546.13
2015-01-06 13:00:00,545.27,548.71,545.26,547.9
2015-01-06 14:00:00,547.86,550.11,547.86,549.66
2015-01-07 09:00:00,548.44,553.47,548.44,551.86
2015-01-07 10:00:00,552.29,555.83,551.6,554.26
2015-01-07 11:00:00,554.18,554.18,550.74,550.74
2015-01-07 13:00:00,551.22,553.72,550.74,553.72
2015-01-07 14:00:00,553.48,554.31,551.86,552.05
2015-01-08 09:00:00,553.49,556.8,553.19,555.46
2015-01-08 10:00:00,555.44,556.0,553.96,555.52
2015-01-08 11:00:00,555.35,556.0,555.3,555.73
2015-01-08 13:00:00,556.01,556.04,552.15,554.3
2015-01-08 14:00:00,554.33,554.84,553.42,553.47
2015-01-09 09:00:00,555.53,565.74,555.53,564.34
2015-01-09 10:00:00,564.3,568.47,563.87,568.24
2015-01-09 11:00:00,568.27,568.27,567.44,567.95
2015-01-09 13:00:00,568.06,570.22,568.02,570.14
2015-01-09 14:00:00,570.26,570.52,569.56,569.73
2015-01-12 09:00:00,575.86,579.73,575.86,578.71
2015-01-12 10:00:00,578.62,579.67,576.61,576.61
2015-01-12 11:00:00,576.84,577.81,576.35,577.81
2015-01-12 13:00:00,577.02,578.4,576.98,577.12
2015-01-12 14:00:00,576.93,576.99,574.07,574.32
2015-01-13 09:00:00,573.26,580.65,573.26,576.42
2015-01-13 10:00:00,576.4,578.73,576.11,578.45
2015-01-13 11:00:00,578.53,579.1,577.09,577.49
2015-01-13 13:00:00,576.52,580.51,575.94,579.99
2015-01-13 14:00:00,580.01,580.6,578.95,580.6
2015-01-14 09:00:00,579.77,582.21,578.53,579.28
2015-01-14 10:00:00,579.13,579.21,571.67,574.68
2015-01-14 11:00:00,574.39,576.2,574.39,576.2
2015-01-14 13:00:00,575.22,579.09,575.22,578.15
2015-01-14 14:00:00,578.18,578.2,576.46,577.01
2015-01-15 09:00:00,577.01,581.24,575.77,575.93
2015-01-15 10:00:00,575.42,578.53,575.36,578.05
2015-01-15 11:00:00,579.3,579.3,577.08,577.33
2015-01-15 13:00:00,577.39,579.56,577.39,577.41
2015-01-15 14:00:00,577.88,578.47,576.93,577.74
2015-01-16 09:00:00,576.88,576.89,574.08,576.57
2015-01-16 10:00:00,577.2,578.04,575.02,575.92
2015-01-16 11:00:00,576.26,577.02,575.69,577.02
2015-01-16 13:00:00,576.59,578.51,576.2,576.41
2015-01-16 14:00:00,576.35,576.35,574.52,574.81
2015-01-19 09:00:00,576.5,579.06,575.28,577.04
2015-01-19 10:00:00,576.7,577.03,573.71,573.71
2015-01-19 11:00:00,573.72,575.55,573.34,575.28
2015-01-19 13:00:00,575.02,575.24,573.19,574.37
2015-01-19 14:00:00,574.33,574.38,570.1,571.51
2015-01-20 09:00:00,570.78,572.78,570.78,572.13
2015-01-20 10:00:00,572.12,574.39,571.7,573.53
2015-01-20 11:00:00,573.49,574.65,573.39,574.52
2015-01-20 13:00:00,574.3,574.96,571.77,571.77
2015-01-20 14:00:00,571.44,572.99,570.14,572.22
2015-01-21 09:00:00,573.54,574.41,572.53,572.53
2015-01-21 10:00:00,572.46,573.0,569.58,570.54
2015-01-21 11:00:00,571.31,573.06,571.31,573.06
2015-01-21 13:00:00,573.13,573.2,572.3,572.73
2015-01-21 14:00:00,572.72,572.88,569.12,569.12
2015-01-22 09:00:00,569.74,570.65,567.99,567.99
2015-01-22 10:00:00,567.98,570.91,567.82,569.94
2015-01-22 11:00:00,569.75,570.48,569.1,570.03
2015-01-22 13:00:00,569.41,576.48,568.68,575.95
2015-01-22 14:00:00,575.83,575.83,574.4,574.54
2015-01-23 09:00:00,578.22,580.94,578.03,578.47
2015-01-23 10:00:00,578.49,580.17,577.57,579.32
2015-01-23 11:00:00,579.42,579.85,578.87,579.56
2015-01-23 13:00:00,580.19,583.57,580.08,581.48
2015-01-23 14:00:00,581.93,582.38,580.46,582.38
2015-01-26 09:00:00,584.89,586.76,583.92,583.92
2015-01-26 10:00:00,583.83,584.73,583.19,583.34
2015-01-26 11:00:00,583.43,583.43,582.09,582.66
2015-01-26 13:00:00,582.53,583.28,581.46,581.96
2015-01-26 14:00:00,581.45,583.25,580.64,580.64
2015-01-27 09:00:00,580.45,581.78,578.57,581.55
2015-01-27 10:00:00,581.49,584.28,581.01,582.54
2015-01-27 11:00:00,582.73,584.11,582.15,584.07
2015-01-27 13:00:00,583.57,583.77,575.5,579.81
2015-01-27 14:00:00,580.06,581.08,578.49,579.3
2015-01-28 09:00:00,579.56,582.86,578.59,578.97
2015-01-28 10:00:00,578.93,583.1,578.93,581.39
2015-01-28 11:00:00,581.37,581.44,579.75,579.75
2015-01-28 13:00:00,579.72,582.41,579.65,581.28
2015-01-28 14:00:00,581.89,584.35,581.89,583.76
2015-01-29 09:00:00,584.18,585.66,581.9,584.44
2015-01-29 10:00:00,584.58,585.15,581.6,582.4
2015-01-29 11:00:00,582.26,583.29,581.88,583.29
2015-01-29 13:00:00,583.23,585.02,580.37,584.52
2015-01-29 14:00:00,584.51,584.72,583.1,583.28
2015-01-30 09:00:00,584.08,584.08,580.31,580.82
2015-01-30 10:00:00,580.01,582.61,579.57,580.61
2015-01-30 11:00:00,580.66,580.71,576.96,577.05
2015-01-30 13:00:00,576.58,579.07,574.46,578.01
2015-01-30 14:00:00,578.0,578.76,576.07,576.07
2015-02-02 09:00:00,576.07,579.73,574.6,574.6
2015-02-02 10:00:00,574.54,577.43,574.42,576.69
2015-02-02 11:00:00,576.68,576.79,575.8,575.81
2015-02-02 13:00:00,575.9,576.33,572.21,573.92
2015-02-02 14:00:00,574.15,575.13,570.37,570.37
2015-02-03 09:00:00,572.56,574.83,570.84,571.27
2015-02-03 10:00:00,571.14,571.14,566.12,566.51
2015-02-03 11:00:00,566.61,568.73,566.35,568.72
2015-02-03 13:00:00,568.71,571.95,568.1,571.95
2015-02-03 14:00:00,571.94,572.16,557.47,557.47
2015-02-04 09:00:00,556.93,558.72,553.21,557.84
2015-02-04 10:00:00,557.91,557.91,555.19,556.12
2015-02-04 11:00:00,555.62,557.52,554.36,557.37
2015-02-04 13:00:00,557.93,560.61,557.93,560.51
2015-02-04 14:00:00,560.55,561.69,558.64,561.45
2015-02-05 09:00:00,562.17,565.57,562.05,565.57
2015-02-05 10:00:00,565.71,567.11,565.05,567.11
2015-02-05 11:00:00,567.16,568.22,566.51,566.91
2015-02-05 13:00:00,566.19,567.08,564.08,565.72
2015-02-05 14:00:00,565.78,567.51,565.65,567.17
2015-02-06 09:00:00,569.03,573.31,569.03,572.92
2015-02-06 10:00:00,572.81,572.83,570.54,571.28
2015-02-06 11:00:00,571.08,572.16,570.73,572.16
2015-02-06 13:00:00,571.55,572.41,570.64,571.69
2015-02-06 14:00:00,572.31,574.36,572.31,574.13
2015-02-09 09:00:00,574.06,577.04,572.79,576.87
2015-02-09 10:00:00,576.77,577.04,574.63,576.13
2015-02-09 11:00:00,576.47,576.67,574.45,575.63
2015-02-09 13:00:00,575.6,576.9,574.32,576.07
2015-02-09 14:00:00,575.41,575.96,573.55,573.55
2015-02-10 09:00:00,575.74,576.53,574.24,575.13
2015-02-10 10:00:00,575.05,576.41,574.59,576.41
2015-02-10 11:00:00,575.75,577.35,575.58,577.11
2015-02-10 13:00:00,576.4,578.42,576.31,576.38
2015-02-10 14:00:00,576.9,577.34,574.52,574.52
2015-02-11 09:00:00,574.88,577.36,574.88,577.23
2015-02-11 10:00:00,576.98,578.7,576.16,578.52
2015-02-11 11:00:00,578.46,579.31,578.16,578.77
2015-02-11 13:00:00,579.0,580.89,578.09,579.78
2015-02-11 14:00:00,579.71,581.76,579.61,581.76
2015-02-12 09:00:00,582.52,583.91,582.52,583.34
2015-02-12 10:00:00,583.28,584.01,582.24,584.01
2015-02-12 11:00:00,583.99,584.99,583.86,584.82
2015-02-12 13:00:00,584.75,584.79,582.08,582.23
2015-02-12 14:00:00,582.19,584.67,581.86,584.67
2015-02-13 09:00:00,586.26,589.02,586.26,588.05
2015-02-13 10:00:00,588.49,588.72,586.83,587.61
2015-02-13 11:00:00,587.67,587.67,586.48,586.86
2015-02-13 13:00:00,586.41,587.8,585.68,587.02
2015-02-13 14:00:00,587.7,587.9,585.6,587.24
2015-02-24 09:00:00,590.18,591.2,589.74,591.15
2015-02-24 10:00:00,591.26,593.0,590.88,592.5
2015-02-24 11:00:00,592.48,592.5,591.01,591.65
2015-02-24 13:00:00,590.87,593.61,590.87,592.94
2015-02-24 14:00:00,593.54,596.95,592.62,596.95
2015-02-25 09:00:00,596.9,601.55,596.9,598.36
2015-02-25 10:00:00,598.06,599.5,595.9,599.4
2015-02-25 11:00:00,599.43,599.43,597.8,598.74
2015-02-25 13:00:00,598.63,598.9,596.32,596.81
2015-02-25 14:00:00,597.09,597.14,592.66,592.66
2015-02-26 09:00:00,593.95,595.41,592.71,592.91
2015-02-26 10:00:00,592.28,597.07,591.78,595.06
2015-02-26 11:00:00,595.31,595.86,594.98,595.33
2015-02-26 13:00:00,594.64,596.7,593.94,596.59
2015-02-26 14:00:00,596.66,596.78,595.55,596.72
2015-02-27 09:00:00,598.0,598.4,594.36,595.56
2015-02-27 10:00:00,595.58,595.58,592.55,592.58
2015-02-27 11:00:00,592.64,593.65,592.64,593.45
2015-02-27 13:00:00,594.19,594.34,590.58,592.16
2015-02-27 14:00:00,591.9,593.21,591.14,592.57
2015-03-02 09:00:00,591.75,593.72,590.7,591.3
2015-03-02 10:00:00,590.94,592.55,590.48,591.04
2015-03-02 11:00:00,591.26,591.77,590.79,590.94
2015-03-02 13:00:00,591.56,591.65,590.44,590.74
2015-03-02 14:00:00,590.81,590.84,588.59,590.73
2015-03-03 09:00:00,590.42,594.45,590.42,593.0
2015-03-03 10:00:00,592.93,593.64,591.85,593.36
2015-03-03 11:00:00,593.39,595.11,593.26,595.1
2015-03-03 13:00:00,594.82,595.24,593.23,594.4
2015-03-03 14:00:00,594.39,597.45,594.39,596.72
2015-03-04 09:00:00,598.49,600.69,597.4,598.02
2015-03-04 10:00:00,598.05,598.73,595.34,596.28
2015-03-04 11:00:00,596.43,597.73,595.96,596.67
2015-03-04 13:00:00,597.54,597.63,595.39,597.12
2015-03-04 14:00:00,597.28,600.39,597.16,600.39
2015-03-05 09:00:00,601.08,602.4,599.42,599.85
2015-03-05 10:00:00,600.02,600.02,598.11,599.86
2015-03-05 11:00:00,599.9,601.53,599.35,599.84
2015-03-05 13:00:00,599.8,600.92,596.75,596.89
2015-03-05 14:00:00,596.88,598.92,596.88,596.91
2015-03-06 09:00:00,596.42,597.2,593.62,595.8
2015-03-06 10:00:00,595.75,597.92,594.53,594.53
2015-03-06 11:00:00,594.99,595.87,594.72,595.26
2015-03-06 13:00:00,595.19,595.78,592.71,593.7
2015-03-06 14:00:00,594.31,598.33,593.97,593.97
2015-03-09 09:00:00,594.08,596.32,594.08,595.47
2015-03-09 10:00:00,595.41,596.03,591.89,592.72
2015-03-09 11:00:00,592.9,593.46,591.58,591.58
2015-03-09 13:00:00,592.17,593.2,590.63,590.65
2015-03-09 14:00:00,590.64,590.64,587.27,588.44
2015-03-10 09:00:00,586.38,590.91,586.38,589.56
2015-03-10 10:00:00,589.49,589.57,587.98,589.43
2015-03-10 11:00:00,589.25,589.31,588.43,589.03
2015-03-10 13:00:00,588.11,590.38,587.64,590.38
2015-03-10 14:00:00,590.37,591.17,589.66,589.66
2015-03-11 09:00:00,589.04,590.12,588.54,589.05
2015-03-11 10:00:00,588.75,588.77,586.49,588.39
2015-03-11 11:00:00,588.36,588.91,587.42,588.4
2015-03-11 13:00:00,588.9,590.56,586.88,587.75
2015-03-11 14:00:00,587.74,588.38,586.54,586.54
2015-03-12 09:00:00,585.89,589.67,585.89,587.56
2015-03-12 10:00:00,587.54,588.87,587.03,587.09
2015-03-12 11:00:00,587.07,587.23,586.18,586.21
2015-03-12 13:00:00,585.82,587.36,585.48,586.87
2015-03-12 14:00:00,587.05,589.56,587.05,588.53
2015-03-13 09:00:00,589.04,591.75,589.04,589.52
2015-03-13 10:00:00,589.92,590.02,587.62,587.62
2015-03-13 11:00:00,587.58,588.11,586.95,586.95
2015-03-13 13:00:00,587.54,589.45,586.95,588.0
2015-03-13 14:00:00,588.71,589.45,586.1,586.1
2015-03-16 09:00:00,583.26,586.19,582.83,584.58
2015-03-16 10:00:00,584.75,585.13,582.03,584.33
2015-03-16 11:00:00,583.18,584.52,583.18,584.4
2015-03-16 13:00:00,583.83,583.83,580.55,582.64
2015-03-16 14:00:00,582.66,582.66,580.8,580.8
2015-03-17 09:00:00,581.53,582.82,580.84,581.09
2015-03-17 10:00:00,580.97,583.55,580.78,583.55
2015-03-17 11:00:00,583.59,583.59,581.67,583.1
2015-03-17 13:00:00,581.54,583.09,580.86,581.36
2015-03-17 14:00:00,581.31,582.53,580.71,581.76
2015-03-18 09:00:00,580.81,581.53,579.79,579.79
2015-03-18 10:00:00,579.72,580.56,578.45,580.53
2015-03-18 11:00:00,579.99,580.67,578.73,580.67
2015-03-18 13:00:00,579.94,580.63,577.26,579.88
2015-03-18 14:00:00,579.92,580.18,578.68,578.68
2015-03-19 09:00:00,579.39,580.32,578.35,578.75
2015-03-19 10:00:00,578.66,578.66,576.46,577.2
2015-03-19 11:00:00,577.21,578.28,577.21,577.56
2015-03-19 13:00:00,577.01,577.12,574.07,574.07
2015-03-19 14:00:00,573.62,574.73,573.52,573.74
2015-03-20 09:00:00,572.57,575.54,571.92,574.87
2015-03-20 10:00:00,574.85,575.27,572.96,575.27
2015-03-20 11:00:00,574.74,575.68,574.72,575.17
2015-03-20 13:00:00,575.73,576.0,573.51,573.93
2015-03-20 14:00:00,573.98,577.56,573.98,575.44
2015-03-23 09:00:00,576.64,579.39,576.25,577.73
2015-03-23 10:00:00,577.46,577.69,576.27,576.45
2015-03-23 11:00:00,576.76,576.76,575.35,575.35
2015-03-23 13:00:00,574.92,574.92,572.03,572.62
2015-03-23 14:00:00,571.41,572.25,570.44,570.89
2015-03-24 09:00:00,569.33,569.91,563.44,565.43
2015-03-24 10:00:00,565.73,567.68,565.22,567.43
2015-03-24 11:00:00,567.28,567.4,566.08,566.45
2015-03-24 13:00:00,566.61,567.16,562.07,564.07
2015-03-24 14:00:00,563.49,567.84,563.11,567.43
2015-03-25 09:00:00,567.62,568.4,563.57,563.88
2015-03-25 10:00:00,563.82,564.38,559.87,561.83
2015-03-25 11:00:00,561.85,562.53,561.56,561.98
2015-03-25 13:00:00,562.44,563.37,561.1,561.68
2015-03-25 14:00:00,561.09,561.76,560.01,560.93
2015-03-26 09:00:00,556.12,558.77,553.19,554.48
2015-03-26 10:00:00,555.45,559.01,555.19,556.43
2015-03-26 11:00:00,556.51,557.6,555.44,557.49
2015-03-26 13:00:00,557.45,559.68,557.11,557.32
2015-03-26 14:00:00,557.22,557.91,556.16,556.16
2015-03-27 09:00:00,558.93,561.13,557.33,558.02
2015-03-27 10:00:00,557.78,558.32,556.22,556.39
2015-03-27 11:00:00,556.13,556.29,553.96,555.23
2015-03-27 13:00:00,555.91,555.92,552.45,552.56
2015-03-27 14:00:00,552.61,552.75,549.65,551.42
2015-03-30 09:00:00,551.75,554.26,551.62,553.77
2015-03-30 10:00:00,553.86,554.19,550.03,550.52
2015-03-30 11:00:00,550.58,551.84,550.34,550.35
2015-03-30 13:00:00,550.66,550.76,545.78,548.12
2015-03-30 14:00:00,547.86,548.02,545.07,545.19
2015-03-31 09:00:00,544.87,548.1,544.87,547.99
2015-03-31 10:00:00,547.34,551.41,547.27,551.41
2015-03-31 11:00:00,551.45,551.83,550.57,550.57
2015-03-31 13:00:00,550.51,552.72,550.42,551.91
2015-03-31 14:00:00,551.9,551.9,550.44,551.13
2015-04-01 09:00:00,550.8,551.69,549.43,549.85
2015-04-01 10:00:00,549.75,549.75,545.7,545.7
2015-04-01 11:00:00,545.65,546.73,545.5,546.03
2015-04-01 13:00:00,545.39,545.75,539.56,540.76
2015-04-01 14:00:00,540.98,541.56,537.3,538.91
2015-04-02 09:00:00,540.54,541.91,537.73,537.73
2015-04-02 10:00:00,537.63,540.74,536.87,540.59
2015-04-02 11:00:00,540.55,540.84,539.93,540.29
2015-04-02 13:00:00,540.89,545.51,540.83,545.51
2015-04-02 14:00:00,545.71,546.85,544.8,546.85
2015-04-03 09:00:00,548.69,549.44,548.11,549.41
2015-04-03 10:00:00,549.4,550.3,545.23,545.62
2015-04-03 11:00:00,544.74,547.8,544.22,547.27
2015-04-03 13:00:00,547.88,548.45,545.93,548.02
2015-04-03 14:00:00,547.85,549.33,547.7,547.85
2015-04-06 09:00:00,548.11,549.28,546.32,546.32
2015-04-06 10:00:00,545.79,547.83,544.7,547.64
2015-04-06 11:00:00,547.37,547.77,545.44,545.8
2015-04-06 13:00:00,546.27,546.74,545.41,545.57
2015-04-06 14:00:00,545.5,545.5,542.97,542.97
2015-04-07 09:00:00,542.71,544.45,542.11,542.11
2015-04-07 10:00:00,542.91,543.2,540.79,542.6
2015-04-07 11:00:00,542.75,544.65,542.72,544.28
2015-04-07 13:00:00,543.77,548.27,543.77,548.27
2015-04-07 14:00:00,548.19,548.37,547.21,548.11
2015-04-08 09:00:00,549.69,551.23,548.08,548.72
2015-04-08 10:00:00,548.15,548.85,547.74,548.1
2015-04-08 11:00:00,548.02,548.42,547.11,547.12
2015-04-08 13:00:00,547.27,548.15,546.31,546.81
2015-04-08 14:00:00,546.29,548.37,546.29,547.72
2015-04-09 09:00:00,547.26,548.77,547.1,547.32
2015-04-09 10:00:00,547.34,552.47,546.76,552.47
2015-04-09 11:00:00,552.11,552.32,550.33,550.33
2015-04-09 13:00:00,550.94,552.53,550.94,551.22
2015-04-09 14:00:00,551.16,551.98,550.21,550.52
2015-04-10 09:00:00,550.96,554.68,550.96,554.45
2015-04-10 10:00:00,554.39,554.93,552.03,554.25
2015-04-10 11:00:00,554.4,556.47,554.4,555.98
2015-04-10 13:00:00,556.42,557.65,555.95,556.46
2015-04-10 14:00:00,556.33,556.75,554.03,554.03
2015-04-13 09:00:00,556.35,559.59,556.35,558.89
2015-04-13 10:00:00,558.91,559.68,557.67,559.15
2015-04-13 11:00:00,559.26,559.58,558.79,558.97
2015-04-13 13:00:00,559.56,559.56,556.21,556.21
2015-04-13 14:00:00,556.18,559.54,555.97,559.54
2015-04-14 09:00:00,559.81,561.94,559.39,560.38
2015-04-14 10:00:00,559.78,562.66,558.49,562.34
2015-04-14 11:00:00,562.39,562.56,561.24,561.83
2015-04-14 13:00:00,562.94,562.95,559.18,560.27
2015-04-14 14:00:00,560.29,560.86,558.67,558.67
2015-04-15 09:00:00,558.94,561.23,558.94,560.0
2015-04-15 10:00:00,559.99,561.46,559.91,560.45
2015-04-15 11:00:00,560.41,562.64,559.96,562.64
2015-04-15 13:00:00,562.83,565.39,562.83,564.76
2015-04-15 14:00:00,564.27,565.21,563.44,564.5
2015-04-16 09:00:00,564.5,569.33,564.5,568.09
2015-04-16 10:00:00,568.38,569.37,567.83,568.67
2015-04-16 11:00:00,568.44,568.47,566.97,566.97
2015-04-16 13:00:00,566.93,567.58,566.25,567.05
2015-04-16 14:00:00,566.57,570.68,566.57,568.28
2015-04-17 09:00:00,568.28,571.5,568.28,570.54
2015-04-17 10:00:00,570.56,572.46,570.35,570.35
2015-04-17 11:00:00,570.3,571.1,569.8,570.47
2015-04-17 13:00:00,569.81,572.44,569.81,572.39
2015-04-17 14:00:00,572.34,572.76,568.32,568.32
2015-04-20 09:00:00,568.52,568.59,566.2,567.89
2015-04-20 10:00:00,568.02,568.83,566.7,566.92
2015-04-20 11:00:00,566.36,567.22,564.96,565.98
2015-04-20 13:00:00,565.81,565.81,562.66,563.92
2015-04-20 14:00:00,563.8,565.83,563.8,565.04
2015-04-21 09:00:00,563.78,566.52,563.61,566.44
2015-04-21 10:00:00,566.93,567.52,565.6,565.87
2015-04-21 11:00:00,565.98,566.69,565.79,566.11
2015-04-21 13:00:00,565.69,566.8,565.08,565.08
2015-04-21 14:00:00,565.04,565.5,562.24,562.24
2015-04-22 09:00:00,562.58,565.04,562.58,564.59
2015-04-22 10:00:00,564.61,564.69,562.71,564.23
2015-04-22 11:00:00,564.2,564.97,563.79,564.97
2015-04-22 13:00:00,564.34,564.75,561.53,562.61
2015-04-22 14:00:00,562.48,562.87,561.86,562.51
2015-04-23 09:00:00,562.85,564.45,562.85,563.2
2015-04-23 10:00:00,563.16,563.96,562.25,563.1
2015-04-23 11:00:00,562.82,563.6,562.39,562.83
2015-04-23 13:00:00,562.76,562.76,557.57,559.07
2015-04-23 14:00:00,559.5,562.86,559.47,561.25
2015-04-24 09:00:00,563.17,563.59,561.74,562.03
2015-04-24 10:00:00,562.04,563.2,561.56,563.17
2015-04-24 11:00:00,563.31,564.72,562.81,564.72
2015-04-24 13:00:00,564.32,567.36,564.1,564.1
2015-04-24 14:00:00,564.22,565.77,564.22,565.77
2015-04-27 09:00:00,567.77,568.15,566.65,568.15
2015-04-27 10:00:00,567.59,568.47,566.23,566.23
2015-04-27 11:00:00,566.2,566.99,565.73,565.73
2015-04-27 13:00:00,565.06,566.13,563.92,565.53
2015-04-27 14:00:00,565.74,566.87,562.4,562.4
2015-05-04 09:00:00,560.62,563.36,560.44,561.3
2015-05-04 10:00:00,561.25,561.25,557.08,558.65
2015-05-04 11:00:00,558.62,559.56,558.3,558.87
2015-05-04 13:00:00,558.3,558.31,551.79,553.06
2015-05-04 14:00:00,553.2,553.2,545.08,545.08
2015-05-05 09:00:00,544.8,544.8,539.04,542.22
2015-05-05 10:00:00,542.41,546.07,542.41,546.07
2015-05-05 11:00:00,546.26,548.09,545.94,546.0
2015-05-05 13:00:00,546.01,550.06,546.01,550.04
2015-05-05 14:00:00,549.89,552.65,549.89,552.65
2015-05-06 09:00:00,553.3,555.51,552.04,554.1
2015-05-06 10:00:00,554.67,554.67,550.25,550.29
2015-05-06 11:00:00,550.37,553.37,550.37,553.36
2015-05-06 13:00:00,553.31,554.06,549.46,549.46
2015-05-06 14:00:00,549.97,551.16,548.17,549.3
2015-05-07 09:00:00,548.51,550.25,547.53,549.55
2015-05-07 10:00:00,549.54,550.94,549.32,550.89
2015-05-07 11:00:00,550.84,553.93,550.75,553.45
2015-05-07 13:00:00,553.63,554.22,552.64,553.02
2015-05-07 14:00:00,552.56,553.87,552.55,552.98
2015-05-08 09:00:00,551.57,554.64,550.93,554.64
2015-05-08 10:00:00,554.48,555.9,554.11,555.46
2015-05-08 11:00:00,555.59,556.36,554.93,556.23
2015-05-08 13:00:00,556.39,556.39,552.72,553.98
2015-05-08 14:00:00,553.43,554.65,553.43,554.51
2015-05-11 09:00:00,554.5,554.87,553.7,554.16
2015-05-11 10:00:00,554.86,556.2,554.19,555.81
2015-05-11 11:00:00,555.72,555.77,554.58,555.24
2015-05-11 13:00:00,554.38,555.43,552.74,552.88
2015-05-11 14:00:00,552.78,552.78,550.57,551.67
2015-05-12 09:00:00,551.98,552.56,549.12,549.4
2015-05-12 10:00:00,548.83,549.29,547.48,549.29
2015-05-12 11:00:00,549.94,550.34,548.84,548.84
2015-05-12 13:00:00,548.11,548.11,545.08,545.08
2015-05-12 14:00:00,545.03,545.03,542.7,544.41
2015-05-13 09:00:00,545.5,546.99,543.98,544.22
2015-05-13 10:00:00,544.14,544.32,539.86,539.86
2015-05-13 11:00:00,539.57,541.51,538.76,541.09
2015-05-13 13:00:00,540.97,544.82,540.85,543.79
2015-05-13 14:00:00,543.66,544.75,542.82,542.82
2015-05-14 09:00:00,542.53,544.12,542.02,542.62
2015-05-14 10:00:00,542.6,542.8,540.72,541.87
2015-05-14 11:00:00,541.79,542.21,540.92,541.45
2015-05-14 13:00:00,541.39,545.0,541.38,543.11
2015-05-14 14:00:00,543.45,543.87,542.64,543.69
2015-05-15 09:00:00,543.61,544.3,541.11,543.39
2015-05-15 10:00:00,542.96,545.48,542.96,543.78
2015-05-15 11:00:00,543.72,543.99,542.2,542.92
2015-05-15 13:00:00,542.69,543.69,539.46,540.98
2015-05-15 14:00:00,540.99,542.11,537.44,537.44
2015-05-18 09:00:00,535.82,536.71,529.19,530.29
2015-05-18 10:00:00,530.22,533.85,530.03,532.58
2015-05-18 11:00:00,532.25,533.4,532.25,533.14
2015-05-18 13:00:00,533.54,534.43,531.37,531.89
2015-05-18 14:00:00,531.92,531.92,528.9,528.95
2015-05-19 09:00:00,530.0,533.12,530.0,532.88
2015-05-19 10:00:00,532.9,534.58,532.38,533.4
2015-05-19 11:00:00,533.33,533.33,531.76,532.03
2015-05-19 13:00:00,532.15,533.87,531.93,533.78
2015-05-19 14:00:00,534.2,537.19,533.87,536.82
2015-05-20 09:00:00,536.35,538.77,536.07,538.77
2015-05-20 10:00:00,538.95,543.75,538.95,543.75
2015-05-20 11:00:00,543.74,545.64,543.63,545.07
2015-05-20 13:00:00,544.72,549.17,544.72,549.1
2015-05-20 14:00:00,549.26,550.33,548.93,550.1
2015-05-21 09:00:00,550.99,554.0,549.22,550.22
2015-05-21 10:00:00,550.4,551.04,548.43,548.43
2015-05-21 11:00:00,548.33,550.66,547.95,550.13
2015-05-21 13:00:00,549.97,553.12,549.35,553.12
2015-05-21 14:00:00,552.53,553.97,552.43,552.56
2015-05-22 09:00:00,553.41,556.23,550.81,556.12
2015-05-22 10:00:00,556.26,556.29,551.68,553.25
2015-05-22 11:00:00,553.44,555.62,553.04,555.32
2015-05-22 13:00:00,554.54,560.5,554.54,560.5
2015-05-22 14:00:00,560.27,561.82,558.88,561.82
2015-05-25 09:00:00,560.8,563.84,560.41,561.06
2015-05-25 10:00:00,561.1,563.56,560.77,562.13
2015-05-25 11:00:00,562.06,562.06,559.18,559.18
2015-05-25 13:00:00,559.22,561.82,558.5,561.38
2015-05-25 14:00:00,561.35,563.0,561.24,563.0
2015-05-26 09:00:00,563.31,564.68,562.58,564.68
2015-05-26 10:00:00,564.74,567.99,564.74,565.82
2015-05-26 11:00:00,565.96,565.96,564.15,564.33
2015-05-26 13:00:00,564.24,569.25,564.24,569.25
2015-05-26 14:00:00,569.23,570.29,567.2,567.2
2015-05-27 09:00:00,564.64,567.77,563.28,567.77
2015-05-27 10:00:00,567.85,568.63,564.89,564.92
2015-05-27 11:00:00,565.09,567.58,565.0,566.69
2015-05-27 13:00:00,566.81,569.63,566.81,567.36
2015-05-27 14:00:00,567.33,567.58,566.02,566.48
2015-05-28 09:00:00,566.13,566.88,564.73,566.84
2015-05-28 10:00:00,566.72,570.15,566.44,570.15
2015-05-28 11:00:00,570.19,573.72,569.56,573.08
2015-05-28 13:00:00,573.26,576.92,572.59,572.76
2015-05-28 14:00:00,572.32,573.53,572.05,572.97
2015-05-29 09:00:00,572.73,577.03,572.73,573.78
2015-05-29 10:00:00,573.82,573.82,571.1,572.89
2015-05-29 11:00:00,572.94,573.28,571.88,572.37
2015-05-29 13:00:00,572.34,572.67,568.7,571.8
2015-05-29 14:00:00,571.77,572.15,569.56,569.56
2015-06-01 09:00:00,571.15,572.71,570.14,571.21
2015-06-01 10:00:00,571.52,575.13,571.03,575.13
2015-06-01 11:00:00,575.39,578.58,575.39,578.58
2015-06-01 13:00:00,579.04,579.58,575.87,576.98
2015-06-01 14:00:00,576.76,576.88,574.98,574.98
2015-06-02 09:00:00,575.7,581.24,575.6,577.5
2015-06-02 10:00:00,577.7,580.59,577.33,580.59
2015-06-02 11:00:00,580.68,581.01,575.31,575.31
2015-06-02 13:00:00,574.67,577.64,574.67,576.21
2015-06-02 14:00:00,576.18,576.18,570.31,570.31
2015-06-03 09:00:00,570.55,573.56,568.53,571.03
2015-06-03 10:00:00,570.72,573.91,569.81,573.26
2015-06-03 11:00:00,572.58,572.71,569.52,570.33
2015-06-03 13:00:00,569.19,571.23,568.51,571.23
2015-06-03 14:00:00,571.09,571.09,567.81,567.9
2015-06-04 09:00:00,568.01,572.35,567.89,568.21
2015-06-04 10:00:00,568.16,573.5,568.16,571.55
2015-06-04 11:00:00,570.96,572.07,570.44,570.44
2015-06-04 13:00:00,570.04,571.43,568.73,569.45
2015-06-04 14:00:00,569.48,569.76,568.17,568.99
2015-06-05 09:00:00,568.63,570.14,568.37,570.06
2015-06-05 10:00:00,570.19,572.09,570.19,570.65
2015-06-05 11:00:00,570.5,570.8,569.43,570.28
2015-06-05 13:00:00,570.23,578.57,568.97,578.45
2015-06-05 14:00:00,578.73,579.01,575.86,578.07
2015-06-08 09:00:00,580.74,583.68,580.74,581.63
2015-06-08 10:00:00,581.6,582.09,579.45,581.04
2015-06-08 11:00:00,581.02,584.39,581.02,584.24
2015-06-08 13:00:00,585.34,585.51,582.28,583.16
2015-06-08 14:00:00,583.59,584.23,579.83,579.83
2015-06-09 09:00:00,578.68,581.76,577.62,579.78
2015-06-09 10:00:00,579.93,582.13,579.3,581.68
2015-06-09 11:00:00,581.74,581.83,578.21,578.49
2015-06-09 13:00:00,577.96,580.2,577.69,579.04
2015-06-09 14:00:00,578.96,578.96,573.73,574.47
2015-06-10 09:00:00,576.06,576.62,572.52,573.57
2015-06-10 10:00:00,573.6,575.65,571.8,572.21
2015-06-10 11:00:00,572.13,572.13,569.59,570.83
2015-06-10 13:00:00,570.78,575.66,570.78,572.14
2015-06-10 14:00:00,572.19,574.1,571.57,574.1
2015-06-11 09:00:00,577.32,579.65,575.25,575.97
2015-06-11 10:00:00,575.92,577.44,575.92,577.44
2015-06-11 11:00:00,577.66,581.6,577.66,579.43
2015-06-11 13:00:00,579.42,582.68,579.07,581.82
2015-06-11 14:00:00,580.73,581.77,580.0,581.05
2015-06-12 09:00:00,582.54,585.01,582.54,582.87
2015-06-12 10:00:00,583.07,583.65,581.97,581.97
2015-06-12 11:00:00,581.89,582.92,581.39,582.92
2015-06-12 13:00:00,582.87,583.15,579.62,579.62
2015-06-12 14:00:00,579.73,582.73,578.8,582.73
2015-06-15 09:00:00,583.51,584.87,582.35,582.66
2015-06-15 10:00:00,582.69,583.62,581.35,582.58
2015-06-15 11:00:00,582.61,583.0,582.15,582.83
2015-06-15 13:00:00,583.25,586.67,581.86,583.08
2015-06-15 14:00:00,583.1,586.48,581.78,586.48
2015-06-16 09:00:00,587.76,588.39,585.41,586.66
2015-06-16 10:00:00,586.86,589.33,584.28,584.28
2015-06-16 11:00:00,584.09,585.16,582.0,583.77
2015-06-16 13:00:00,583.55,585.81,583.51,585.81
2015-06-16 14:00:00,585.46,586.27,580.35,580.35
2015-06-17 09:00:00,578.53,579.99,575.88,579.84
2015-06-17 10:00:00,579.98,581.03,576.22,577.88
2015-06-17 11:00:00,577.45,578.72,577.05,578.7
2015-06-17 13:00:00,579.16,584.04,578.63,582.09
2015-06-17 14:00:00,581.87,582.25,578.68,578.87
2015-06-18 09:00:00,578.73,582.17,578.73,580.34
2015-06-18 10:00:00,580.17,580.97,578.47,580.34
2015-06-18 11:00:00,580.46,582.82,580.29,581.84
2015-06-18 13:00:00,582.08,583.02,580.81,581.16
2015-06-18 14:00:00,580.15,581.87,580.12,580.35
2015-06-19 09:00:00,584.08,588.48,583.51,588.23
2015-06-19 10:00:00,588.09,588.09,585.53,586.07
2015-06-19 11:00:00,585.92,586.38,584.76,584.76
2015-06-19 13:00:00,585.7,586.49,582.47,584.17
2015-06-19 14:00:00,584.15,585.15,582.92,584.7
2015-06-22 09:00:00,588.33,590.61,588.01,589.57
2015-06-22 10:00:00,589.39,590.23,588.72,589.78
2015-06-22 11:00:00,590.02,591.53,590.0,590.68
2015-06-22 13:00:00,591.06,592.78,590.7,592.48
2015-06-22 14:00:00,592.47,594.08,591.67,594.08
2015-06-23 09:00:00,592.44,593.03,591.39,592.09
2015-06-23 10:00:00,592.58,594.85,590.76,594.54
2015-06-23 11:00:00,594.5,594.82,593.31,593.96
2015-06-23 13:00:00,593.48,594.9,592.4,594.73
2015-06-23 14:00:00,594.34,595.11,593.07,593.07
2015-06-24 09:00:00,592.19,592.82,591.31,591.43
2015-06-24 10:00:00,592.1,592.23,589.02,590.84
2015-06-24 11:00:00,590.88,593.79,590.33,593.77
2015-06-24 13:00:00,593.34,594.01,590.82,590.87
2015-06-24 14:00:00,590.64,591.81,589.8,590.02
2015-06-25 09:00:00,589.29,590.06,585.77,585.77
2015-06-25 10:00:00,585.67,588.43,585.34,586.3
2015-06-25 11:00:00,586.31,587.08,585.58,586.69
2015-06-25 13:00:00,585.77,590.37,585.77,589.98
2015-06-25 14:00:00,589.51,590.33,587.99,587.99
2015-06-26 09:00:00,586.04,591.74,585.55,591.48
2015-06-26 10:00:00,591.86,592.59,588.59,589.87
2015-06-26 11:00:00,589.88,589.88,587.46,588.03
2015-06-26 13:00:00,588.31,591.27,587.19,588.09
2015-06-26 14:00:00,587.75,588.16,581.75,581.75
2015-06-29 09:00:00,580.16,588.99,579.61,588.19
2015-06-29 10:00:00,588.39,588.39,584.57,586.59
2015-06-29 11:00:00,586.69,588.74,586.46,587.94
2015-06-29 13:00:00,588.67,590.02,587.65,590.02
2015-06-29 14:00:00,590.04,591.75,589.34,591.75
2015-06-30 09:00:00,588.77,595.76,588.77,594.47
2015-06-30 10:00:00,595.01,595.1,593.15,595.04
2015-06-30 11:00:00,594.97,597.36,594.77,597.12
2015-06-30 13:00:00,595.79,598.98,595.79,598.44
2015-06-30 14:00:00,598.21,598.21,593.05,593.05
2015-07-01 09:00:00,594.52,594.52,592.32,594.19
2015-07-01 10:00:00,594.13,594.47,590.25,593.54
2015-07-01 11:00:00,592.98,594.11,592.94,593.92
2015-07-01 13:00:00,593.96,594.48,587.33,588.83
2015-07-01 14:00:00,588.89,591.93,588.89,591.5
2015-07-02 09:00:00,591.5,595.25,590.52,595.25
2015-07-02 10:00:00,594.83,597.73,594.83,597.18
2015-07-02 11:00:00,597.16,597.4,595.71,597.06
2015-07-02 13:00:00,596.66,604.09,596.46,604.09
2015-07-02 14:00:00,604.52,605.7,603.15,605.7
2015-07-03 09:00:00,608.82,617.96,608.82,616.75
2015-07-03 10:00:00,616.45,616.45,612.1,615.58
2015-07-03 11:00:00,615.47,616.04,614.65,615.44
2015-07-03 13:00:00,614.06,616.4,614.06,615.08
2015-07-03 14:00:00,615.31,616.43,614.52,616.43
2015-07-06 09:00:00,618.75,623.32,618.71,619.85
2015-07-06 10:00:00,620.39,622.77,620.0,620.66
2015-07-06 11:00:00,620.64,620.77,618.81,619.58
2015-07-06 13:00:00,620.33,625.01,618.65,623.88
2015-07-06 14:00:00,623.75,625.34,623.7,625.22
2015-07-07 09:00:00,623.89,626.04,620.59,626.04
2015-07-07 10:00:00,625.79,631.2,625.79,626.23
2015-07-07 11:00:00,626.22,627.61,626.2,627.18
2015-07-07 13:00:00,626.94,630.32,625.17,630.32
2015-07-07 14:00:00,630.81,633.73,630.23,630.27
2015-07-08 09:00:00,630.4,634.13,627.34,629.15
2015-07-08 10:00:00,629.36,630.78,625.27,629.63
2015-07-08 11:00:00,628.64,629.13,617.29,618.75
2015-07-08 13:00:00,618.54,625.51,618.33,620.47
2015-07-08 14:00:00,620.96,623.17,619.25,623.17
2015-07-09 09:00:00,616.2,623.01,613.34,620.55
2015-07-09 10:00:00,620.25,626.38,618.94,624.34
2015-07-09 11:00:00,624.27,626.16,623.77,623.77
2015-07-09 13:00:00,623.41,624.43,618.14,621.68
2015-07-09 14:00:00,621.02,623.53,620.91,622.1
2015-07-10 09:00:00,627.56,628.98,624.7,625.12
2015-07-10 10:00:00,625.23,629.46,625.07,627.33
2015-07-10 11:00:00,627.4,627.97,625.27,625.61
2015-07-10 13:00:00,625.62,630.79,625.5,629.6
2015-07-10 14:00:00,629.5,630.42,627.28,627.28
2015-07-13 09:00:00,631.56,632.41,627.69,629.27
2015-07-13 10:00:00,629.96,632.74,629.37,632.74
2015-07-13 11:00:00,632.78,633.08,631.7,632.67
2015-07-13 13:00:00,633.33,637.07,633.33,634.84
2015-07-13 14:00:00,634.88,635.0,632.93,634.06
2015-07-14 09:00:00,635.55,639.69,635.44,637.88
2015-07-14 10:00:00,637.95,638.27,628.43,633.06
2015-07-14 11:00:00,633.55,637.55,633.55,635.01
2015-07-14 13:00:00,634.75,637.81,634.65,637.07
2015-07-14 14:00:00,637.53,640.43,636.89,638.69
2015-07-15 09:00:00,640.43,641.06,634.05,638.2
2015-07-15 10:00:00,637.98,638.1,635.22,637.12
2015-07-15 11:00:00,637.63,639.66,637.46,639.36
2015-07-15 13:00:00,639.68,640.37,637.86,639.45
2015-07-15 14:00:00,639.25,639.25,630.89,630.89
2015-07-16 09:00:00,627.32,630.28,624.19,624.19
2015-07-16 10:00:00,622.77,627.97,622.57,627.97
2015-07-16 11:00:00,626.53,632.21,626.53,629.46
2015-07-16 13:00:00,629.21,629.92,625.83,627.75
2015-07-16 14:00:00,627.73,628.25,626.33,626.9
2015-07-17 09:00:00,628.45,630.45,627.51,629.55
2015-07-17 10:00:00,629.54,631.36,626.21,626.94
2015-07-17 11:00:00,626.93,628.52,626.46,628.0
2015-07-17 13:00:00,628.32,631.61,627.55,630.64
2015-07-17 14:00:00,630.55,631.67,628.63,628.63
2015-07-20 09:00:00,624.84,624.84,616.11,618.88
2015-07-20 10:00:00,618.7,623.07,618.7,623.07
2015-07-20 11:00:00,623.26,623.7,619.54,619.54
2015-07-20 13:00:00,618.51,623.98,616.62,623.69
2015-07-20 14:00:00,623.2,623.99,620.54,620.54
2015-07-21 09:00:00,619.9,624.47,619.9,620.14
2015-07-21 10:00:00,620.15,623.69,619.02,622.32
2015-07-21 11:00:00,622.17,622.27,620.37,621.5
2015-07-21 13:00:00,620.82,621.0,614.34,614.34
2015-07-21 14:00:00,614.18,617.74,613.83,616.61
2015-07-22 09:00:00,614.56,618.0,613.58,615.28
2015-07-22 10:00:00,615.66,620.63,615.1,620.07
2015-07-22 11:00:00,620.47,620.47,619.31,619.94
2015-07-22 13:00:00,620.03,624.17,619.23,623.19
2015-07-22 14:00:00,623.14,629.94,622.42,629.85
2015-07-23 09:00:00,632.07,637.91,632.07,634.07
2015-07-23 10:00:00,634.03,634.54,631.47,631.47
2015-07-23 11:00:00,631.43,635.29,631.43,634.28
2015-07-23 13:00:00,633.89,635.86,633.21,634.45
2015-07-23 14:00:00,634.23,634.98,632.01,632.01
2015-07-24 09:00:00,633.27,634.51,630.65,632.04
2015-07-24 10:00:00,632.51,632.56,630.79,631.26
2015-07-24 11:00:00,630.92,631.66,628.42,629.14
2015-07-24 13:00:00,628.97,634.39,627.99,634.39
2015-07-24 14:00:00,634.02,634.61,631.26,631.26
2015-07-27 09:00:00,629.68,634.88,629.42,631.98
2015-07-27 10:00:00,631.97,634.39,631.88,632.61
2015-07-27 11:00:00,632.59,634.14,631.74,632.49
2015-07-27 13:00:00,632.53,636.84,632.53,634.83
2015-07-27 14:00:00,634.53,635.46,633.88,635.46
2015-07-28 09:00:00,636.58,637.42,633.95,637.13
2015-07-28 10:00:00,636.89,639.54,635.24,636.1
2015-07-28 11:00:00,636.28,637.85,635.11,637.85
2015-07-28 13:00:00,636.79,637.02,633.5,635.72
2015-07-28 14:00:00,636.8,637.02,631.47,631.47
2015-07-29 09:00:00,632.0,632.0,628.58,629.73
2015-07-29 10:00:00,629.7,633.99,628.5,633.99
2015-07-29 11:00:00,633.46,634.64,631.85,632.94
2015-07-29 13:00:00,632.62,632.85,628.19,629.84
2015-07-29 14:00:00,628.95,628.95,624.7,624.7
2015-07-30 09:00:00,625.46,626.18,623.37,624.71
2015-07-30 10:00:00,624.51,627.11,624.19,625.3
2015-07-30 11:00:00,625.92,625.92,622.43,622.9
2015-07-30 13:00:00,622.91,626.46,622.76,626.16
2015-07-30 14:00:00,626.15,626.57,624.76,626.57
2015-07-31 09:00:00,628.31,629.31,626.6,629.31
2015-07-31 10:00:00,629.3,629.97,627.76,627.76
2015-07-31 11:00:00,627.8,627.8,624.66,626.16
2015-07-31 13:00:00,626.34,627.46,625.1,627.07
2015-07-31 14:00:00,627.09,627.09,621.06,621.06
2015-08-03 09:00:00,617.12,617.12,611.9,612.82
2015-08-03 10:00:00,612.84,614.06,612.61,613.18
2015-08-03 11:00:00,612.69,613.0,605.63,609.63
2015-08-03 13:00:00,609.11,613.51,607.64,613.51
2015-08-03 14:00:00,613.79,613.9,609.47,609.47
2015-08-04 09:00:00,607.95,609.91,604.76,605.1
2015-08-04 10:00:00,604.96,608.77,604.35,606.51
2015-08-04 11:00:00,606.44,607.07,605.58,606.46
2015-08-04 13:00:00,605.8,608.42,605.61,605.63
2015-08-04 14:00:00,604.88,604.88,600.76,600.76
2015-08-05 09:00:00,600.68,605.55,600.68,603.42
2015-08-05 10:00:00,603.45,604.11,603.28,603.64
2015-08-05 11:00:00,603.52,604.22,603.28,603.75
2015-08-05 13:00:00,604.07,608.21,603.97,604.68
2015-08-05 14:00:00,604.87,607.08,604.87,607.08
2015-08-06 09:00:00,607.84,609.31,605.64,606.28
2015-08-06 10:00:00,606.29,608.54,606.29,607.84
2015-08-06 11:00:00,607.79,607.91,606.49,607.15
2015-08-06 13:00:00,606.09,606.39,602.73,603.53
2015-08-06 14:00:00,603.71,604.4,600.85,601.04
2015-08-07 09:00:00,601.57,602.33,597.75,598.02
2015-08-07 10:00:00,598.27,604.04,598.27,603.55
2015-08-07 11:00:00,603.15,603.15,601.25,601.67
2015-08-07 13:00:00,602.11,603.73,601.96,601.96
2015-08-07 14:00:00,601.29,603.76,600.93,603.76
2015-08-10 09:00:00,603.82,609.52,603.82,606.95
2015-08-10 10:00:00,606.96,611.32,606.96,610.28
2015-08-10 11:00:00,609.55,610.16,608.85,609.7
2015-08-10 13:00:00,609.68,612.64,609.68,612.23
2015-08-10 14:00:00,611.77,614.53,611.77,614.53
2015-08-11 09:00:00,615.17,615.7,611.17,612.88
2015-08-11 10:00:00,613.27,613.63,611.73,612.78
2015-08-11 11:00:00,613.14,616.28,612.93,616.19
2015-08-11 13:00:00,616.13,619.69,615.46,616.99
2015-08-11 14:00:00,617.03,617.03,613.02,613.05
2015-08-12 09:00:00,609.33,610.57,606.32,608.01
2015-08-12 10:00:00,607.95,611.46,607.95,611.31
2015-08-12 11:00:00,611.15,611.23,606.64,606.64
2015-08-12 13:00:00,606.76,606.95,603.83,604.4
2015-08-12 14:00:00,603.52,605.15,602.01,604.24
2015-08-13 09:00:00,603.31,603.31,597.18,599.25
2015-08-13 10:00:00,599.29,602.45,598.85,598.85
2015-08-13 11:00:00,599.2,599.86,598.05,598.24
2015-08-13 13:00:00,596.69,597.55,590.44,594.68
2015-08-13 14:00:00,594.08,595.69,594.08,594.26
2015-08-14 09:00:00,592.8,598.55,592.47,594.05
2015-08-14 10:00:00,594.27,595.49,590.15,590.15
2015-08-14 11:00:00,590.01,590.85,586.9,590.56
2015-08-14 13:00:00,589.95,590.39,585.97,587.7
2015-08-14 14:00:00,587.86,590.89,587.4,589.03
2015-08-17 09:00:00,588.67,591.2,583.41,584.06
2015-08-17 10:00:00,584.26,588.17,584.26,587.8
2015-08-17 11:00:00,587.92,588.82,587.86,588.06
2015-08-17 13:00:00,587.66,587.68,573.37,573.37
2015-08-17 14:00:00,572.48,575.66,571.26,573.15
2015-08-18 09:00:00,571.31,577.54,571.22,574.63
2015-08-18 10:00:00,574.6,578.15,574.35,574.35
2015-08-18 11:00:00,574.32,574.32,572.26,573.28
2015-08-18 13:00:00,573.38,578.33,572.97,578.33
2015-08-18 14:00:00,578.36,580.22,577.81,580.22
2015-08-19 09:00:00,576.44,577.75,573.17,577.73
2015-08-19 10:00:00,577.66,577.95,573.8,573.85
2015-08-19 11:00:00,573.72,573.85,570.15,570.18
2015-08-19 13:00:00,569.21,580.99,569.21,577.35
2015-08-19 14:00:00,576.83,578.9,574.98,577.82
2015-08-20 09:00:00,577.82,577.82,573.49,573.94
2015-08-20 10:00:00,573.96,576.38,573.25,574.22
2015-08-20 11:00:00,574.23,574.63,573.53,574.15
2015-08-20 13:00:00,573.96,574.0,565.09,567.8
2015-08-20 14:00:00,568.16,568.48,566.35,566.69
2015-08-21 09:00:00,559.34,559.97,555.03,555.12
2015-08-21 10:00:00,554.88,555.31,542.46,542.76
2015-08-21 11:00:00,542.31,552.62,542.31,551.49
2015-08-21 13:00:00,551.18,552.48,548.1,551.05
2015-08-21 14:00:00,550.79,556.3,550.4,556.3
2015-08-24 09:00:00,550.48,550.48,543.51,543.51
2015-08-24 10:00:00,543.35,543.35,534.13,534.16
2015-08-24 11:00:00,533.98,533.98,526.42,527.73
2015-08-24 13:00:00,527.18,530.02,523.55,528.15
2015-08-24 14:00:00,527.75,527.75,524.57,526.93
2015-08-25 09:00:00,511.13,528.79,511.13,524.66
2015-08-25 10:00:00,524.59,529.91,523.94,529.91
2015-08-25 11:00:00,529.89,535.48,529.89,532.77
2015-08-25 13:00:00,532.71,532.71,523.27,525.41
2015-08-25 14:00:00,525.52,529.98,525.51,529.98
2015-08-26 09:00:00,530.05,538.09,530.05,534.43
2015-08-26 10:00:00,534.35,535.86,532.86,535.82
2015-08-26 11:00:00,535.87,539.81,535.87,539.74
2015-08-26 13:00:00,540.92,545.79,540.92,543.24
2015-08-26 14:00:00,543.18,545.89,542.86,545.89
2015-08-27 09:00:00,551.89,556.06,551.44,552.38
2015-08-27 10:00:00,552.17,555.2,551.47,554.49
2015-08-27 11:00:00,554.4,555.45,554.1,554.82
2015-08-27 13:00:00,554.67,558.93,554.67,555.8
2015-08-27 14:00:00,555.76,555.95,555.4,555.81
2015-08-28 09:00:00,561.36,564.63,561.36,563.86
2015-08-28 10:00:00,563.79,563.93,559.35,561.55
2015-08-28 11:00:00,561.52,563.57,561.52,563.57
2015-08-28 13:00:00,563.89,566.94,563.87,566.19
2015-08-28 14:00:00,565.97,570.87,564.99,570.87
2015-08-31 09:00:00,573.1,573.1,566.17,568.5
2015-08-31 10:00:00,568.33,572.22,567.73,572.08
2015-08-31 11:00:00,571.1,572.11,570.45,571.12
2015-08-31 13:00:00,570.18,571.15,563.99,566.18
2015-08-31 14:00:00,566.46,567.87,564.75,564.75
2015-09-01 09:00:00,565.75,567.66,562.17,563.18
2015-09-01 10:00:00,563.26,569.18,563.26,567.58
2015-09-01 11:00:00,568.18,568.18,567.03,567.04
2015-09-01 13:00:00,567.05,567.06,562.44,562.65
2015-09-01 14:00:00,562.21,562.45,561.28,562.31
2015-09-03 09:00:00,559.32,561.43,556.6,558.64
2015-09-03 10:00:00,558.68,560.38,557.71,559.72
2015-09-03 11:00:00,559.65,559.65,555.32,555.51
2015-09-03 13:00:00,555.04,556.53,551.47,551.66
2015-09-03 14:00:00,551.7,555.01,551.6,554.3
2015-09-04 09:00:00,554.85,558.9,554.77,557.06
2015-09-04 10:00:00,557.22,557.64,555.76,555.76
2015-09-04 11:00:00,555.65,557.27,555.65,557.27
2015-09-04 13:00:00,557.34,557.56,555.33,555.34
2015-09-04 14:00:00,555.43,556.91,555.4,556.81
2015-09-07 09:00:00,557.07,560.09,557.07,558.0
2015-09-07 10:00:00,558.1,558.1,555.31,557.35
2015-09-07 11:00:00,557.34,559.51,557.34,558.34
2015-09-07 13:00:00,558.09,558.37,555.82,555.82
2015-09-07 14:00:00,555.87,556.54,554.44,554.93
2015-09-08 09:00:00,554.48,556.33,554.34,555.9
2015-09-08 10:00:00,555.91,558.57,555.91,558.57
2015-09-08 11:00:00,559.31,561.05,559.31,560.99
2015-09-08 13:00:00,560.77,566.11,560.77,564.26
2015-09-08 14:00:00,564.22,566.72,564.22,566.72
2015-09-09 09:00:00,574.06,574.73,572.32,572.74
2015-09-09 10:00:00,572.7,572.7,569.69,571.28
2015-09-09 11:00:00,571.36,572.06,571.16,571.8
2015-09-09 13:00:00,572.1,574.57,571.73,573.74
2015-09-09 14:00:00,573.72,573.88,572.26,572.34
2015-09-10 09:00:00,567.51,570.05,567.09,568.54
2015-09-10 10:00:00,568.39,570.77,567.62,570.77
2015-09-10 11:00:00,571.12,573.17,570.14,571.01
2015-09-10 13:00:00,570.84,575.52,570.82,575.52
2015-09-10 14:00:00,575.71,576.13,572.07,572.07
2015-09-11 09:00:00,572.14,573.99,571.25,572.9
2015-09-11 10:00:00,572.93,573.19,570.9,572.25
2015-09-11 11:00:00,572.47,573.45,571.93,573.45
2015-09-11 13:00:00,572.43,573.26,569.6,569.6
2015-09-11 14:00:00,570.07,570.69,566.18,566.74
2015-09-14 09:00:00,569.21,572.25,568.52,568.52
2015-09-14 10:00:00,568.44,568.68,566.4,567.99
2015-09-14 11:00:00,567.88,567.88,565.91,565.91
2015-09-14 13:00:00,565.89,566.09,561.46,563.22
2015-09-14 14:00:00,563.3,564.03,562.17,562.17
2015-09-15 09:00:00,564.38,565.05,561.1,562.98
2015-09-15 10:00:00,562.83,565.04,562.69,563.85
2015-09-15 11:00:00,563.83,564.36,563.49,563.49
2015-09-15 13:00:00,563.57,564.15,562.55,564.01
2015-09-15 14:00:00,563.71,563.95,562.72,563.27
2015-09-16 09:00:00,561.86,564.82,561.86,564.3
2015-09-16 10:00:00,564.2,564.27,563.33,563.44
2015-09-16 11:00:00,563.41,563.47,562.2,562.25
2015-09-16 13:00:00,562.36,562.84,561.69,561.86
2015-09-16 14:00:00,561.9,564.13,561.9,564.13
2015-09-17 09:00:00,563.93,564.19,562.81,563.91
2015-09-17 10:00:00,563.45,565.67,563.38,565.46
2015-09-17 11:00:00,565.52,565.85,565.19,565.37
2015-09-17 13:00:00,564.93,565.25,563.73,563.73
2015-09-17 14:00:00,563.8,564.07,562.48,562.48
2015-09-18 09:00:00,564.69,567.02,564.69,566.77
2015-09-18 10:00:00,566.63,567.84,565.73,567.36
2015-09-18 11:00:00,567.42,567.98,567.37,567.96
2015-09-18 13:00:00,568.25,569.5,566.97,567.15
2015-09-18 14:00:00,567.3,568.31,566.25,566.25
2015-09-21 09:00:00,566.74,567.9,565.16,567.16
2015-09-21 10:00:00,567.28,568.6,567.22,568.52
2015-09-21 11:00:00,568.56,569.31,567.86,569.31
2015-09-21 13:00:00,568.8,571.74,568.76,571.2
2015-09-21 14:00:00,571.49,572.26,571.42,572.12
2015-09-22 09:00:00,573.09,575.17,572.79,573.09
2015-09-22 10:00:00,573.22,573.22,571.72,571.72
2015-09-22 11:00:00,571.87,572.29,571.22,572.26
2015-09-22 13:00:00,571.91,572.07,570.26,571.26
2015-09-22 14:00:00,571.23,573.2,571.12,573.2
2015-09-23 09:00:00,570.64,573.85,570.46,571.54
2015-09-23 10:00:00,571.5,572.15,569.82,570.59
2015-09-23 11:00:00,570.66,571.41,569.93,571.01
2015-09-23 13:00:00,570.99,571.57,569.64,569.94
2015-09-23 14:00:00,569.51,572.72,569.51,572.72
2015-09-24 09:00:00,573.5,574.87,572.81,573.03
2015-09-24 10:00:00,572.88,573.05,572.25,572.83
2015-09-24 11:00:00,572.55,574.45,572.02,574.16
2015-09-24 13:00:00,573.38,575.36,572.82,573.22
2015-09-24 14:00:00,573.65,573.71,570.12,570.25
2015-09-25 09:00:00,570.41,572.09,569.97,570.42
2015-09-25 10:00:00,570.44,571.07,567.71,568.05
2015-09-25 11:00:00,568.16,569.2,568.15,568.52
2015-09-25 13:00:00,568.25,570.91,568.25,570.03
2015-09-25 14:00:00,570.02,571.01,569.71,570.38
2015-09-28 09:00:00,571.29,572.15,568.86,569.26
2015-09-28 10:00:00,569.2,570.43,568.9,568.9
2015-09-28 11:00:00,568.91,568.91,566.38,567.89
2015-09-28 13:00:00,567.84,567.92,566.35,567.18
2015-09-28 14:00:00,567.35,567.5,564.88,564.88
2015-09-29 09:00:00,559.83,559.83,557.65,559.6
2015-09-29 10:00:00,559.64,561.76,559.64,560.43
2015-09-29 11:00:00,560.46,561.34,560.43,561.27
2015-09-29 13:00:00,560.99,560.99,557.76,558.18
2015-09-29 14:00:00,557.9,561.19,557.9,561.19
2015-09-30 09:00:00,562.5,565.65,562.5,564.29
2015-09-30 10:00:00,564.18,565.11,563.36,565.11
2015-09-30 11:00:00,565.12,565.39,564.49,565.14
2015-09-30 13:00:00,565.34,565.34,564.15,564.53
2015-09-30 14:00:00,564.18,564.82,562.64,562.64
2015-10-01 09:00:00,563.39,565.12,563.39,563.66
2015-10-01 10:00:00,563.52,565.63,563.49,565.34
2015-10-01 11:00:00,565.32,565.32,564.09,564.23
2015-10-01 13:00:00,564.19,564.69,563.55,563.93
2015-10-01 14:00:00,563.92,564.31,563.23,563.54
2015-10-02 09:00:00,563.33,564.03,561.76,562.03
2015-10-02 10:00:00,561.73,565.01,561.73,564.13
2015-10-02 11:00:00,564.2,564.2,562.9,563.79
2015-10-02 13:00:00,563.71,564.09,562.61,564.09
2015-10-02 14:00:00,564.12,564.26,562.31,562.31
2015-10-05 09:00:00,564.58,565.82,563.95,564.77
2015-10-05 10:00:00,564.73,567.61,564.46,566.51
2015-10-05 11:00:00,566.47,566.88,566.3,566.87
2015-10-05 13:00:00,566.88,569.6,566.32,568.55
2015-10-05 14:00:00,568.62,570.0,568.02,570.0
2015-10-06 09:00:00,577.45,577.98,574.63,574.91
2015-10-06 10:00:00,575.13,580.21,574.76,578.86
2015-10-06 11:00:00,578.77,579.23,577.79,578.56
2015-10-06 13:00:00,579.15,581.09,578.6,580.98
2015-10-06 14:00:00,580.49,581.38,580.3,581.29
2015-10-07 09:00:00,583.97,586.23,582.09,582.09
2015-10-07 10:00:00,581.98,587.3,581.98,585.52
2015-10-07 11:00:00,585.59,585.59,582.97,582.97
2015-10-07 13:00:00,583.06,583.85,581.01,583.06
2015-10-07 14:00:00,582.93,582.93,579.57,579.57
2015-10-08 09:00:00,580.04,584.45,579.82,582.2
2015-10-08 10:00:00,582.06,584.42,581.53,584.42
2015-10-08 11:00:00,585.05,585.56,583.99,584.75
2015-10-08 13:00:00,585.4,588.35,584.96,587.64
2015-10-08 14:00:00,587.7,587.71,586.67,586.78
2015-10-09 09:00:00,590.91,591.97,588.65,590.63
2015-10-09 10:00:00,590.48,591.29,589.4,590.39
2015-10-09 11:00:00,590.49,590.95,589.94,589.99
2015-10-09 13:00:00,590.81,593.02,588.64,588.64
2015-10-09 14:00:00,588.5,589.86,587.57,588.02
2015-10-12 09:00:00,587.72,590.26,587.71,587.71
2015-10-12 10:00:00,587.81,589.79,587.25,588.61
2015-10-12 11:00:00,589.34,592.03,589.34,591.88
2015-10-12 13:00:00,591.73,594.74,591.48,593.53
2015-10-12 14:00:00,593.45,594.12,592.1,592.1
2015-10-13 09:00:00,589.09,591.57,588.81,591.57
2015-10-13 10:00:00,591.66,591.66,588.54,589.74
2015-10-13 11:00:00,589.71,590.45,589.01,589.01
2015-10-13 13:00:00,589.33,590.3,588.75,590.19
2015-10-13 14:00:00,589.55,591.05,589.17,590.84
2015-10-14 09:00:00,592.45,593.73,591.87,592.73
2015-10-14 10:00:00,591.65,592.13,589.96,591.4
2015-10-14 11:00:00,591.17,591.72,589.66,590.13
2015-10-14 13:00:00,590.01,592.42,589.62,592.42
2015-10-14 14:00:00,592.36,592.46,589.98,589.98
2015-10-15 09:00:00,591.36,591.64,589.59,590.97
2015-10-15 10:00:00,590.78,591.64,589.53,589.74
2015-10-15 11:00:00,589.52,590.29,588.98,589.91
2015-10-15 13:00:00,589.57,593.79,589.57,593.77
2015-10-15 14:00:00,593.85,594.17,592.4,592.4
2015-10-16 09:00:00,592.4,598.24,592.4,597.59
2015-10-16 10:00:00,597.52,597.75,595.5,596.55
2015-10-16 11:00:00,596.8,598.22,596.44,598.22
2015-10-16 13:00:00,598.07,599.74,597.78,599.52
2015-10-16 14:00:00,599.5,599.5,593.02,593.02
2015-10-19 09:00:00,593.87,594.74,591.78,591.78
2015-10-19 10:00:00,591.6,595.15,591.6,593.77
2015-10-19 11:00:00,593.79,594.6,593.5,594.6
2015-10-19 13:00:00,595.13,598.11,595.13,597.02
2015-10-19 14:00:00,597.01,597.53,594.61,594.61
2015-10-20 09:00:00,594.97,595.68,593.59,595.68
2015-10-20 10:00:00,595.55,596.37,594.2,594.2
2015-10-20 11:00:00,594.32,594.32,592.06,592.57
2015-10-20 13:00:00,592.49,592.67,588.26,591.65
2015-10-20 14:00:00,591.57,592.31,589.58,590.45
2015-10-21 09:00:00,590.43,594.5,590.43,594.5
2015-10-21 10:00:00,594.27,594.46,592.84,593.12
2015-10-21 11:00:00,593.13,593.68,592.65,593.61
2015-10-21 13:00:00,593.03,593.76,589.84,590.27
2015-10-21 14:00:00,590.0,591.2,589.97,589.97
2015-10-22 09:00:00,590.24,591.72,590.22,590.35
2015-10-22 10:00:00,590.23,591.7,589.74,591.7
2015-10-22 11:00:00,591.94,593.25,591.74,593.25
2015-10-22 13:00:00,593.3,595.81,593.25,594.29
2015-10-22 14:00:00,594.34,595.27,594.33,595.08
2015-10-23 09:00:00,598.55,602.26,598.55,599.48
2015-10-23 10:00:00,598.92,599.4,598.25,599.1
2015-10-23 11:00:00,599.29,602.55,599.29,602.13
2015-10-23 13:00:00,601.24,602.3,599.65,600.41
2015-10-23 14:00:00,600.29,601.74,599.96,601.74
2015-10-26 09:00:00,604.41,606.79,604.38,605.2
2015-10-26 10:00:00,605.22,605.46,602.74,603.35
2015-10-26 11:00:00,603.27,605.13,603.23,605.13
2015-10-26 13:00:00,604.43,605.6,603.1,603.48
2015-10-26 14:00:00,603.41,603.86,598.61,598.61
2015-10-27 09:00:00,597.8,600.51,597.8,599.48
2015-10-27 10:00:00,599.44,599.44,595.62,599.12
2015-10-27 11:00:00,599.23,600.33,599.08,599.79
2015-10-27 13:00:00,599.52,599.76,598.05,598.2
2015-10-27 14:00:00,597.96,598.44,596.43,598.44
2015-10-28 09:00:00,599.09,600.62,599.09,600.45
2015-10-28 10:00:00,600.36,601.09,599.66,600.34
2015-10-28 11:00:00,600.47,600.53,598.87,599.59
2015-10-28 13:00:00,599.41,599.49,597.87,598.86
2015-10-28 14:00:00,598.74,599.22,596.24,596.24
2015-10-29 09:00:00,599.32,601.32,599.27,599.69
2015-10-29 10:00:00,599.76,600.88,598.8,600.19
2015-10-29 11:00:00,599.54,601.78,598.95,601.65
2015-10-29 13:00:00,601.67,602.79,601.21,602.73
2015-10-29 14:00:00,602.05,605.2,602.05,605.2
2015-10-30 09:00:00,605.49,608.01,605.36,605.52
2015-10-30 10:00:00,605.5,605.96,603.93,604.67
2015-10-30 11:00:00,604.71,606.56,604.52,606.56
2015-10-30 13:00:00,606.03,607.24,605.82,606.71
2015-10-30 14:00:00,606.79,607.57,606.12,607.37
2015-11-02 09:00:00,607.93,610.17,607.93,608.8
2015-11-02 10:00:00,608.82,608.85,606.73,607.57
2015-11-02 11:00:00,607.53,607.53,606.25,606.3
2015-11-02 13:00:00,606.87,606.87,604.13,605.29
2015-11-02 14:00:00,604.35,604.35,601.99,602.76
2015-11-03 09:00:00,605.32,607.21,604.05,604.16
2015-11-03 10:00:00,603.95,604.33,600.46,604.17
2015-11-03 11:00:00,604.19,604.44,603.14,603.48
2015-11-03 13:00:00,603.71,606.58,603.65,606.58
2015-11-03 14:00:00,606.86,611.71,606.65,611.71
2015-11-04 09:00:00,614.29,617.93,613.45,614.04
2015-11-04 10:00:00,614.36,614.98,613.22,614.5
2015-11-04 11:00:00,614.48,615.12,613.21,613.7
2015-11-04 13:00:00,613.64,614.49,612.47,613.97
2015-11-04 14:00:00,613.3,613.85,610.6,610.6
2015-11-05 09:00:00,609.49,612.4,608.53,611.93
2015-11-05 10:00:00,612.37,613.14,611.37,611.67
2015-11-05 11:00:00,611.94,611.94,609.79,611.66
2015-11-05 13:00:00,610.84,615.2,610.61,614.94
2015-11-05 14:00:00,614.93,616.46,614.73,615.18
2015-11-06 09:00:00,615.54,617.79,614.06,617.1
2015-11-06 10:00:00,617.19,617.19,613.58,613.58
2015-11-06 11:00:00,613.64,614.77,613.61,613.62
2015-11-06 13:00:00,612.87,614.09,608.89,614.09
2015-11-06 14:00:00,614.38,616.87,612.36,612.36
2015-11-09 09:00:00,612.29,613.46,610.47,613.28
2015-11-09 10:00:00,613.3,613.53,610.56,610.85
2015-11-09 11:00:00,610.94,612.45,610.35,611.99
2015-11-09 13:00:00,611.97,613.68,611.15,613.68
2015-11-09 14:00:00,613.73,613.79,610.66,610.66
2015-11-10 09:00:00,609.3,610.04,607.18,607.37
2015-11-10 10:00:00,606.76,609.39,605.08,609.22
2015-11-10 11:00:00,609.17,610.6,609.0,609.0
2015-11-10 13:00:00,608.85,609.49,605.98,605.98
2015-11-10 14:00:00,606.2,606.55,605.27,605.27
2015-11-11 09:00:00,604.13,607.1,603.97,604.43
2015-11-11 10:00:00,604.28,609.24,603.53,607.42
2015-11-11 11:00:00,607.7,607.87,606.05,606.62
2015-11-11 13:00:00,607.11,607.26,604.59,604.59
2015-11-11 14:00:00,604.81,604.81,603.34,603.53
2015-11-12 09:00:00,602.02,603.33,601.79,602.48
2015-11-12 10:00:00,602.65,603.03,599.86,601.11
2015-11-12 11:00:00,600.34,600.44,597.89,598.11
2015-11-12 13:00:00,598.09,602.1,595.86,600.15
2015-11-12 14:00:00,600.04,605.58,599.65,605.58
2015-11-13 09:00:00,604.41,607.98,603.72,605.58
2015-11-13 10:00:00,605.44,606.2,604.7,605.14
2015-11-13 11:00:00,605.13,606.84,604.72,606.13
2015-11-13 13:00:00,606.45,609.61,606.32,608.94
2015-11-13 14:00:00,609.0,611.27,608.58,611.27
2015-11-16 09:00:00,609.77,611.34,609.04,610.84
2015-11-16 10:00:00,611.49,611.92,608.56,608.56
2015-11-16 11:00:00,608.37,608.37,606.52,608.27
2015-11-16 13:00:00,607.57,609.39,605.39,609.39
2015-11-16 14:00:00,609.02,610.73,608.48,609.21
2015-11-17 09:00:00,609.46,610.67,608.68,608.68
2015-11-17 10:00:00,608.54,611.18,608.1,609.91
2015-11-17 11:00:00,610.3,610.76,609.29,609.29
2015-11-17 13:00:00,608.95,610.19,606.64,606.64
2015-11-17 14:00:00,606.54,607.35,605.05,605.05
2015-11-18 09:00:00,603.32,603.91,602.13,603.26
2015-11-18 10:00:00,604.01,606.62,603.92,604.01
2015-11-18 11:00:00,603.85,604.28,602.69,603.21
2015-11-18 13:00:00,603.32,606.14,603.21,605.4
2015-11-18 14:00:00,605.96,606.25,603.34,603.34
2015-11-19 09:00:00,604.38,605.56,603.04,603.04
2015-11-19 10:00:00,603.82,603.82,600.84,602.92
2015-11-19 11:00:00,602.91,604.37,602.91,604.32
2015-11-19 13:00:00,603.54,604.9,603.36,604.32
2015-11-19 14:00:00,604.26,604.26,601.9,601.9
2015-11-20 09:00:00,602.11,603.79,601.9,603.72
2015-11-20 10:00:00,603.74,605.32,602.63,604.88
2015-11-20 11:00:00,605.1,605.89,604.7,605.35
2015-11-20 13:00:00,605.27,606.58,605.23,605.51
2015-11-20 14:00:00,605.32,605.7,604.46,604.46
2015-11-23 09:00:00,605.89,607.69,605.3,606.65
2015-11-23 10:00:00,606.62,607.5,604.09,604.62
2015-11-23 11:00:00,604.7,605.46,604.6,604.84
2015-11-23 13:00:00,604.6,604.6,601.2,601.88
2015-11-23 14:00:00,602.24,602.71,599.99,599.99
2015-11-24 09:00:00,599.81,599.94,597.28,597.49
2015-11-24 10:00:00,597.4,598.09,594.86,595.78
2015-11-24 11:00:00,595.75,597.63,595.75,597.29
2015-11-24 13:00:00,597.11,597.48,593.62,593.62
2015-11-24 14:00:00,593.27,594.12,590.41,593.83
2015-11-25 09:00:00,593.24,594.31,588.88,589.04
2015-11-25 10:00:00,589.2,592.58,588.1,592.5
2015-11-25 11:00:00,592.24,593.3,591.5,593.23
2015-11-25 13:00:00,593.0,595.21,591.93,594.62
2015-11-25 14:00:00,594.26,596.92,594.26,595.7
2015-11-26 09:00:00,593.12,594.19,591.67,593.64
2015-11-26 10:00:00,593.91,594.67,593.35,593.61
2015-11-26 11:00:00,593.43,594.43,593.08,594.13
2015-11-26 13:00:00,593.47,593.47,591.94,592.41
2015-11-26 14:00:00,592.2,592.43,590.39,590.4
2015-11-27 09:00:00,589.09,591.84,587.93,587.93
2015-11-27 10:00:00,588.16,589.01,586.81,588.96
2015-11-27 11:00:00,588.8,590.92,588.16,590.31
2015-11-27 13:00:00,590.69,590.85,587.75,588.7
2015-11-27 14:00:00,587.83,588.48,582.86,582.86
2015-11-30 09:00:00,581.39,581.65,578.2,579.45
2015-11-30 10:00:00,579.4,579.84,576.67,577.31
2015-11-30 11:00:00,577.46,580.04,577.14,579.7
2015-11-30 13:00:00,579.02,579.06,571.12,574.92
2015-11-30 14:00:00,575.54,575.73,573.2,573.2
2015-12-01 09:00:00,573.39,577.58,573.35,575.2
2015-12-01 10:00:00,574.41,575.98,574.08,575.96
2015-12-01 11:00:00,575.95,576.2,573.39,573.39
2015-12-01 13:00:00,573.9,574.26,571.1,573.51
2015-12-01 14:00:00,573.34,573.35,570.41,570.41
2015-12-02 09:00:00,571.01,576.99,571.01,576.14
2015-12-02 10:00:00,576.23,577.03,574.16,574.64
2015-12-02 11:00:00,574.72,575.47,573.66,574.65
2015-12-02 13:00:00,574.81,575.57,573.67,574.35
2015-12-02 14:00:00,574.11,574.8,572.95,574.42
2015-12-03 09:00:00,574.04,575.23,573.58,574.73
2015-12-03 10:00:00,574.59,576.84,574.59,576.66
2015-12-03 11:00:00,576.56,576.62,575.53,575.56
2015-12-03 13:00:00,575.42,575.64,574.36,575.15
2015-12-03 14:00:00,575.0,575.0,573.2,574.38
2015-12-04 09:00:00,574.0,574.69,572.05,572.56
2015-12-04 10:00:00,572.73,573.47,572.26,572.33
2015-12-04 11:00:00,572.11,572.11,567.95,569.81
2015-12-04 13:00:00,568.99,571.27,568.67,571.27
2015-12-04 14:00:00,571.02,571.76,570.54,571.62
2015-12-07 09:00:00,570.12,571.2,567.19,567.67
2015-12-07 10:00:00,567.38,569.25,566.98,568.85
2015-12-07 11:00:00,568.38,568.56,567.24,567.71
2015-12-07 13:00:00,567.14,567.19,563.41,563.41
2015-12-07 14:00:00,564.29,564.87,563.62,563.62
2015-12-08 09:00:00,561.0,561.0,556.92,560.56
2015-12-08 10:00:00,560.97,564.71,560.76,562.81
2015-12-08 11:00:00,562.67,563.57,562.67,563.23
2015-12-08 13:00:00,563.13,563.13,559.67,562.7
2015-12-08 14:00:00,563.36,574.15,563.36,574.15
2015-12-09 09:00:00,575.08,575.95,572.51,575.4
2015-12-09 10:00:00,576.18,576.63,572.55,572.55
2015-12-09 11:00:00,572.44,572.55,570.39,571.81
2015-12-09 13:00:00,571.8,571.86,569.21,569.21
2015-12-09 14:00:00,568.68,569.19,565.2,565.2
2015-12-10 09:00:00,564.86,567.62,563.94,563.94
2015-12-10 10:00:00,563.93,566.03,563.93,565.56
2015-12-10 11:00:00,565.74,566.29,565.1,565.33
2015-12-10 13:00:00,565.2,565.29,563.07,564.15
2015-12-10 14:00:00,564.29,564.29,561.04,561.04
2015-12-11 09:00:00,560.99,563.54,559.73,562.86
2015-12-11 10:00:00,562.7,562.7,560.48,561.89
2015-12-11 11:00:00,561.84,565.77,561.65,565.72
2015-12-11 13:00:00,565.96,567.13,564.34,565.28
2015-12-11 14:00:00,565.57,565.57,563.43,563.43
2015-12-14 09:00:00,564.14,566.28,563.86,565.62
2015-12-14 10:00:00,565.85,566.08,563.01,563.01
2015-12-14 11:00:00,563.7,564.1,562.52,562.53
2015-12-14 13:00:00,562.75,563.68,560.99,562.08
2015-12-14 14:00:00,562.07,562.51,561.51,562.22
2015-12-15 09:00:00,563.3,568.15,563.3,567.25
2015-12-15 10:00:00,567.28,567.97,565.52,566.14
2015-12-15 11:00:00,566.15,566.21,565.04,565.99
2015-12-15 13:00:00,565.37,566.55,564.56,566.55
2015-12-15 14:00:00,566.61,568.74,566.45,568.0
2015-12-16 09:00:00,570.36,572.03,570.36,571.17
2015-12-16 10:00:00,571.21,575.54,570.53,574.31
2015-12-16 11:00:00,573.62,574.7,573.16,574.6
2015-12-16 13:00:00,574.63,575.36,573.66,573.92
2015-12-16 14:00:00,573.99,574.1,571.34,572.55
2015-12-17 09:00:00,572.55,579.18,572.55,576.68
2015-12-17 10:00:00,576.64,577.71,575.17,575.17
2015-12-17 11:00:00,575.08,576.55,575.08,576.26
2015-12-17 13:00:00,576.07,576.37,574.81,575.74
2015-12-17 14:00:00,575.98,577.43,575.34,577.11
2015-12-18 09:00:00,574.66,576.3,573.56,576.3
2015-12-18 10:00:00,577.53,578.0,576.22,576.22
2015-12-18 11:00:00,576.2,577.01,575.26,576.72
2015-12-18 13:00:00,576.31,576.76,574.87,575.14
2015-12-18 14:00:00,575.76,576.06,568.18,568.18
2015-12-21 09:00:00,570.45,571.28,566.95,568.88
2015-12-21 10:00:00,568.78,569.55,566.79,567.38
2015-12-21 11:00:00,567.25,567.43,566.1,567.37
2015-12-21 13:00:00,567.3,568.4,565.44,565.46
2015-12-21 14:00:00,565.58,567.27,565.35,566.9
2015-12-22 09:00:00,567.88,569.45,567.37,567.37
2015-12-22 10:00:00,567.52,570.53,567.12,570.19
2015-12-22 11:00:00,570.29,570.86,569.32,570.29
2015-12-22 13:00:00,570.12,570.12,567.03,567.29
2015-12-22 14:00:00,566.77,567.5,565.48,566.35
2015-12-23 09:00:00,564.93,568.16,564.22,566.84
2015-12-23 10:00:00,566.78,567.1,565.03,565.17
2015-12-23 11:00:00,565.02,565.32,563.22,563.22
2015-12-23 13:00:00,563.41,563.77,562.3,563.2
2015-12-23 14:00:00,563.38,565.62,563.01,564.27
2015-12-24 09:00:00,566.65,567.64,566.01,566.11
2015-12-24 10:00:00,566.14,567.8,565.81,567.06
2015-12-24 11:00:00,566.91,567.52,566.31,566.5
2015-12-24 13:00:00,566.29,566.78,565.64,566.15
2015-12-24 14:00:00,566.1,567.2,565.62,566.17
2015-12-25 09:00:00,566.6,570.12,566.6,569.13
2015-12-25 10:00:00,569.06,569.37,567.77,568.93
2015-12-25 11:00:00,569.23,570.49,568.98,570.49
2015-12-25 13:00:00,570.27,570.43,567.02,567.02
2015-12-25 14:00:00,567.01,569.0,566.83,567.67
2015-12-28 09:00:00,570.57,572.27,569.93,571.31
2015-12-28 10:00:00,570.95,571.11,570.07,570.92
2015-12-28 11:00:00,570.3,570.47,569.55,570.36
2015-12-28 13:00:00,571.15,572.92,569.75,569.9
2015-12-28 14:00:00,570.2,571.09,569.4,569.9
2015-12-29 09:00:00,569.4,569.4,566.49,569.23
2015-12-29 10:00:00,569.38,572.58,569.38,572.55
2015-12-29 11:00:00,572.67,573.17,571.83,572.65
2015-12-29 13:00:00,571.83,572.98,571.49,572.61
2015-12-29 14:00:00,572.38,576.29,571.9,576.29
2015-12-30 09:00:00,576.5,578.33,576.36,577.54
2015-12-30 10:00:00,578.4,579.05,577.71,578.31
2015-12-30 11:00:00,578.13,578.74,577.43,578.59
2015-12-30 13:00:00,578.17,578.17,575.71,576.16
2015-12-30 14:00:00,575.97,579.45,575.97,579.45
2015-12-31 09:00:00,579.12,580.4,576.79,580.4
2015-12-31 10:00:00,580.82,580.82,578.05,578.61
2015-12-31 11:00:00,578.56,579.03,578.12,578.58
2015-12-31 13:00:00,578.32,579.01,577.56,577.66
2015-12-31 14:00:00,577.42,579.03,575.73,579.03
2016-01-04 09:00:00,579.03,579.97,578.33,579.67
2016-01-04 10:00:00,579.55,579.55,577.76,577.94
2016-01-04 11:00:00,577.84,579.5,577.44,579.5
2016-01-04 13:00:00,578.3,579.05,573.84,574.41
2016-01-04 14:00:00,574.5,575.76,573.15,574.41
2016-01-05 09:00:00,571.66,574.85,570.94,574.85
2016-01-05 10:00:00,574.92,575.4,571.12,572.79
2016-01-05 11:00:00,572.83,573.37,572.02,573.14
2016-01-05 13:00:00,572.66,572.66,569.81,570.9
2016-01-05 14:00:00,571.01,571.01,569.26,569.94
2016-01-06 09:00:00,569.5,571.31,569.5,570.91
2016-01-06 10:00:00,570.75,571.82,569.99,570.79
2016-01-06 11:00:00,570.91,571.3,570.2,570.76
2016-01-06 13:00:00,570.91,572.9,570.33,572.65
2016-01-06 14:00:00,572.68,574.57,572.68,574.57
2016-01-07 09:00:00,570.62,570.62,566.04,569.98
2016-01-07 10:00:00,570.23,570.94,568.67,570.5
2016-01-07 11:00:00,570.67,570.67,568.2,568.2
2016-01-07 13:00:00,567.43,567.46,561.09,564.47
2016-01-07 14:00:00,563.89,565.7,563.88,565.36
2016-01-08 09:00:00,562.62,562.62,556.36,558.32
2016-01-08 10:00:00,558.47,563.17,558.46,562.02
2016-01-08 11:00:00,561.34,561.75,560.91,561.49
2016-01-08 13:00:00,561.36,562.03,558.76,558.76
2016-01-08 14:00:00,558.79,560.05,558.57,560.05
2016-01-11 09:00:00,559.05,559.7,557.51,558.12
2016-01-11 10:00:00,558.48,563.04,558.48,560.71
2016-01-11 11:00:00,560.6,561.22,559.69,559.69
2016-01-11 13:00:00,559.91,560.05,559.02,559.48
2016-01-11 14:00:00,559.4,559.86,557.87,557.87
2016-01-12 09:00:00,557.36,561.11,557.36,560.01
2016-01-12 10:00:00,560.08,560.1,558.6,559.73
2016-01-12 11:00:00,559.82,560.7,559.47,560.6
2016-01-12 13:00:00,559.66,561.12,559.12,561.08
2016-01-12 14:00:00,560.55,564.26,560.33,564.26
2016-01-13 09:00:00,565.21,566.02,564.21,564.35
2016-01-13 10:00:00,564.31,564.61,563.76,564.5
2016-01-13 11:00:00,564.66,564.86,563.54,564.14
2016-01-13 13:00:00,564.05,564.9,560.41,560.48
2016-01-13 14:00:00,561.04,562.52,560.37,560.37
2016-01-14 09:00:00,555.88,556.35,554.7,556.32
2016-01-14 10:00:00,556.48,556.62,551.22,551.22
2016-01-14 11:00:00,551.25,552.94,550.84,552.64
2016-01-14 13:00:00,552.41,552.57,550.6,552.3
2016-01-14 14:00:00,552.46,554.82,552.46,553.03
2016-01-15 09:00:00,554.35,556.55,552.52,553.22
2016-01-15 10:00:00,553.16,553.38,550.7,551.7
2016-01-15 11:00:00,551.84,551.84,550.89,551.01
2016-01-15 13:00:00,550.79,550.79,546.5,548.14
2016-01-15 14:00:00,548.03,548.03,543.04,543.04
2016-01-18 09:00:00,532.54,532.54,522.64,523.05
2016-01-18 10:00:00,523.75,527.98,523.75,525.65
2016-01-18 11:00:00,525.59,525.81,524.66,525.68
2016-01-18 13:00:00,525.63,525.63,518.16,523.61
2016-01-18 14:00:00,522.91,527.07,522.91,526.37
2016-01-19 09:00:00,525.65,533.1,525.65,531.18
2016-01-19 10:00:00,530.98,532.2,530.03,530.35
2016-01-19 11:00:00,530.53,530.53,529.01,529.19
2016-01-19 13:00:00,529.09,532.53,528.41,532.53
2016-01-19 14:00:00,532.22,535.77,532.09,535.77
2016-01-20 09:00:00,532.81,532.81,529.97,530.9
2016-01-20 10:00:00,530.66,536.57,530.46,536.48
2016-01-20 11:00:00,535.9,536.19,532.56,532.75
2016-01-20 13:00:00,532.56,532.76,529.42,531.6
2016-01-20 14:00:00,531.49,531.91,529.44,529.44
2016-01-21 09:00:00,529.44,529.44,526.31,527.21
2016-01-21 10:00:00,527.23,531.21,527.23,528.05
2016-01-21 11:00:00,527.99,528.7,527.94,528.7
2016-01-21 13:00:00,528.43,528.43,521.42,522.19
2016-01-21 14:00:00,521.44,523.49,520.74,521.88
2016-01-22 09:00:00,521.88,525.83,519.16,520.06
2016-01-22 10:00:00,520.19,521.31,515.94,515.94
2016-01-22 11:00:00,515.77,516.14,513.82,516.14
2016-01-22 13:00:00,516.49,524.53,516.49,523.21
2016-01-22 14:00:00,523.02,523.02,521.49,522.24
2016-01-25 09:00:00,522.24,535.45,522.24,533.94
2016-01-25 10:00:00,534.29,538.14,533.09,538.14
2016-01-25 11:00:00,537.63,538.59,536.9,538.16
2016-01-25 13:00:00,538.15,542.27,537.98,541.98
2016-01-25 14:00:00,541.85,542.36,541.49,542.35
2016-01-26 09:00:00,534.06,538.51,531.27,536.75
2016-01-26 10:00:00,537.09,542.98,537.09,539.54
2016-01-26 11:00:00,539.56,540.15,537.91,537.91
2016-01-26 13:00:00,537.39,538.86,536.31,538.86
2016-01-26 14:00:00,538.94,539.75,537.73,537.73
2016-01-27 09:00:00,541.18,543.88,540.36,541.3
2016-01-27 10:00:00,540.4,542.75,540.4,541.78
2016-01-27 11:00:00,541.69,541.98,540.26,540.29
2016-01-27 13:00:00,540.78,542.41,540.03,542.2
2016-01-27 14:00:00,541.86,543.66,541.86,542.69
2016-01-28 09:00:00,542.01,544.73,541.39,543.54
2016-01-28 10:00:00,542.89,542.92,540.01,540.01
2016-01-28 11:00:00,540.11,541.92,539.41,541.92
2016-01-28 13:00:00,541.8,542.42,538.88,539.77
2016-01-28 14:00:00,539.76,540.01,538.59,539.47
2016-01-29 09:00:00,539.96,540.73,539.42,540.05
2016-01-29 10:00:00,539.96,539.96,537.51,539.59
2016-01-29 11:00:00,539.61,539.84,538.8,538.8
2016-01-29 13:00:00,539.38,544.05,538.45,544.05
2016-01-29 14:00:00,543.95,545.71,543.95,545.25
2016-02-01 09:00:00,545.27,547.86,543.59,547.86
2016-02-01 10:00:00,547.94,548.58,545.92,547.35
2016-02-01 11:00:00,546.78,548.24,546.43,548.03
2016-02-01 13:00:00,547.6,548.39,545.15,545.17
2016-02-01 14:00:00,545.13,545.13,540.56,540.56
2016-02-02 09:00:00,537.71,539.0,536.21,538.97
2016-02-02 10:00:00,538.88,542.26,538.39,539.06
2016-02-02 11:00:00,539.07,539.29,538.14,538.14
2016-02-02 13:00:00,537.5,538.32,537.02,537.02
2016-02-02 14:00:00,536.79,539.05,535.38,536.45
2016-02-03 09:00:00,531.11,532.94,530.65,530.65
2016-02-03 10:00:00,530.48,533.42,530.23,533.42
2016-02-03 11:00:00,532.95,534.46,532.95,534.46
2016-02-03 13:00:00,534.47,535.17,533.31,535.17
2016-02-03 14:00:00,535.2,539.07,534.44,539.07
2016-02-04 09:00:00,542.91,544.91,541.67,543.73
2016-02-04 10:00:00,543.9,544.68,542.98,544.68
2016-02-04 11:00:00,544.66,545.17,543.4,543.4
2016-02-04 13:00:00,543.58,544.66,542.15,542.15
2016-02-04 14:00:00,542.03,542.51,541.66,542.15
2016-02-05 09:00:00,540.64,542.69,540.64,542.69
2016-02-05 10:00:00,542.47,543.54,542.3,543.42
2016-02-05 11:00:00,543.31,543.79,542.43,543.78
2016-02-05 13:00:00,543.94,544.83,542.34,544.37
2016-02-05 14:00:00,544.36,545.54,544.16,544.75
2016-02-15 09:00:00,540.13,542.6,540.13,541.08
2016-02-15 10:00:00,540.99,541.48,537.81,538.27
2016-02-15 11:00:00,538.26,539.6,538.25,539.6
2016-02-15 13:00:00,539.05,544.23,539.01,543.51
2016-02-15 14:00:00,543.48,544.59,543.39,543.79
2016-02-16 09:00:00,545.72,548.27,545.72,546.35
2016-02-16 10:00:00,546.51,548.41,546.39,547.34
2016-02-16 11:00:00,547.29,547.29,546.31,546.37
2016-02-16 13:00:00,546.54,548.64,546.54,547.86
2016-02-16 14:00:00,547.83,548.89,547.83,548.05
2016-02-17 09:00:00,551.38,552.38,548.63,549.23
2016-02-17 10:00:00,549.09,550.89,547.38,549.15
2016-02-17 11:00:00,549.7,550.32,548.39,548.96
2016-02-17 13:00:00,549.1,549.15,547.99,548.38
2016-02-17 14:00:00,548.23,548.4,547.05,547.05
2016-02-18 09:00:00,550.51,552.46,550.44,550.74
2016-02-18 10:00:00,550.78,550.87,549.16,550.26
2016-02-18 11:00:00,550.19,552.36,550.19,552.34
2016-02-18 13:00:00,552.44,555.05,551.75,554.87
2016-02-18 14:00:00,554.72,555.0,552.49,552.49
2016-02-19 09:00:00,552.37,553.25,551.47,551.65
2016-02-19 10:00:00,551.44,553.71,551.38,553.71
2016-02-19 11:00:00,553.73,555.16,553.73,554.12
2016-02-19 13:00:00,554.48,555.01,552.01,553.53
2016-02-19 14:00:00,553.48,554.79,553.04,554.03
2016-02-22 09:00:00,555.31,558.08,555.31,556.39
2016-02-22 10:00:00,556.37,558.34,556.29,558.08
2016-02-22 11:00:00,558.29,558.79,557.52,558.64
2016-02-22 13:00:00,558.4,561.31,558.4,560.61
2016-02-22 14:00:00,560.47,561.44,560.47,560.71
2016-02-23 09:00:00,564.75,566.0,562.51,562.51
2016-02-23 10:00:00,563.02,566.91,563.02,566.91
2016-02-23 11:00:00,567.06,567.58,564.84,564.93
2016-02-23 13:00:00,564.66,564.95,561.09,562.96
2016-02-23 14:00:00,563.01,563.34,561.28,561.28
2016-02-24 09:00:00,559.48,564.38,557.77,562.82
2016-02-24 10:00:00,563.51,569.7,562.06,568.88
2016-02-24 11:00:00,568.52,568.52,566.86,567.41
2016-02-24 13:00:00,567.45,567.68,565.53,566.19
2016-02-24 14:00:00,566.24,568.16,566.09,568.04
2016-02-25 09:00:00,571.15,573.63,568.33,570.06
2016-02-25 10:00:00,570.45,570.91,569.03,569.4
2016-02-25 11:00:00,569.05,569.18,565.96,566.64
2016-02-25 13:00:00,565.66,569.06,565.35,566.45
2016-02-25 14:00:00,566.49,566.49,562.82,562.82
2016-02-26 09:00:00,565.61,566.8,562.39,563.05
2016-02-26 10:00:00,563.27,565.99,563.27,564.93
2016-02-26 11:00:00,565.03,565.28,563.48,563.72
2016-02-26 13:00:00,563.84,565.32,563.51,564.88
2016-02-26 14:00:00,565.01,566.16,564.21,566.11
2016-02-29 09:00:00,565.61,566.25,563.61,565.86
2016-02-29 10:00:00,565.93,566.31,561.88,563.75
2016-02-29 11:00:00,563.78,564.22,563.58,564.1
2016-02-29 13:00:00,563.6,563.6,561.66,562.75
2016-02-29 14:00:00,562.61,562.61,559.37,559.37
2016-03-01 09:00:00,560.03,563.54,560.03,562.09
2016-03-01 10:00:00,561.88,562.07,560.73,561.2
2016-03-01 11:00:00,561.21,561.42,560.59,560.96
2016-03-01 13:00:00,561.17,565.65,560.81,563.34
2016-03-01 14:00:00,563.24,563.83,561.56,561.56
2016-03-02 09:00:00,564.85,565.91,563.67,563.91
2016-03-02 10:00:00,563.31,565.98,562.97,565.97
2016-03-02 11:00:00,566.2,567.63,566.2,567.63
2016-03-02 13:00:00,567.45,569.5,567.03,569.29
2016-03-02 14:00:00,569.56,570.18,568.71,570.18
2016-03-03 09:00:00,573.06,573.88,571.33,571.76
2016-03-03 10:00:00,571.81,572.19,569.39,571.0
2016-03-03 11:00:00,571.07,571.31,570.15,570.67
2016-03-03 13:00:00,570.25,571.6,569.66,571.45
2016-03-03 14:00:00,571.48,571.75,570.39,570.39
2016-03-04 09:00:00,570.18,571.35,568.83,570.81
2016-03-04 10:00:00,570.87,572.64,570.87,571.6
2016-03-04 11:00:00,572.12,573.33,571.62,573.33
2016-03-04 13:00:00,572.68,576.02,572.6,575.02
2016-03-04 14:00:00,574.9,575.39,573.65,573.65
2016-03-07 09:00:00,575.76,578.66,575.39,577.24
2016-03-07 10:00:00,577.18,580.07,577.15,577.92
2016-03-07 11:00:00,578.02,578.04,576.86,577.23
2016-03-07 13:00:00,577.47,580.95,577.14,579.08
2016-03-07 14:00:00,579.18,579.18,576.2,576.2
2016-03-08 09:00:00,576.75,579.87,576.03,576.06
2016-03-08 10:00:00,576.12,577.12,576.05,576.39
2016-03-08 11:00:00,576.27,577.2,576.04,577.2
2016-03-08 13:00:00,577.14,577.98,574.53,575.18
2016-03-08 14:00:00,575.52,576.15,574.7,574.71
2016-03-09 09:00:00,573.47,576.17,572.66,575.63
2016-03-09 10:00:00,575.8,576.32,574.75,574.75
2016-03-09 11:00:00,574.87,574.91,573.75,573.76
2016-03-09 13:00:00,573.19,574.51,572.38,573.17
2016-03-09 14:00:00,573.35,573.71,571.48,571.71
2016-03-10 09:00:00,574.07,574.98,572.72,574.93
2016-03-10 10:00:00,574.86,574.86,572.26,572.5
2016-03-10 11:00:00,572.44,572.44,571.52,572.35
2016-03-10 13:00:00,572.06,573.94,571.85,573.94
2016-03-10 14:00:00,574.14,575.91,574.1,575.91
2016-03-11 09:00:00,576.12,576.13,574.81,575.16
2016-03-11 10:00:00,575.17,579.99,574.81,579.68
2016-03-11 11:00:00,579.64,579.64,578.43,578.57
2016-03-11 13:00:00,578.55,580.93,577.22,577.83
2016-03-11 14:00:00,577.41,578.59,577.26,577.26
2016-03-14 09:00:00,579.61,579.84,576.26,577.23
2016-03-14 10:00:00,577.14,578.42,576.65,578.36
2016-03-14 11:00:00,578.46,578.85,577.62,578.42
2016-03-14 13:00:00,577.73,579.66,577.73,578.91
2016-03-14 14:00:00,578.83,578.83,577.56,577.98
2016-03-15 09:00:00,577.98,577.98,575.35,577.5
2016-03-15 10:00:00,577.4,578.96,576.46,576.46
2016-03-15 11:00:00,576.99,577.37,575.45,575.82
2016-03-15 13:00:00,575.8,575.82,572.59,575.57
2016-03-15 14:00:00,575.71,575.71,573.72,574.04
2016-03-16 09:00:00,573.88,577.03,573.88,576.37
2016-03-16 10:00:00,576.34,576.34,573.37,574.32
2016-03-16 11:00:00,574.5,574.92,574.02,574.74
2016-03-16 13:00:00,574.08,577.96,574.08,577.4
2016-03-16 14:00:00,576.92,577.68,576.37,577.07
2016-03-17 09:00:00,581.55,583.53,581.55,582.11
2016-03-17 10:00:00,582.25,582.25,580.65,581.99
2016-03-17 11:00:00,581.98,582.44,581.61,582.43
2016-03-17 13:00:00,582.29,583.03,581.32,581.77
2016-03-17 14:00:00,581.78,581.78,579.26,579.26
2016-03-18 09:00:00,579.95,580.81,578.68,578.69
2016-03-18 10:00:00,578.66,579.71,577.75,578.19
2016-03-18 11:00:00,578.11,578.19,577.07,578.09
2016-03-18 13:00:00,577.87,577.87,575.44,576.4
2016-03-18 14:00:00,576.37,576.9,575.82,575.82
2016-03-21 09:00:00,577.65,580.83,577.65,580.23
2016-03-21 10:00:00,580.29,580.7,578.76,578.83
2016-03-21 11:00:00,578.98,579.25,577.28,577.28
2016-03-21 13:00:00,577.34,577.42,574.66,576.78
2016-03-21 14:00:00,576.96,577.88,572.27,572.27
2016-03-22 09:00:00,572.27,572.9,568.13,568.13
2016-03-22 10:00:00,567.9,571.6,567.8,571.6
2016-03-22 11:00:00,571.55,571.97,570.96,571.56
2016-03-22 13:00:00,571.04,573.8,570.28,572.89
2016-03-22 14:00:00,572.73,573.1,570.91,570.91
2016-03-23 09:00:00,570.74,572.79,570.45,572.12
2016-03-23 10:00:00,571.93,572.66,570.39,570.63
2016-03-23 11:00:00,570.79,572.88,570.79,572.81
2016-03-23 13:00:00,572.44,573.86,572.2,573.5
2016-03-23 14:00:00,573.64,575.22,573.64,574.71
2016-03-24 09:00:00,573.93,574.5,572.08,574.36
2016-03-24 10:00:00,574.56,576.89,574.56,576.85
2016-03-24 11:00:00,576.7,576.7,574.81,575.19
2016-03-24 13:00:00,575.53,577.21,572.54,572.6
2016-03-24 14:00:00,572.58,573.6,570.66,570.66
2016-03-25 09:00:00,569.48,569.99,568.21,569.49
2016-03-25 10:00:00,570.22,572.48,569.75,569.85
2016-03-25 11:00:00,569.82,569.92,568.66,569.38
2016-03-25 13:00:00,568.74,568.98,564.88,568.61
2016-03-25 14:00:00,568.56,572.08,567.85,572.08
2016-03-28 09:00:00,573.69,575.05,571.58,573.0
2016-03-28 10:00:00,573.07,573.77,572.47,572.68
2016-03-28 11:00:00,572.71,574.16,572.5,574.12
2016-03-28 13:00:00,573.99,575.12,573.08,574.86
2016-03-28 14:00:00,575.45,576.0,574.9,575.72
2016-03-29 09:00:00,575.63,576.07,573.77,574.71
2016-03-29 10:00:00,575.4,576.05,572.42,572.61
2016-03-29 11:00:00,572.65,573.75,572.0,573.37
2016-03-29 13:00:00,573.49,573.98,571.92,571.92
2016-03-29 14:00:00,571.84,571.84,568.28,568.28
2016-03-30 09:00:00,566.08,569.3,565.55,567.99
2016-03-30 10:00:00,567.94,567.94,566.19,567.13
2016-03-30 11:00:00,567.37,567.96,566.93,567.96
2016-03-30 13:00:00,567.87,571.89,566.94,570.39
2016-03-30 14:00:00,570.2,571.36,569.91,569.91
2016-03-31 09:00:00,569.04,570.38,568.21,568.21
2016-03-31 10:00:00,568.15,570.91,568.05,570.9
2016-03-31 11:00:00,570.86,570.94,569.25,569.83
2016-03-31 13:00:00,569.98,570.21,564.27,565.61
2016-03-31 14:00:00,565.78,566.54,561.22,561.22
2016-04-01 09:00:00,560.64,562.73,560.04,560.12
2016-04-01 10:00:00,560.29,560.34,557.96,559.54
2016-04-01 11:00:00,559.85,562.61,559.84,562.61
2016-04-01 13:00:00,561.97,562.03,558.62,558.64
2016-04-01 14:00:00,558.7,559.13,558.43,558.43
2016-04-04 09:00:00,557.56,559.17,556.7,558.84
2016-04-04 10:00:00,559.04,560.92,559.01,559.83
2016-04-04 11:00:00,559.67,559.79,557.58,557.66
2016-04-04 13:00:00,557.91,558.05,555.01,555.01
2016-04-04 14:00:00,555.01,555.82,554.3,555.82
2016-04-05 09:00:00,555.98,556.99,555.15,556.99
2016-04-05 10:00:00,556.99,558.1,556.14,558.05
2016-04-05 11:00:00,558.11,558.31,557.35,558.17
2016-04-05 13:00:00,557.94,558.09,556.15,557.81
2016-04-05 14:00:00,557.81,560.32,557.81,560.32
2016-04-06 09:00:00,561.94,563.86,561.94,563.6
2016-04-06 10:00:00,563.26,563.51,560.63,561.31
2016-04-06 11:00:00,561.31,562.97,561.17,562.93
2016-04-06 13:00:00,562.83,564.02,562.39,563.59
2016-04-06 14:00:00,563.47,567.79,563.18,567.79
2016-04-07 09:00:00,570.72,571.63,569.06,569.06
2016-04-07 10:00:00,569.06,569.53,567.18,568.34
2016-04-07 11:00:00,568.34,568.34,567.01,568.33
2016-04-07 13:00:00,567.84,569.39,567.41,569.35
2016-04-07 14:00:00,569.35,572.56,569.35,571.6
2016-04-08 09:00:00,571.21,571.52,569.09,571.12
2016-04-08 10:00:00,570.79,572.16,570.5,571.62
2016-04-08 11:00:00,571.5,572.93,571.45,572.7
2016-04-08 13:00:00,572.87,574.46,572.16,573.3
2016-04-08 14:00:00,573.1,573.72,572.24,572.34
2016-04-11 09:00:00,575.11,576.97,575.06,575.5
2016-04-11 10:00:00,575.74,577.28,575.01,576.35
2016-04-11 11:00:00,576.65,580.09,576.65,580.01
2016-04-11 13:00:00,579.91,581.88,579.57,580.0
2016-04-11 14:00:00,580.02,580.22,579.04,579.27
2016-04-12 09:00:00,580.9,581.56,577.46,577.71
2016-04-12 10:00:00,577.7,579.3,577.17,578.35
2016-04-12 11:00:00,579.0,580.56,578.34,580.56
2016-04-12 13:00:00,580.88,582.97,579.82,579.99
2016-04-12 14:00:00,580.12,580.97,579.28,579.84
2016-04-13 09:00:00,580.77,582.81,580.74,581.67
2016-04-13 10:00:00,580.55,580.95,577.61,580.62
2016-04-13 11:00:00,580.63,580.63,578.17,578.61
2016-04-13 13:00:00,578.27,579.04,575.65,577.26
2016-04-13 14:00:00,578.0,579.97,578.0,578.02
2016-04-14 09:00:00,575.69,581.11,575.69,580.22
2016-04-14 10:00:00,580.19,583.54,580.19,583.44
2016-04-14 11:00:00,583.15,583.86,583.04,583.55
2016-04-14 13:00:00,582.68,584.81,581.55,581.55
2016-04-14 14:00:00,581.67,581.67,579.49,579.49
2016-04-15 09:00:00,581.54,584.07,581.54,581.65
2016-04-15 10:00:00,582.21,583.67,582.06,582.75
2016-04-15 11:00:00,582.71,583.09,582.01,583.09
2016-04-15 13:00:00,583.05,586.36,582.97,583.52
2016-04-15 14:00:00,583.41,583.81,579.86,579.86
2016-04-19 09:00:00,578.32,578.32,572.95,576.79
2016-04-19 10:00:00,576.89,578.44,576.62,576.9
2016-04-19 11:00:00,577.5,577.5,576.72,577.04
2016-04-19 13:00:00,575.9,576.26,573.09,573.16
2016-04-19 14:00:00,572.96,572.96,568.28,568.28
2016-04-20 09:00:00,569.8,571.71,568.56,569.04
2016-04-20 10:00:00,569.02,571.18,568.84,569.27
2016-04-20 11:00:00,569.31,570.52,568.89,570.36
2016-04-20 13:00:00,570.52,571.68,566.65,566.65
2016-04-20 14:00:00,566.35,568.1,565.3,568.03
2016-04-21 09:00:00,571.19,572.7,570.71,572.68
2016-04-21 10:00:00,572.58,573.78,571.25,571.76
2016-04-21 11:00:00,571.52,572.13,571.52,572.0
2016-04-21 13:00:00,572.03,577.41,572.03,577.38
2016-04-21 14:00:00,577.23,577.23,575.05,575.73
2016-04-22 09:00:00,574.57,576.65,574.57,576.53
2016-04-22 10:00:00,576.68,580.51,576.68,580.46
2016-04-22 11:00:00,581.05,584.47,581.05,584.47
2016-04-22 13:00:00,584.41,588.84,584.07,586.76
2016-04-22 14:00:00,587.05,592.48,586.8,592.48
2016-04-25 09:00:00,597.91,601.61,595.69,596.67
2016-04-25 10:00:00,597.34,597.71,593.66,594.12
2016-04-25 11:00:00,594.07,595.44,593.13,595.44
2016-04-25 13:00:00,594.99,595.99,594.25,594.8
2016-04-25 14:00:00,594.61,594.8,591.58,591.58
2016-04-26 09:00:00,590.99,592.56,590.19,591.37
2016-04-26 10:00:00,592.41,595.56,592.41,593.53
2016-04-26 11:00:00,593.49,596.46,593.42,595.84
2016-04-26 13:00:00,596.34,596.72,594.0,595.58
2016-04-26 14:00:00,595.59,598.48,595.42,598.48
2016-04-27 09:00:00,601.79,601.79,599.47,599.82
2016-04-27 10:00:00,599.88,599.88,596.92,597.7
2016-04-27 11:00:00,597.84,597.84,594.1,595.45
2016-04-27 13:00:00,595.39,595.94,591.35,591.49
2016-04-27 14:00:00,591.82,595.5,591.74,593.96
2016-04-28 09:00:00,594.98,597.28,594.59,597.19
2016-04-28 10:00:00,596.61,596.76,592.68,593.17
2016-04-28 11:00:00,592.36,595.15,592.28,595.15
2016-04-28 13:00:00,594.86,594.9,589.97,591.18
2016-04-28 14:00:00,591.45,593.96,591.06,591.67
2016-04-29 09:00:00,591.2,596.14,591.2,592.22
2016-04-29 10:00:00,592.15,595.7,592.15,595.56
2016-04-29 11:00:00,595.84,597.21,595.36,597.14
2016-04-29 13:00:00,597.29,599.71,597.29,597.97
2016-04-29 14:00:00,598.31,598.38,597.26,598.37
2016-05-04 09:00:00,595.95,596.46,595.02,595.65
2016-05-04 10:00:00,596.01,596.08,592.43,595.41
2016-05-04 11:00:00,595.43,596.99,595.39,596.66
2016-05-04 13:00:00,596.38,603.08,595.63,602.32
2016-05-04 14:00:00,602.24,602.64,599.07,599.07
2016-05-05 09:00:00,600.66,604.94,600.66,602.16
2016-05-05 10:00:00,602.0,605.06,600.5,605.06
2016-05-05 11:00:00,604.99,604.99,603.09,603.32
2016-05-05 13:00:00,603.88,605.21,603.07,603.52
2016-05-05 14:00:00,603.16,604.61,601.51,601.51
2016-05-06 09:00:00,602.4,606.81,602.17,605.25
2016-05-06 10:00:00,605.1,606.76,603.96,606.53
2016-05-06 11:00:00,606.37,608.05,606.37,607.63
2016-05-06 13:00:00,607.47,608.94,605.4,605.57
2016-05-06 14:00:00,605.54,606.52,604.8,606.52
2016-05-09 09:00:00,610.92,612.97,609.34,609.35
2016-05-09 10:00:00,609.33,610.76,607.29,609.21
2016-05-09 11:00:00,609.0,609.67,608.26,608.43
2016-05-09 13:00:00,608.64,609.42,605.98,605.98
2016-05-09 14:00:00,605.52,605.63,603.85,603.85
2016-05-10 09:00:00,600.35,600.35,598.47,599.32
2016-05-10 10:00:00,599.5,605.46,597.74,605.07
2016-05-10 11:00:00,605.06,605.06,601.58,602.46
2016-05-10 13:00:00,602.3,604.85,601.19,604.18
2016-05-10 14:00:00,604.33,605.43,603.4,605.05
2016-05-11 09:00:00,606.6,608.13,606.32,607.53
2016-05-11 10:00:00,607.59,608.29,606.06,608.04
2016-05-11 11:00:00,608.03,609.25,607.97,609.25
2016-05-11 13:00:00,608.18,612.44,608.18,611.52
2016-05-11 14:00:00,611.51,614.06,610.08,614.06
2016-05-12 09:00:00,615.55,616.35,613.36,614.38
2016-05-12 10:00:00,614.42,617.56,614.42,614.98
2016-05-12 11:00:00,614.91,616.27,614.62,615.16
2016-05-12 13:00:00,615.84,616.38,614.36,616.2
2016-05-12 14:00:00,615.47,615.99,612.12,612.12
2016-05-13 09:00:00,612.32,615.3,611.17,613.93
2016-05-13 10:00:00,613.64,614.52,612.64,613.11
2016-05-13 11:00:00,612.94,613.22,609.29,609.29
2016-05-13 13:00:00,609.2,611.14,608.04,608.43
2016-05-13 14:00:00,608.82,611.4,608.82,610.82
2016-05-16 09:00:00,610.13,612.09,609.67,610.87
2016-05-16 10:00:00,610.94,614.41,608.49,614.3
2016-05-16 11:00:00,614.85,615.33,612.65,612.73
2016-05-16 13:00:00,613.1,613.75,612.11,613.75
2016-05-16 14:00:00,613.77,616.17,613.22,615.78
2016-05-17 09:00:00,620.54,623.05,619.46,619.48
2016-05-17 10:00:00,619.37,621.26,618.67,620.71
2016-05-17 11:00:00,620.81,620.81,619.42,620.59
2016-05-17 13:00:00,620.51,626.12,620.51,625.65
2016-05-17 14:00:00,625.55,625.64,624.47,624.75
2016-05-18 09:00:00,625.53,627.35,624.83,625.18
2016-05-18 10:00:00,624.96,627.81,622.41,625.98
2016-05-18 11:00:00,626.0,627.6,626.0,627.09
2016-05-18 13:00:00,626.61,627.11,623.71,623.75
2016-05-18 14:00:00,624.06,624.52,621.79,622.45
2016-05-19 09:00:00,621.83,622.94,619.86,621.33
2016-05-19 10:00:00,621.42,623.68,620.35,621.72
2016-05-19 11:00:00,621.67,621.71,620.07,620.75
2016-05-19 13:00:00,620.05,620.58,618.35,619.04
2016-05-19 14:00:00,618.6,621.53,618.13,619.2
2016-05-20 09:00:00,620.72,622.48,619.0,619.01
2016-05-20 10:00:00,618.97,618.97,614.41,616.04
2016-05-20 11:00:00,616.15,617.39,616.02,617.33
2016-05-20 13:00:00,617.18,618.01,615.72,616.99
2016-05-20 14:00:00,616.55,617.15,614.81,614.81
2016-05-23 09:00:00,616.11,616.83,613.89,614.29
2016-05-23 10:00:00,614.27,614.27,611.22,612.57
2016-05-23 11:00:00,612.54,613.96,611.89,613.83
2016-05-23 13:00:00,613.81,613.91,610.81,611.88
2016-05-23 14:00:00,611.98,612.91,610.45,611.03
2016-05-24 09:00:00,612.23,612.79,609.52,611.68
2016-05-24 10:00:00,611.54,611.65,609.51,610.46
2016-05-24 11:00:00,610.41,611.05,610.16,610.87
2016-05-24 13:00:00,610.05,611.41,608.15,611.41
2016-05-24 14:00:00,611.33,613.14,610.77,611.62
2016-05-25 09:00:00,613.96,615.98,613.1,613.22
2016-05-25 10:00:00,613.61,615.07,613.59,614.05
2016-05-25 11:00:00,614.09,614.67,613.29,614.67
2016-05-25 13:00:00,613.99,616.38,613.76,614.89
2016-05-25 14:00:00,615.02,615.32,611.89,611.89
2016-05-26 09:00:00,611.88,613.0,611.38,613.0
2016-05-26 10:00:00,613.09,613.37,608.05,608.97
2016-05-26 11:00:00,608.52,608.93,607.08,607.12
2016-05-26 13:00:00,607.07,607.55,604.61,606.9
2016-05-26 14:00:00,606.92,607.39,604.34,604.34
2016-05-27 09:00:00,604.36,604.36,603.23,604.05
2016-05-27 10:00:00,604.07,607.2,603.9,606.19
2016-05-27 11:00:00,606.76,607.08,605.76,606.98
2016-05-27 13:00:00,607.18,609.94,606.8,607.63
2016-05-27 14:00:00,607.44,608.4,607.08,608.11
2016-05-30 09:00:00,609.98,610.79,608.46,608.97
2016-05-30 10:00:00,609.7,611.38,609.04,609.41
2016-05-30 11:00:00,609.36,610.9,609.24,610.82
2016-05-30 13:00:00,609.97,614.47,609.73,614.02
2016-05-30 14:00:00,614.64,615.52,613.45,614.5
2016-05-31 09:00:00,616.22,616.69,615.38,615.41
2016-05-31 10:00:00,614.8,617.13,614.68,615.83
2016-05-31 11:00:00,615.71,620.31,615.68,619.92
2016-05-31 13:00:00,620.79,621.14,619.72,620.29
2016-05-31 14:00:00,619.73,620.54,618.44,618.44
2016-06-01 09:00:00,618.18,618.91,616.33,617.8
2016-06-01 10:00:00,618.4,620.24,617.78,618.23
2016-06-01 11:00:00,618.31,618.69,618.01,618.69
2016-06-01 13:00:00,618.49,618.49,617.46,618.17
2016-06-01 14:00:00,618.41,620.01,618.3,619.86
2016-06-02 09:00:00,619.19,620.61,618.73,620.61
2016-06-02 10:00:00,620.78,621.27,618.38,620.4
2016-06-02 11:00:00,620.43,620.49,618.52,620.22
2016-06-02 13:00:00,620.07,622.51,619.76,622.4
2016-06-02 14:00:00,621.89,624.52,621.45,623.37
2016-06-03 09:00:00,623.21,624.25,621.95,622.16
2016-06-03 10:00:00,622.14,624.15,621.62,623.28
2016-06-03 11:00:00,622.6,623.42,621.93,622.7
2016-06-03 13:00:00,622.72,624.82,622.22,623.81
2016-06-03 14:00:00,624.3,625.19,621.88,621.88
2016-06-06 09:00:00,621.09,623.59,620.87,623.59
2016-06-06 10:00:00,623.03,624.55,621.38,623.0
2016-06-06 11:00:00,622.97,623.04,620.07,620.07
2016-06-06 13:00:00,620.75,620.82,616.98,617.47
2016-06-06 14:00:00,617.99,621.69,617.89,620.05
2016-06-07 09:00:00,622.4,624.4,621.47,623.87
2016-06-07 10:00:00,623.85,623.85,620.49,620.95
2016-06-07 11:00:00,620.73,622.32,620.05,622.31
2016-06-07 13:00:00,621.85,624.55,621.71,623.47
2016-06-07 14:00:00,624.08,624.69,622.53,624.65
2016-06-08 09:00:00,626.84,629.22,626.84,628.57
2016-06-08 10:00:00,628.87,629.39,626.29,628.95
2016-06-08 11:00:00,630.2,632.05,630.03,632.05
2016-06-08 13:00:00,632.07,632.68,628.63,629.83
2016-06-08 14:00:00,629.8,629.88,627.87,627.87
2016-06-09 09:00:00,628.4,629.0,626.27,628.1
2016-06-09 10:00:00,627.29,630.34,627.1,630.13
2016-06-09 11:00:00,629.83,629.83,628.38,629.51
2016-06-09 13:00:00,628.24,629.08,626.64,629.08
2016-06-09 14:00:00,629.21,631.26,628.95,631.26
2016-06-10 09:00:00,629.95,630.88,628.56,630.37
2016-06-10 10:00:00,629.7,633.47,629.7,630.37
2016-06-10 11:00:00,632.03,632.03,630.13,631.51
2016-06-10 13:00:00,630.69,632.93,630.1,632.25
2016-06-10 14:00:00,631.43,632.44,629.84,629.84
2016-06-13 09:00:00,626.26,627.36,624.77,626.87
2016-06-13 10:00:00,626.7,626.72,621.4,623.47
2016-06-13 11:00:00,623.4,625.09,622.91,625.09
2016-06-13 13:00:00,624.05,625.53,622.2,622.39
2016-06-13 14:00:00,622.46,623.58,621.72,623.58
2016-06-14 09:00:00,621.63,621.63,619.13,621.07
2016-06-14 10:00:00,621.1,624.15,620.64,622.15
2016-06-14 11:00:00,621.94,621.95,620.63,621.17
2016-06-14 13:00:00,621.5,626.4,621.5,624.84
2016-06-14 14:00:00,624.83,625.86,623.22,625.43
2016-06-15 09:00:00,624.63,624.7,621.76,623.71
2016-06-15 10:00:00,624.2,625.86,623.66,623.66
2016-06-15 11:00:00,623.47,623.53,622.14,622.98
2016-06-15 13:00:00,622.44,625.5,622.23,625.33
2016-06-15 14:00:00,625.31,628.75,625.31,627.02
2016-06-16 09:00:00,627.38,629.05,627.38,628.13
2016-06-16 10:00:00,627.78,629.56,627.11,628.65
2016-06-16 11:00:00,628.81,629.34,627.97,628.57
2016-06-16 13:00:00,627.9,630.21,627.48,627.94
2016-06-16 14:00:00,628.45,628.45,625.11,625.11
2016-06-17 09:00:00,622.92,624.27,622.71,623.88
2016-06-17 10:00:00,624.59,624.59,622.28,623.24
2016-06-17 11:00:00,623.7,624.36,622.23,622.63
2016-06-17 13:00:00,622.54,623.16,619.41,620.43
2016-06-17 14:00:00,620.51,621.12,618.16,619.25
2016-06-20 09:00:00,622.04,624.83,622.04,622.74
2016-06-20 10:00:00,622.72,623.07,621.38,621.78
2016-06-20 11:00:00,621.6,622.51,620.58,621.81
2016-06-20 13:00:00,621.73,622.8,620.41,622.77
2016-06-20 14:00:00,622.57,626.46,622.57,626.46
2016-06-21 09:00:00,629.03,631.47,629.03,630.34
2016-06-21 10:00:00,630.24,631.96,629.54,631.14
2016-06-21 11:00:00,631.12,631.4,630.34,630.74
2016-06-21 13:00:00,630.85,630.97,628.75,629.56
2016-06-21 14:00:00,628.93,629.38,628.0,628.0
2016-06-22 09:00:00,628.77,629.95,628.15,629.44
2016-06-22 10:00:00,629.29,629.4,626.48,627.04
2016-06-22 11:00:00,626.89,629.31,626.89,629.31
2016-06-22 13:00:00,628.29,629.5,627.58,627.58
2016-06-22 14:00:00,627.49,627.49,625.81,626.41
2016-06-23 09:00:00,626.47,629.04,626.47,626.97
2016-06-23 10:00:00,626.94,630.24,626.73,629.38
2016-06-23 11:00:00,629.41,629.73,628.23,629.51
2016-06-23 13:00:00,629.33,631.79,628.64,631.26
2016-06-23 14:00:00,631.56,632.6,630.82,632.27
2016-06-24 09:00:00,631.77,631.77,625.48,627.62
2016-06-24 10:00:00,627.67,627.91,613.26,619.17
2016-06-24 11:00:00,618.87,618.87,610.64,610.64
2016-06-24 13:00:00,606.31,614.57,597.68,614.57
2016-06-24 14:00:00,615.02,620.77,615.02,620.77
2016-06-27 09:00:00,616.19,616.19,608.26,611.03
2016-06-27 10:00:00,611.23,618.46,611.23,616.04
2016-06-27 11:00:00,616.18,616.18,613.27,613.27
2016-06-27 13:00:00,613.3,618.44,613.07,618.44
2016-06-27 14:00:00,618.33,621.27,618.33,621.27
2016-06-28 09:00:00,617.68,620.82,617.65,620.19
2016-06-28 10:00:00,620.66,620.79,618.55,618.9
2016-06-28 11:00:00,618.91,620.55,618.49,619.81
2016-06-28 13:00:00,620.01,621.67,619.73,619.84
2016-06-28 14:00:00,619.71,624.85,619.71,622.2
2016-06-29 09:00:00,623.56,629.17,623.56,628.94
2016-06-29 10:00:00,629.37,629.39,626.62,627.72
2016-06-29 11:00:00,627.67,629.6,627.66,628.9
2016-06-29 13:00:00,629.09,631.25,628.83,630.26
2016-06-29 14:00:00,630.07,630.45,629.34,630.12
2016-06-30 09:00:00,633.17,637.46,633.17,635.4
2016-06-30 10:00:00,634.83,636.93,634.47,635.54
2016-06-30 11:00:00,635.52,635.8,633.77,634.01
2016-06-30 13:00:00,634.21,634.96,632.73,632.73
2016-06-30 14:00:00,632.43,632.66,631.74,632.26
2016-07-01 09:00:00,632.26,636.62,632.26,635.04
2016-07-01 10:00:00,635.08,637.57,634.85,637.57
2016-07-01 11:00:00,637.74,638.83,637.55,637.74
2016-07-01 13:00:00,637.71,643.55,637.71,641.07
2016-07-01 14:00:00,640.91,640.91,639.11,640.3
2016-07-04 09:00:00,643.11,645.36,643.11,644.45
2016-07-04 10:00:00,644.62,644.62,641.96,642.59
2016-07-04 11:00:00,642.15,645.43,642.15,645.43
2016-07-04 13:00:00,645.52,647.83,645.45,646.84
2016-07-04 14:00:00,646.74,647.96,646.1,647.96
2016-07-05 09:00:00,650.47,654.27,650.15,650.15
2016-07-05 10:00:00,649.22,651.95,647.52,651.19
2016-07-05 11:00:00,651.24,654.25,651.2,654.25
2016-07-05 13:00:00,653.62,658.45,653.62,654.62
2016-07-05 14:00:00,654.56,654.56,650.67,650.88
2016-07-06 09:00:00,646.8,649.91,644.07,648.92
2016-07-06 10:00:00,648.22,649.85,647.21,649.08
2016-07-06 11:00:00,649.12,651.87,648.8,651.38
2016-07-06 13:00:00,650.73,652.36,650.44,651.63
2016-07-06 14:00:00,651.71,652.31,649.08,649.46
2016-07-07 09:00:00,652.49,654.26,652.13,653.52
2016-07-07 10:00:00,653.35,654.41,652.17,653.14
2016-07-07 11:00:00,653.23,654.5,652.87,654.5
2016-07-07 13:00:00,655.65,658.92,655.65,657.19
2016-07-07 14:00:00,657.21,661.12,657.1,661.12
2016-07-08 09:00:00,661.07,665.53,661.07,663.16
2016-07-08 10:00:00,663.09,663.62,656.25,659.09
2016-07-08 11:00:00,657.13,659.5,656.2,657.37
2016-07-08 13:00:00,657.33,658.64,655.91,657.63
2016-07-08 14:00:00,657.6,658.68,656.73,658.68
2016-07-11 09:00:00,658.92,664.89,658.92,662.75
2016-07-11 10:00:00,662.72,663.0,657.48,659.41
2016-07-11 11:00:00,659.45,661.01,659.24,659.9
2016-07-11 13:00:00,660.04,660.65,658.94,660.65
2016-07-11 14:00:00,660.57,660.57,648.77,652.26
2016-07-12 09:00:00,652.81,655.37,649.86,652.85
2016-07-12 10:00:00,652.25,654.47,651.03,652.41
2016-07-12 11:00:00,652.43,652.93,650.04,650.04
2016-07-12 13:00:00,650.38,657.29,650.38,657.01
2016-07-12 14:00:00,656.54,658.9,656.38,658.9
2016-07-13 09:00:00,662.04,665.79,662.04,664.65
2016-07-13 10:00:00,664.11,673.51,663.49,668.92
2016-07-13 11:00:00,668.38,668.92,667.69,668.72
2016-07-13 13:00:00,669.12,676.06,669.12,674.57
2016-07-13 14:00:00,674.21,675.12,672.25,675.12
2016-07-14 09:00:00,675.66,679.08,672.38,679.08
2016-07-14 10:00:00,679.7,681.75,678.12,678.91
2016-07-14 11:00:00,679.14,679.14,676.78,677.25
2016-07-14 13:00:00,675.54,681.34,675.54,679.86
2016-07-14 14:00:00,679.94,679.94,666.69,666.69
2016-07-15 09:00:00,666.69,669.6,666.69,669.56
2016-07-15 10:00:00,669.66,670.18,662.72,663.06
2016-07-15 11:00:00,662.32,663.99,661.47,663.96
2016-07-15 13:00:00,664.32,667.71,663.62,665.75
2016-07-15 14:00:00,664.92,665.93,663.92,664.56
2016-07-18 09:00:00,664.12,666.69,662.25,666.13
2016-07-18 10:00:00,665.58,667.53,664.81,665.92
2016-07-18 11:00:00,665.8,666.66,665.69,666.66
2016-07-18 13:00:00,667.11,671.91,665.84,671.4
2016-07-18 14:00:00,671.12,673.5,670.17,673.5
2016-07-19 09:00:00,675.89,676.79,672.04,672.04
2016-07-19 10:00:00,672.32,675.83,670.36,674.24
2016-07-19 11:00:00,674.15,675.38,673.32,675.24
2016-07-19 13:00:00,675.2,677.35,669.04,669.77
2016-07-19 14:00:00,670.21,671.16,660.09,667.76
2016-07-20 09:00:00,667.86,667.86,661.51,662.19
2016-07-20 10:00:00,662.91,667.24,662.91,664.02
2016-07-20 11:00:00,663.94,663.94,660.96,662.15
2016-07-20 13:00:00,663.68,664.97,661.29,661.64
2016-07-20 14:00:00,661.74,664.22,660.26,660.26
2016-07-21 09:00:00,662.72,665.14,658.53,659.33
2016-07-21 10:00:00,659.46,659.46,656.03,658.18
2016-07-21 11:00:00,658.3,659.84,657.74,659.48
2016-07-21 13:00:00,658.41,665.28,658.41,665.28
2016-07-21 14:00:00,665.1,665.9,659.57,659.57
2016-07-22 09:00:00,657.15,658.06,644.65,651.68
2016-07-22 10:00:00,652.43,652.43,645.23,647.53
2016-07-22 11:00:00,647.61,647.78,646.51,647.11
2016-07-22 13:00:00,646.51,647.93,640.26,645.55
2016-07-22 14:00:00,645.73,649.87,644.14,649.87
2016-07-25 09:00:00,651.33,653.25,647.56,647.86
2016-07-25 10:00:00,647.82,651.24,646.04,650.88
2016-07-25 11:00:00,651.46,651.48,650.31,651.48
2016-07-25 13:00:00,650.54,654.17,649.97,652.6
2016-07-25 14:00:00,652.67,653.47,649.3,649.3
2016-07-26 09:00:00,648.58,649.54,645.6,645.6
2016-07-26 10:00:00,645.48,645.86,642.91,644.67
2016-07-26 11:00:00,644.75,645.65,643.5,645.26
2016-07-26 13:00:00,645.02,650.39,644.66,650.04
2016-07-26 14:00:00,650.77,651.93,648.59,648.59
2016-07-27 09:00:00,647.98,654.03,647.74,653.12
2016-07-27 10:00:00,653.09,655.56,651.98,652.6
2016-07-27 11:00:00,652.7,653.25,651.46,651.91
2016-07-27 13:00:00,652.7,655.84,651.79,654.63
2016-07-27 14:00:00,654.83,656.11,652.65,656.11
2016-07-28 09:00:00,655.81,657.01,654.93,656.13
2016-07-28 10:00:00,656.08,656.18,653.1,654.74
2016-07-28 11:00:00,654.67,655.28,652.54,653.65
2016-07-28 13:00:00,653.56,654.08,649.86,654.04
2016-07-28 14:00:00,654.84,657.2,654.0,657.14
2016-07-29 09:00:00,654.19,657.18,652.5,655.55
2016-07-29 10:00:00,657.88,657.88,653.95,653.95
2016-07-29 11:00:00,653.92,656.38,653.89,655.6
2016-07-29 13:00:00,655.9,656.87,654.23,654.56
2016-07-29 14:00:00,654.46,654.61,650.98,652.23
2016-08-01 09:00:00,655.38,655.38,649.96,650.06
2016-08-01 10:00:00,649.81,650.21,646.55,646.6
2016-08-01 11:00:00,646.77,648.21,646.02,648.21
2016-08-01 13:00:00,648.95,651.67,648.47,651.45
2016-08-01 14:00:00,651.58,651.65,648.38,648.38
2016-08-02 09:00:00,643.2,643.2,638.68,639.99
2016-08-02 10:00:00,640.14,643.1,639.26,640.23
2016-08-02 11:00:00,640.19,640.19,636.76,636.91
2016-08-02 13:00:00,635.45,638.45,633.33,637.69
2016-08-02 14:00:00,637.47,638.23,635.03,636.05
2016-08-03 09:00:00,632.98,634.75,632.32,632.41
2016-08-03 10:00:00,632.17,633.45,630.38,632.38
2016-08-03 11:00:00,632.21,633.09,631.02,631.02
2016-08-03 13:00:00,630.47,632.95,627.66,628.85
2016-08-03 14:00:00,628.48,631.61,628.48,631.61
2016-08-04 09:00:00,633.74,636.45,633.74,635.34
2016-08-04 10:00:00,635.24,638.63,634.36,638.63
2016-08-04 11:00:00,638.54,641.02,638.54,639.1
2016-08-04 13:00:00,639.85,640.13,637.72,638.71
2016-08-04 14:00:00,638.72,638.72,631.94,631.94
2016-08-05 09:00:00,629.69,630.18,625.2,625.46
2016-08-05 10:00:00,625.28,628.93,624.99,628.93
2016-08-05 11:00:00,628.97,629.21,627.84,628.41
2016-08-05 13:00:00,628.16,628.16,622.49,625.11
2016-08-05 14:00:00,625.12,627.46,625.12,627.39
2016-08-08 09:00:00,627.39,627.39,622.82,622.95
2016-08-08 10:00:00,622.93,629.91,622.14,628.06
2016-08-08 11:00:00,627.66,628.88,626.97,628.88
2016-08-08 13:00:00,629.67,629.68,624.92,625.35
2016-08-08 14:00:00,625.88,629.46,625.32,629.46
2016-08-09 09:00:00,629.66,633.02,629.66,632.64
2016-08-09 10:00:00,632.7,634.47,632.31,632.68
2016-08-09 11:00:00,633.49,636.91,633.49,636.91
2016-08-09 13:00:00,636.44,636.8,635.05,635.89
2016-08-09 14:00:00,635.15,637.34,635.11,637.34
2016-08-10 09:00:00,637.21,642.24,637.21,642.21
2016-08-10 10:00:00,642.18,643.44,641.46,641.89
2016-08-10 11:00:00,642.48,645.87,641.97,645.04
2016-08-10 13:00:00,644.57,647.16,644.57,646.67
2016-08-10 14:00:00,646.82,648.48,646.49,648.33
2016-08-11 09:00:00,649.27,650.32,648.31,649.62
2016-08-11 10:00:00,650.11,655.77,650.11,654.21
2016-08-11 11:00:00,654.35,654.95,653.55,653.89
2016-08-11 13:00:00,653.57,657.93,653.53,657.93
2016-08-11 14:00:00,657.84,660.24,657.14,660.24
2016-08-12 09:00:00,665.14,668.52,660.12,661.06
2016-08-12 10:00:00,661.11,662.42,660.62,662.42
2016-08-12 11:00:00,662.64,662.64,660.31,661.6
2016-08-12 13:00:00,661.66,662.3,655.6,655.75
2016-08-12 14:00:00,655.45,655.71,652.67,655.71
2016-08-15 09:00:00,654.06,656.1,653.64,655.3
2016-08-15 10:00:00,655.37,658.87,655.37,656.27
2016-08-15 11:00:00,656.26,656.81,655.56,656.81
2016-08-15 13:00:00,656.54,657.46,655.94,657.29
2016-08-15 14:00:00,657.3,659.47,657.27,659.47
2016-08-16 09:00:00,659.47,660.4,658.39,660.05
2016-08-16 10:00:00,659.54,661.41,659.54,661.21
2016-08-16 11:00:00,661.09,662.13,660.64,661.74
2016-08-16 13:00:00,661.31,661.57,656.83,659.1
2016-08-16 14:00:00,658.62,659.79,657.82,658.11
2016-08-17 09:00:00,659.46,659.78,657.52,658.23
2016-08-17 10:00:00,658.43,659.81,657.06,658.73
2016-08-17 11:00:00,658.81,659.34,657.72,658.88
2016-08-17 13:00:00,659.01,659.79,657.93,658.73
2016-08-17 14:00:00,658.75,660.76,657.91,660.51
2016-08-18 09:00:00,663.56,665.94,660.85,660.85
2016-08-18 10:00:00,660.69,662.2,659.28,660.67
2016-08-18 11:00:00,660.65,661.42,658.47,658.73
2016-08-18 13:00:00,659.08,659.93,656.35,659.86
2016-08-18 14:00:00,659.31,662.43,658.33,660.65
2016-08-19 09:00:00,664.09,666.93,662.79,664.28
2016-08-19 10:00:00,664.41,664.74,660.94,661.98
2016-08-19 11:00:00,661.9,662.07,659.68,660.39
2016-08-19 13:00:00,660.66,666.0,659.64,666.0
2016-08-19 14:00:00,666.01,666.27,662.28,662.28
2016-08-22 09:00:00,662.87,663.67,660.79,660.79
2016-08-22 10:00:00,660.66,664.95,659.28,663.73
2016-08-22 11:00:00,663.1,663.63,660.2,660.25
2016-08-22 13:00:00,659.78,660.88,658.14,658.61
2016-08-22 14:00:00,658.72,660.09,657.68,657.68
2016-08-23 09:00:00,653.58,655.76,652.88,654.05
2016-08-23 10:00:00,654.09,655.96,653.19,655.77
2016-08-23 11:00:00,655.72,657.63,654.98,657.62
2016-08-23 13:00:00,657.44,658.38,655.75,657.95
2016-08-23 14:00:00,657.64,659.16,656.77,659.16
2016-08-24 09:00:00,660.95,665.27,660.71,665.22
2016-08-24 10:00:00,665.43,665.43,660.93,660.97
2016-08-24 11:00:00,660.99,662.36,660.67,660.94
2016-08-24 13:00:00,662.3,662.3,660.02,660.96
2016-08-24 14:00:00,660.95,661.64,659.7,660.77
2016-08-25 09:00:00,660.77,660.77,657.19,657.2
2016-08-25 10:00:00,657.12,659.05,656.74,658.34
2016-08-25 11:00:00,658.29,659.25,657.81,659.25
2016-08-25 13:00:00,659.22,660.29,658.14,658.68
2016-08-25 14:00:00,657.81,658.81,656.49,658.5
2016-08-26 09:00:00,662.9,666.7,662.9,664.18
2016-08-26 10:00:00,664.83,665.48,663.11,664.53
2016-08-26 11:00:00,665.02,667.37,665.02,666.33
2016-08-26 13:00:00,667.07,668.84,666.33,666.86
2016-08-26 14:00:00,666.93,667.77,666.67,667.75
2016-08-29 09:00:00,670.71,675.82,670.71,674.8
2016-08-29 10:00:00,675.09,676.98,673.51,676.11
2016-08-29 11:00:00,676.04,676.78,674.85,676.78
2016-08-29 13:00:00,676.13,679.62,675.29,677.88
2016-08-29 14:00:00,678.41,678.49,669.44,669.44
2016-08-30 09:00:00,667.96,670.85,666.33,670.35
2016-08-30 10:00:00,670.31,670.31,668.3,669.88
2016-08-30 11:00:00,670.1,670.46,669.31,670.12
2016-08-30 13:00:00,670.46,672.04,669.63,671.64
2016-08-30 14:00:00,671.77,672.67,669.71,672.67
2016-08-31 09:00:00,673.1,676.26,672.71,675.23
2016-08-31 10:00:00,675.35,676.25,672.19,673.56
2016-08-31 11:00:00,672.2,673.85,671.39,672.1
2016-08-31 13:00:00,673.11,675.56,672.39,674.75
2016-08-31 14:00:00,674.74,675.96,673.92,674.63
2016-09-01 09:00:00,674.19,674.72,671.91,672.34
2016-09-01 10:00:00,672.22,674.43,669.62,670.29
2016-09-01 11:00:00,670.27,671.05,668.81,669.46
2016-09-01 13:00:00,670.1,670.1,664.77,666.83
2016-09-01 14:00:00,666.87,669.5,666.4,669.19
2016-09-05 09:00:00,669.3,670.08,665.37,665.49
2016-09-05 10:00:00,665.48,665.67,660.31,662.2
2016-09-05 11:00:00,663.32,664.64,661.85,664.64
2016-09-05 13:00:00,664.58,665.48,662.49,662.49
2016-09-05 14:00:00,662.51,664.7,662.3,664.55
2016-09-06 09:00:00,666.38,668.4,665.72,667.45
2016-09-06 10:00:00,667.18,667.18,665.12,665.54
2016-09-06 11:00:00,665.51,665.67,664.55,665.08
2016-09-06 13:00:00,664.92,667.99,664.75,666.38
2016-09-06 14:00:00,666.42,666.53,663.9,663.9
2016-09-07 09:00:00,663.05,663.68,660.35,661.31
2016-09-07 10:00:00,662.05,662.19,657.07,659.11
2016-09-07 11:00:00,659.15,661.96,659.15,661.57
2016-09-07 13:00:00,661.81,661.81,656.22,658.86
2016-09-07 14:00:00,660.42,662.73,660.09,661.28
2016-09-08 09:00:00,661.89,664.67,661.6,662.31
2016-09-08 10:00:00,662.12,663.31,660.54,662.04
2016-09-08 11:00:00,662.7,663.72,662.48,663.05
2016-09-08 13:00:00,663.21,668.14,662.34,668.11
2016-09-08 14:00:00,668.1,668.2,665.55,666.07
2016-09-09 09:00:00,669.24,672.39,669.24,670.46
2016-09-09 10:00:00,670.49,671.04,669.03,671.04
2016-09-09 11:00:00,670.87,670.87,669.21,669.49
2016-09-09 13:00:00,669.82,671.71,669.29,669.29
2016-09-09 14:00:00,669.99,669.99,666.88,666.88
2016-09-12 09:00:00,665.77,666.04,663.58,664.03
2016-09-12 10:00:00,664.0,664.72,657.98,659.8
2016-09-12 11:00:00,659.61,659.68,658.71,658.77
2016-09-12 13:00:00,658.25,658.7,655.55,658.41
2016-09-12 14:00:00,658.3,659.76,657.27,659.76
2016-09-13 09:00:00,658.61,660.7,655.92,655.92
2016-09-13 10:00:00,655.78,658.03,654.95,658.03
2016-09-13 11:00:00,657.99,658.26,656.78,656.78
2016-09-13 13:00:00,656.87,661.72,656.87,661.59
2016-09-13 14:00:00,661.57,661.74,659.34,659.72
2016-09-14 09:00:00,658.16,660.4,657.9,659.96
2016-09-14 10:00:00,659.92,661.82,659.49,660.98
2016-09-14 11:00:00,660.89,661.03,660.18,660.31
2016-09-14 13:00:00,660.47,660.55,657.89,658.72
2016-09-14 14:00:00,658.91,658.91,656.64,656.64
2016-09-15 09:00:00,657.46,660.32,657.46,659.58
2016-09-15 10:00:00,659.18,659.23,656.87,657.37
2016-09-15 11:00:00,657.36,657.36,656.21,656.21
2016-09-15 13:00:00,656.38,656.38,654.84,655.43
2016-09-15 14:00:00,655.64,657.17,655.64,656.18
2016-09-16 09:00:00,654.68,657.53,654.68,655.41
2016-09-16 10:00:00,655.53,655.88,654.92,655.69
2016-09-16 11:00:00,655.54,655.54,653.62,653.62
2016-09-16 13:00:00,653.78,654.62,653.44,653.67
2016-09-16 14:00:00,653.96,654.09,651.31,651.31
2016-09-19 09:00:00,651.31,658.35,651.31,657.99
2016-09-19 10:00:00,658.03,658.25,653.97,654.87
2016-09-19 11:00:00,654.89,655.32,654.62,655.32
2016-09-19 13:00:00,655.38,656.86,655.27,656.46
2016-09-19 14:00:00,656.59,657.89,656.49,657.89
2016-09-20 09:00:00,656.2,656.41,653.51,655.35
2016-09-20 10:00:00,655.52,656.05,654.58,655.25
2016-09-20 11:00:00,655.21,655.67,655.07,655.07
2016-09-20 13:00:00,655.14,655.17,653.59,653.69
2016-09-20 14:00:00,653.28,663.37,653.28,663.37
2016-09-21 09:00:00,663.12,665.81,662.86,662.86
2016-09-21 10:00:00,662.79,667.21,662.79,667.05
2016-09-21 11:00:00,667.14,667.45,665.69,666.0
2016-09-21 13:00:00,665.92,667.39,665.33,667.39
2016-09-21 14:00:00,667.46,668.83,667.46,668.48
2016-09-22 09:00:00,668.48,673.98,668.48,671.88
2016-09-22 10:00:00,672.22,673.63,671.95,673.02
2016-09-22 11:00:00,672.9,673.49,672.54,673.39
2016-09-22 13:00:00,673.44,675.36,673.31,675.14
2016-09-22 14:00:00,675.04,675.13,671.38,671.38
2016-09-23 09:00:00,670.73,673.2,670.3,672.47
2016-09-23 10:00:00,672.34,672.44,670.7,671.27
2016-09-23 11:00:00,671.25,672.94,670.87,672.94
2016-09-23 13:00:00,672.83,673.41,672.28,673.09
2016-09-23 14:00:00,673.33,674.09,672.49,674.09
2016-09-26 09:00:00,673.21,674.76,671.65,671.65
2016-09-26 10:00:00,671.51,672.84,671.51,671.89
2016-09-26 11:00:00,672.02,672.49,671.71,672.49
2016-09-26 13:00:00,672.52,676.69,672.52,676.6
2016-09-26 14:00:00,676.45,677.04,675.34,677.04
2016-09-27 09:00:00,676.61,680.53,676.24,679.9
2016-09-27 10:00:00,679.72,681.72,679.72,680.71
2016-09-27 11:00:00,680.88,681.01,680.28,680.65
2016-09-27 13:00:00,680.71,682.95,680.06,682.87
2016-09-27 14:00:00,682.85,684.89,682.66,684.89
2016-09-28 09:00:00,684.99,687.49,683.81,686.53
2016-09-28 10:00:00,686.38,687.25,685.67,685.75
2016-09-28 11:00:00,685.68,685.68,683.99,684.35
2016-09-28 13:00:00,684.29,686.23,682.98,686.23
2016-09-28 14:00:00,686.46,687.94,686.46,686.72
2016-09-29 09:00:00,689.82,691.71,689.63,690.68
2016-09-29 10:00:00,690.72,691.55,690.69,690.87
2016-09-29 11:00:00,690.73,691.13,690.22,690.22
2016-09-29 13:00:00,690.2,692.17,690.18,691.02
2016-09-29 14:00:00,690.89,690.89,685.91,688.55
2016-09-30 09:00:00,688.55,688.71,684.7,687.9
2016-09-30 10:00:00,687.72,687.79,686.22,686.22
2016-09-30 11:00:00,685.95,685.99,684.62,685.99
2016-09-30 13:00:00,686.17,689.03,685.96,688.67
2016-09-30 14:00:00,688.74,689.12,685.73,685.73
2016-10-03 09:00:00,687.68,688.42,686.05,686.05
2016-10-03 10:00:00,685.95,686.33,684.98,685.75
2016-10-03 11:00:00,685.63,686.06,685.19,685.19
2016-10-03 13:00:00,685.48,685.48,683.45,683.49
2016-10-03 14:00:00,684.12,684.12,681.99,683.05
2016-10-04 09:00:00,682.82,684.97,682.64,684.64
2016-10-04 10:00:00,684.59,685.41,684.26,685.12
2016-10-04 11:00:00,685.18,687.75,685.18,687.61
2016-10-04 13:00:00,687.77,689.17,685.47,685.6
2016-10-04 14:00:00,685.46,685.46,680.24,684.2
2016-10-05 09:00:00,686.41,688.23,685.48,686.36
2016-10-05 10:00:00,686.43,689.24,686.42,688.11
2016-10-05 11:00:00,688.07,688.6,687.77,688.43
2016-10-05 13:00:00,688.3,689.5,688.3,688.93
2016-10-05 14:00:00,688.49,688.49,686.6,687.04
2016-10-06 09:00:00,687.04,689.6,687.04,688.94
2016-10-06 10:00:00,688.68,690.71,688.68,690.42
2016-10-06 11:00:00,690.52,690.93,690.05,690.05
2016-10-06 13:00:00,690.03,690.18,688.89,688.89
2016-10-06 14:00:00,688.82,688.93,687.32,687.32
2016-10-07 09:00:00,689.51,690.19,686.49,686.67
2016-10-07 10:00:00,686.49,687.37,684.87,684.87
2016-10-07 11:00:00,684.52,684.52,682.86,682.88
2016-10-07 13:00:00,683.02,684.37,680.26,684.26
2016-10-07 14:00:00,684.61,684.94,683.61,683.95
2016-10-10 09:00:00,684.05,684.46,681.38,682.49
2016-10-10 10:00:00,682.43,684.15,681.8,682.71
2016-10-10 11:00:00,682.44,682.94,681.81,682.33
2016-10-10 13:00:00,682.52,683.33,679.61,679.61
2016-10-10 14:00:00,680.19,680.19,674.19,674.19
2016-10-11 09:00:00,677.63,678.61,674.88,674.92
2016-10-11 10:00:00,675.01,676.52,675.01,675.73
2016-10-11 11:00:00,675.51,675.56,671.99,671.99
2016-10-11 13:00:00,672.57,673.64,669.2,673.64
2016-10-11 14:00:00,674.0,682.36,674.0,682.36
2016-10-12 09:00:00,683.88,683.88,681.12,682.62
2016-10-12 10:00:00,682.5,686.18,682.39,685.05
2016-10-12 11:00:00,685.19,685.19,683.39,683.94
2016-10-12 13:00:00,684.02,684.14,682.01,682.33
2016-10-12 14:00:00,682.32,683.42,682.32,682.45
2016-10-13 09:00:00,680.73,681.44,678.79,681.13
2016-10-13 10:00:00,681.28,682.19,680.62,682.13
2016-10-13 11:00:00,682.17,683.38,682.17,682.53
2016-10-13 13:00:00,682.45,683.76,681.73,683.34
2016-10-13 14:00:00,684.04,685.23,684.04,685.23
2016-10-14 09:00:00,685.06,688.24,684.78,686.9
2016-10-14 10:00:00,686.93,690.62,686.86,690.02
2016-10-14 11:00:00,690.31,690.31,689.37,689.58
2016-10-14 13:00:00,689.88,690.08,689.43,689.66
2016-10-14 14:00:00,689.6,689.6,687.0,687.0
2016-10-17 09:00:00,687.18,687.94,686.4,687.49
2016-10-17 10:00:00,687.21,687.21,684.14,685.59
2016-10-17 11:00:00,685.54,685.55,684.94,685.02
2016-10-17 13:00:00,685.25,685.34,682.18,682.92
2016-10-17 14:00:00,682.73,683.12,680.95,680.95
2016-10-18 09:00:00,680.44,681.65,678.76,681.09
2016-10-18 10:00:00,681.22,681.22,678.13,678.37
2016-10-18 11:00:00,678.33,681.4,678.33,681.4
2016-10-18 13:00:00,681.47,682.15,681.13,682.15
2016-10-18 14:00:00,682.05,682.99,682.02,682.02
2016-10-19 09:00:00,683.83,687.75,683.25,686.68
2016-10-19 10:00:00,686.74,688.49,686.16,688.05
2016-10-19 11:00:00,687.72,689.3,687.54,689.14
2016-10-19 13:00:00,689.4,689.88,688.0,688.47
2016-10-19 14:00:00,688.46,689.84,688.39,688.89
2016-10-20 09:00:00,690.45,690.86,688.37,688.53
2016-10-20 10:00:00,688.71,690.26,688.71,689.46
2016-10-20 11:00:00,689.23,689.31,687.88,687.88
2016-10-20 13:00:00,688.07,688.55,686.87,687.03
2016-10-20 14:00:00,687.11,687.11,685.63,686.39
2016-10-21 09:00:00,685.77,685.92,684.23,685.82
2016-10-21 10:00:00,685.93,687.54,684.99,685.17
2016-10-21 11:00:00,685.18,685.18,684.44,684.76
2016-10-21 13:00:00,685.06,685.59,684.62,685.04
2016-10-21 14:00:00,685.07,685.69,683.76,684.83
2016-10-24 09:00:00,683.14,684.51,681.82,682.76
2016-10-24 10:00:00,682.7,682.7,680.61,680.61
2016-10-24 11:00:00,680.58,680.66,679.63,680.31
2016-10-24 13:00:00,680.67,680.67,678.66,680.48
2016-10-24 14:00:00,680.42,680.68,677.89,678.02
2016-10-25 09:00:00,676.29,677.16,670.6,670.6
2016-10-25 10:00:00,670.69,676.19,670.69,674.52
2016-10-25 11:00:00,674.5,675.3,674.41,675.3
2016-10-25 13:00:00,675.33,677.47,675.07,676.33
2016-10-25 14:00:00,676.35,676.55,674.93,676.18
2016-10-26 09:00:00,676.18,676.18,673.63,675.61
2016-10-26 10:00:00,675.59,675.94,675.16,675.23
2016-10-26 11:00:00,675.24,675.38,673.26,673.49
2016-10-26 13:00:00,673.47,673.61,670.8,671.19
2016-10-26 14:00:00,671.33,674.71,671.33,673.61
2016-10-27 09:00:00,672.81,675.08,672.3,674.48
2016-10-27 10:00:00,674.28,674.28,671.61,671.75
2016-10-27 11:00:00,671.66,674.7,671.66,674.7
2016-10-27 13:00:00,675.06,676.16,674.25,676.09
2016-10-27 14:00:00,676.15,676.9,675.44,676.9
2016-10-28 09:00:00,676.74,679.04,675.85,678.53
2016-10-28 10:00:00,678.5,679.89,677.9,679.63
2016-10-28 11:00:00,679.43,679.88,679.22,679.3
2016-10-28 13:00:00,679.05,681.17,678.95,680.94
2016-10-28 14:00:00,681.24,682.25,681.0,682.25
2016-10-31 09:00:00,682.11,683.34,680.81,680.81
2016-10-31 10:00:00,680.95,681.3,680.23,680.23
2016-10-31 11:00:00,680.16,680.27,678.45,678.92
2016-10-31 13:00:00,678.89,679.27,676.51,677.58
2016-10-31 14:00:00,677.66,677.77,675.8,675.8
2016-11-01 09:00:00,675.13,676.29,674.05,674.14
2016-11-01 10:00:00,674.04,674.88,672.33,674.88
2016-11-01 11:00:00,674.98,676.54,674.98,676.54
2016-11-01 13:00:00,676.39,676.51,674.65,675.23
2016-11-01 14:00:00,675.25,676.6,675.23,676.6
2016-11-02 09:00:00,675.68,676.75,675.28,675.93
2016-11-02 10:00:00,675.94,677.36,675.49,677.27
2016-11-02 11:00:00,677.31,678.14,676.89,677.15
2016-11-02 13:00:00,677.16,677.16,674.58,675.21
2016-11-02 14:00:00,675.28,675.28,671.4,671.4
2016-11-03 09:00:00,668.66,668.66,662.94,663.87
2016-11-03 10:00:00,664.05,666.07,664.05,664.26
2016-11-03 11:00:00,664.22,664.79,663.29,663.32
2016-11-03 13:00:00,663.24,663.25,661.86,661.89
2016-11-03 14:00:00,662.08,667.63,662.02,667.63
2016-11-04 09:00:00,666.93,668.99,666.53,666.53
2016-11-04 10:00:00,666.45,667.5,666.45,666.97
2016-11-04 11:00:00,666.93,666.98,666.04,666.32
2016-11-04 13:00:00,665.93,666.18,665.09,665.99
2016-11-04 14:00:00,665.92,666.73,665.08,666.73
2016-11-07 09:00:00,667.12,670.08,666.61,667.42
2016-11-07 10:00:00,668.73,669.51,668.27,669.42
2016-11-07 11:00:00,669.32,670.07,669.2,670.07
2016-11-07 13:00:00,670.09,674.36,670.09,674.35
2016-11-07 14:00:00,674.27,674.36,673.69,674.14
2016-11-08 09:00:00,675.82,677.91,675.63,675.69
2016-11-08 10:00:00,675.76,676.35,675.27,675.68
2016-11-08 11:00:00,675.71,675.71,674.33,674.36
2016-11-08 13:00:00,674.56,675.85,674.48,675.48
2016-11-08 14:00:00,675.5,676.76,675.17,676.46
2016-11-09 09:00:00,675.57,675.57,668.25,668.25
2016-11-09 10:00:00,667.97,669.54,665.74,667.96
2016-11-09 11:00:00,667.54,670.81,667.54,668.01
2016-11-09 13:00:00,665.25,666.27,656.68,664.26
2016-11-09 14:00:00,664.42,670.26,664.38,670.26
2016-11-10 09:00:00,675.36,677.93,675.36,676.37
2016-11-10 10:00:00,676.21,676.39,675.18,676.18
2016-11-10 11:00:00,676.19,676.79,676.19,676.49
2016-11-10 13:00:00,677.31,678.34,676.92,678.34
2016-11-10 14:00:00,678.18,678.57,677.86,678.17
2016-11-11 09:00:00,678.38,679.14,677.68,677.91
2016-11-11 10:00:00,677.95,678.14,676.82,677.25
2016-11-11 11:00:00,677.16,677.97,676.73,677.92
2016-11-11 13:00:00,678.24,679.37,677.86,678.32
2016-11-11 14:00:00,678.35,679.56,678.31,679.2
2016-11-14 09:00:00,677.13,679.96,677.13,678.34
2016-11-14 10:00:00,678.02,678.28,677.16,677.64
2016-11-14 11:00:00,677.67,677.7,675.95,676.12
2016-11-14 13:00:00,676.43,676.43,672.45,673.79
2016-11-14 14:00:00,673.87,674.24,673.05,673.05
2016-11-15 09:00:00,673.75,675.71,673.7,675.69
2016-11-15 10:00:00,675.67,675.73,673.19,673.43
2016-11-15 11:00:00,673.65,673.95,671.55,672.22
2016-11-15 13:00:00,672.2,673.08,672.19,673.0
2016-11-15 14:00:00,673.06,675.01,673.06,674.26
2016-11-16 09:00:00,674.85,676.33,674.85,675.03
2016-11-16 10:00:00,675.28,675.68,673.95,675.65
2016-11-16 11:00:00,675.61,675.7,674.93,675.09
2016-11-16 13:00:00,674.76,676.9,674.68,675.66
2016-11-16 14:00:00,675.87,676.0,674.6,674.6
2016-11-17 09:00:00,674.5,676.38,674.5,675.19
2016-11-17 10:00:00,675.17,676.48,675.17,675.75
2016-11-17 11:00:00,675.73,675.91,675.51,675.52
2016-11-17 13:00:00,675.74,675.74,673.13,673.83
2016-11-17 14:00:00,674.15,674.57,673.83,674.57
2016-11-18 09:00:00,673.82,675.15,673.82,674.02
2016-11-18 10:00:00,674.05,674.16,673.29,673.67
2016-11-18 11:00:00,673.45,673.45,671.4,671.72
2016-11-18 13:00:00,671.69,672.52,669.18,669.97
2016-11-18 14:00:00,670.03,673.25,669.8,673.25
2016-11-21 09:00:00,673.2,675.04,673.2,674.54
2016-11-21 10:00:00,674.52,674.52,672.06,672.06
2016-11-21 11:00:00,671.92,673.03,671.65,673.03
2016-11-21 13:00:00,673.21,674.22,672.97,674.15
2016-11-21 14:00:00,674.3,674.98,674.14,674.29
2016-11-22 09:00:00,675.23,677.85,675.23,677.84
2016-11-22 10:00:00,677.95,678.28,677.19,677.19
2016-11-22 11:00:00,677.14,678.36,677.0,677.81
2016-11-22 13:00:00,677.75,679.18,677.65,679.13
2016-11-22 14:00:00,678.98,681.91,678.86,681.91
2016-11-23 09:00:00,681.17,682.9,681.17,682.9
2016-11-23 10:00:00,683.07,684.12,682.92,683.33
2016-11-23 11:00:00,683.16,683.33,682.96,683.23
2016-11-23 13:00:00,683.22,683.43,680.45,680.47
2016-11-23 14:00:00,680.44,683.16,679.81,683.16
2016-11-24 09:00:00,683.61,683.61,680.78,680.78
2016-11-24 10:00:00,680.67,680.67,678.72,679.82
2016-11-24 11:00:00,679.58,679.82,678.91,679.34
2016-11-24 13:00:00,679.22,679.86,678.66,678.66
2016-11-24 14:00:00,678.47,678.58,676.39,678.18
2016-11-25 09:00:00,678.47,678.87,675.03,675.85
2016-11-25 10:00:00,676.04,676.04,671.55,671.73
2016-11-25 11:00:00,671.64,675.01,671.48,675.01
2016-11-25 13:00:00,674.84,675.22,672.14,673.0
2016-11-25 14:00:00,672.86,675.87,672.86,675.87
2016-11-28 09:00:00,672.38,673.18,668.15,668.45
2016-11-28 10:00:00,668.43,668.76,666.24,666.54
2016-11-28 11:00:00,666.5,666.5,665.11,665.8
2016-11-28 13:00:00,665.45,665.55,660.96,661.17
2016-11-28 14:00:00,661.09,665.29,661.09,665.29
2016-11-29 09:00:00,665.11,667.79,663.85,663.85
2016-11-29 10:00:00,663.96,664.32,659.29,659.29
2016-11-29 11:00:00,659.1,659.78,659.1,659.4
2016-11-29 13:00:00,659.3,660.93,658.54,660.56
2016-11-29 14:00:00,660.3,660.4,658.26,658.26
2016-11-30 09:00:00,658.44,660.77,658.44,660.77
2016-11-30 10:00:00,660.78,660.78,656.93,657.14
2016-11-30 11:00:00,656.79,656.79,654.99,655.46
2016-11-30 13:00:00,655.24,658.55,655.24,658.55
2016-11-30 14:00:00,658.48,665.78,658.48,665.07
2016-12-01 09:00:00,670.75,670.81,668.31,670.19
2016-12-01 10:00:00,669.5,669.86,667.66,668.07
2016-12-01 11:00:00,668.09,669.06,668.08,669.06
2016-12-01 13:00:00,668.57,669.01,668.25,668.39
2016-12-01 14:00:00,668.38,668.38,666.54,666.54
2016-12-02 09:00:00,667.02,667.39,664.99,664.99
2016-12-02 10:00:00,664.86,664.86,662.09,663.57
2016-12-02 11:00:00,663.58,664.48,663.11,664.48
2016-12-02 13:00:00,664.28,666.51,664.28,664.82
2016-12-02 14:00:00,665.02,666.26,664.8,665.14
2016-12-05 09:00:00,663.06,663.87,663.0,663.31
2016-12-05 10:00:00,663.2,663.2,661.32,661.49
2016-12-05 11:00:00,661.44,661.51,660.15,660.36
2016-12-05 13:00:00,659.92,659.94,658.11,659.01
2016-12-05 14:00:00,658.71,660.75,658.71,660.21
2016-12-06 09:00:00,660.68,660.77,655.52,655.55
2016-12-06 10:00:00,655.63,655.79,653.68,653.97
2016-12-06 11:00:00,654.2,655.16,654.16,654.88
2016-12-06 13:00:00,654.98,654.98,650.39,650.43
2016-12-06 14:00:00,650.73,651.49,648.37,651.49
2016-12-07 09:00:00,648.63,654.13,647.33,652.82
2016-12-07 10:00:00,652.75,653.99,651.93,653.17
2016-12-07 11:00:00,653.88,654.07,652.97,653.11
2016-12-07 13:00:00,653.15,653.37,652.16,652.69
2016-12-07 14:00:00,652.74,653.53,652.69,653.53
2016-12-08 09:00:00,655.48,660.72,655.48,658.6
2016-12-08 10:00:00,658.54,658.95,655.94,656.3
2016-12-08 11:00:00,656.28,656.84,656.27,656.84
2016-12-08 13:00:00,657.05,658.0,656.35,657.56
2016-12-08 14:00:00,657.72,658.89,657.16,658.89
2016-12-09 09:00:00,659.46,664.46,659.46,663.08
2016-12-09 10:00:00,663.27,663.37,660.7,661.51
2016-12-09 11:00:00,661.53,662.15,661.25,662.15
2016-12-09 13:00:00,662.67,662.71,661.65,661.71
2016-12-09 14:00:00,661.46,663.07,660.79,663.07
2016-12-12 09:00:00,663.7,664.67,662.37,662.89
2016-12-12 10:00:00,662.92,663.11,660.99,661.29
2016-12-12 11:00:00,661.21,661.9,661.01,661.48
2016-12-12 13:00:00,661.2,661.2,658.84,658.88
2016-12-12 14:00:00,658.98,660.07,658.97,659.7
2016-12-13 09:00:00,662.27,663.54,660.62,660.76
2016-12-13 10:00:00,660.82,661.14,658.69,658.78
2016-12-13 11:00:00,658.71,659.07,658.09,658.25
2016-12-13 13:00:00,658.24,658.24,654.72,655.97
2016-12-13 14:00:00,656.02,656.07,654.34,654.66
2016-12-14 09:00:00,657.39,661.0,657.39,659.38
2016-12-14 10:00:00,659.83,661.03,659.07,660.64
2016-12-14 11:00:00,660.65,660.85,660.33,660.7
2016-12-14 13:00:00,661.0,662.33,660.43,661.91
2016-12-14 14:00:00,662.05,665.14,662.05,665.14
2016-12-15 09:00:00,668.07,668.07,664.08,665.22
2016-12-15 10:00:00,665.95,667.58,665.74,667.47
2016-12-15 11:00:00,667.45,667.91,666.97,667.41
2016-12-15 13:00:00,667.13,667.21,664.1,664.69
2016-12-15 14:00:00,664.79,667.41,664.79,665.92
2016-12-16 09:00:00,670.43,671.38,668.3,669.82
2016-12-16 10:00:00,669.83,672.02,669.82,671.26
2016-12-16 11:00:00,671.03,671.07,670.48,670.98
2016-12-16 13:00:00,671.56,672.33,671.15,671.64
2016-12-16 14:00:00,671.48,675.19,671.27,675.16
2016-12-19 09:00:00,673.98,679.9,673.98,676.35
2016-12-19 10:00:00,676.1,678.88,675.09,678.88
2016-12-19 11:00:00,678.76,679.15,678.5,678.57
2016-12-19 13:00:00,678.36,678.4,675.79,675.98
2016-12-19 14:00:00,676.06,676.1,673.88,674.33
2016-12-20 09:00:00,673.93,674.28,670.35,671.51
2016-12-20 10:00:00,671.54,672.24,669.0,669.0
2016-12-20 11:00:00,668.97,669.15,667.52,667.72
2016-12-20 13:00:00,667.03,667.13,663.25,663.32
2016-12-20 14:00:00,663.29,663.63,662.66,662.66
2016-12-21 09:00:00,662.36,662.76,657.4,662.76
2016-12-21 10:00:00,662.83,665.2,662.83,664.5
2016-12-21 11:00:00,664.47,664.58,663.4,664.22
2016-12-21 13:00:00,664.19,667.06,664.19,665.99
2016-12-21 14:00:00,665.96,666.94,665.31,666.94
2016-12-22 09:00:00,669.01,669.95,668.15,668.34
2016-12-22 10:00:00,668.47,668.7,666.54,666.85
2016-12-22 11:00:00,666.92,667.51,666.56,666.56
2016-12-22 13:00:00,666.41,666.41,664.11,664.11
2016-12-22 14:00:00,664.05,664.52,663.7,664.15
2016-12-23 09:00:00,663.75,663.91,660.6,661.83
2016-12-23 10:00:00,662.08,662.08,660.06,660.06
2016-12-23 11:00:00,660.05,660.16,659.18,660.06
2016-12-23 13:00:00,660.19,662.82,659.26,662.75
2016-12-23 14:00:00,662.55,664.37,661.72,664.37
2016-12-26 09:00:00,665.67,665.73,662.24,663.09
2016-12-26 10:00:00,663.14,665.23,662.09,664.23
2016-12-26 11:00:00,664.22,664.99,664.16,664.73
2016-12-26 13:00:00,664.78,664.78,663.24,663.54
2016-12-26 14:00:00,663.55,663.56,662.45,662.45
2016-12-27 09:00:00,662.66,664.38,662.41,662.49
2016-12-27 10:00:00,662.55,664.61,662.01,664.31
2016-12-27 11:00:00,664.23,665.05,663.71,664.99
2016-12-27 13:00:00,665.1,665.5,661.41,663.6
2016-12-27 14:00:00,663.43,663.86,662.53,663.86
2016-12-28 09:00:00,665.9,666.64,662.85,662.85
2016-12-28 10:00:00,662.96,664.16,662.7,662.99
2016-12-28 11:00:00,662.88,663.14,662.45,662.55
2016-12-28 13:00:00,662.59,663.27,662.35,662.73
2016-12-28 14:00:00,662.59,663.5,661.8,663.5
2016-12-29 09:00:00,666.43,666.43,664.43,665.29
2016-12-29 10:00:00,665.51,666.0,664.39,664.93
2016-12-29 11:00:00,665.15,665.38,664.99,665.14
2016-12-29 13:00:00,665.24,665.24,663.95,664.15
2016-12-29 14:00:00,664.09,665.08,663.98,664.72
2016-12-30 09:00:00,664.17,665.49,663.87,664.03
2016-12-30 10:00:00,664.12,664.63,663.39,663.39
2016-12-30 11:00:00,663.5,664.55,663.5,664.55
2016-12-30 13:00:00,664.25,664.52,663.63,664.17
2016-12-30 14:00:00,664.08,664.87,663.82,664.87
2017-01-03 09:00:00,665.92,667.53,665.43,665.9
2017-01-03 10:00:00,665.93,670.37,665.66,669.43
2017-01-03 11:00:00,669.46,670.35,669.24,669.46
2017-01-03 13:00:00,669.54,672.24,669.45,671.72
2017-01-03 14:00:00,671.89,672.34,671.67,672.01
2017-01-04 09:00:00,672.58,675.22,672.21,675.21
2017-01-04 10:00:00,675.35,675.93,673.92,673.96
2017-01-04 11:00:00,673.94,674.99,673.76,674.99
2017-01-04 13:00:00,674.71,674.81,672.8,672.86
2017-01-04 14:00:00,672.66,674.7,672.47,674.7
2017-01-05 09:00:00,674.82,675.57,673.31,675.39
2017-01-05 10:00:00,675.3,675.8,673.37,674.17
2017-01-05 11:00:00,674.39,675.49,674.23,675.04
2017-01-05 13:00:00,674.95,675.92,674.95,675.55
2017-01-05 14:00:00,675.43,675.81,674.71,675.81
2017-01-06 09:00:00,675.35,679.29,675.22,678.84
2017-01-06 10:00:00,678.95,680.27,677.99,680.27
2017-01-06 11:00:00,680.24,683.28,679.82,683.26
2017-01-06 13:00:00,683.1,683.76,682.15,682.31
2017-01-06 14:00:00,682.4,682.4,679.68,679.8
2017-01-09 09:00:00,681.74,683.55,681.74,683.46
2017-01-09 10:00:00,683.49,684.01,682.64,683.8
2017-01-09 11:00:00,683.77,684.88,683.4,684.34
2017-01-09 13:00:00,684.39,684.73,683.3,683.5
2017-01-09 14:00:00,683.43,683.43,682.57,682.57
2017-01-10 09:00:00,682.77,683.02,681.02,682.65
2017-01-10 10:00:00,682.72,682.95,680.94,681.71
2017-01-10 11:00:00,681.69,682.08,681.52,681.73
2017-01-10 13:00:00,681.84,681.84,681.08,681.24
2017-01-10 14:00:00,681.08,681.24,680.76,681.07
2017-01-11 09:00:00,680.85,684.61,680.85,683.13
2017-01-11 10:00:00,683.11,683.91,683.05,683.57
2017-01-11 11:00:00,683.5,684.38,683.29,684.38
2017-01-11 13:00:00,684.47,685.57,683.88,685.44
2017-01-11 14:00:00,685.35,687.16,685.29,687.16
2017-01-12 09:00:00,688.71,688.99,686.32,687.18
2017-01-12 10:00:00,687.27,687.61,686.48,687.61
2017-01-12 11:00:00,687.54,687.58,686.71,686.99
2017-01-12 13:00:00,686.98,686.98,685.59,686.97
2017-01-12 14:00:00,686.8,686.96,686.25,686.96
2017-01-13 09:00:00,686.58,687.59,685.96,687.59
2017-01-13 10:00:00,687.88,688.62,686.91,687.12
2017-01-13 11:00:00,687.09,687.58,686.75,687.52
2017-01-13 13:00:00,687.18,687.34,686.44,686.44
2017-01-13 14:00:00,686.39,686.39,685.06,685.06
2017-01-16 09:00:00,684.62,684.77,681.26,681.43
2017-01-16 10:00:00,681.49,681.89,678.69,678.9
2017-01-16 11:00:00,678.76,680.68,678.64,680.68
2017-01-16 13:00:00,680.65,680.66,678.92,679.18
2017-01-16 14:00:00,678.94,679.45,677.85,677.94
2017-01-17 09:00:00,678.83,680.88,678.83,680.05
2017-01-17 10:00:00,679.78,683.04,679.53,683.04
2017-01-17 11:00:00,682.94,682.96,681.59,681.66
2017-01-17 13:00:00,681.67,684.66,681.59,683.08
2017-01-17 14:00:00,683.25,684.73,683.12,684.71
2017-01-18 09:00:00,683.74,686.86,683.74,684.67
2017-01-18 10:00:00,684.37,686.68,684.37,686.61
2017-01-18 11:00:00,686.49,688.07,686.49,686.97
2017-01-18 13:00:00,686.56,686.96,683.9,683.9
2017-01-18 14:00:00,683.91,684.87,683.28,683.28
2017-01-19 09:00:00,683.02,683.6,680.8,683.49
2017-01-19 10:00:00,683.55,684.19,683.08,683.4
2017-01-19 11:00:00,683.27,683.57,682.98,682.98
2017-01-19 13:00:00,683.08,683.61,682.51,683.31
2017-01-19 14:00:00,683.29,683.53,682.31,682.31
2017-01-20 09:00:00,684.05,686.6,684.05,685.46
2017-01-20 10:00:00,685.54,686.05,685.22,685.88
2017-01-20 11:00:00,685.65,686.07,685.42,686.04
2017-01-20 13:00:00,686.24,688.4,686.23,688.4
2017-01-20 14:00:00,688.24,688.42,686.26,686.26
2017-01-23 09:00:00,687.83,689.47,686.93,689.17
2017-01-23 10:00:00,689.11,689.34,687.3,687.4
2017-01-23 11:00:00,687.38,687.42,686.46,687.35
2017-01-23 13:00:00,687.16,688.42,686.69,687.72
2017-01-23 14:00:00,687.58,688.37,687.15,687.15
2017-01-24 09:00:00,687.08,690.22,687.08,690.22
2017-01-24 10:00:00,690.35,691.35,689.94,690.97
2017-01-24 11:00:00,691.08,691.09,690.49,691.03
2017-01-24 13:00:00,691.15,692.08,690.88,692.08
2017-01-24 14:00:00,692.24,692.75,691.36,691.36
2017-01-25 09:00:00,693.07,693.7,691.19,691.74
2017-01-25 10:00:00,691.49,692.86,691.39,692.41
2017-01-25 11:00:00,692.36,692.57,692.0,692.37
2017-01-25 13:00:00,692.88,693.56,692.63,693.12
2017-01-25 14:00:00,693.09,697.28,692.94,697.28
2017-02-02 09:00:00,699.8,700.63,697.71,698.66
2017-02-02 10:00:00,698.79,701.12,698.21,701.08
2017-02-02 11:00:00,701.21,701.64,700.08,700.55
2017-02-02 13:00:00,700.74,702.19,700.18,702.18
2017-02-02 14:00:00,702.13,703.2,702.13,703.18
2017-02-03 09:00:00,704.69,708.1,704.62,704.88
2017-02-03 10:00:00,705.08,705.86,704.25,704.25
2017-02-03 11:00:00,704.45,704.45,703.11,703.16
2017-02-03 13:00:00,703.3,703.86,700.47,701.02
2017-02-03 14:00:00,700.92,701.05,700.09,700.35
2017-02-06 09:00:00,702.02,702.02,696.92,698.16
2017-02-06 10:00:00,698.21,700.67,698.08,699.77
2017-02-06 11:00:00,699.48,699.85,698.66,698.66
2017-02-06 13:00:00,698.39,701.4,698.14,700.36
2017-02-06 14:00:00,700.21,700.64,699.1,700.04
2017-02-07 09:00:00,699.99,700.87,699.43,699.78
2017-02-07 10:00:00,699.91,702.8,698.99,702.8
2017-02-07 11:00:00,702.93,703.18,702.1,703.12
2017-02-07 13:00:00,703.24,703.3,701.83,702.02
2017-02-07 14:00:00,701.99,702.49,701.51,701.91
2017-02-08 09:00:00,702.67,702.67,701.7,702.13
2017-02-08 10:00:00,701.95,702.77,701.26,701.97
2017-02-08 11:00:00,701.96,702.09,701.53,701.85
2017-02-08 13:00:00,702.15,702.35,700.47,702.35
2017-02-08 14:00:00,702.54,702.68,701.98,702.04
2017-02-09 09:00:00,700.93,702.64,700.9,701.92
2017-02-09 10:00:00,701.8,702.31,701.17,701.67
2017-02-09 11:00:00,701.68,701.8,701.13,701.26
2017-02-09 13:00:00,701.57,701.73,700.21,701.33
2017-02-09 14:00:00,701.26,701.26,700.33,700.65
2017-02-10 09:00:00,701.15,702.97,701.15,702.27
2017-02-10 10:00:00,701.98,703.48,701.29,702.59
2017-02-10 11:00:00,702.61,703.11,702.61,703.11
2017-02-10 13:00:00,703.14,704.08,703.02,703.16
2017-02-10 14:00:00,703.18,703.78,702.81,703.78
2017-02-13 09:00:00,704.61,705.38,703.58,705.25
2017-02-13 10:00:00,705.3,705.38,704.62,705.21
2017-02-13 11:00:00,705.3,705.36,704.87,704.95
2017-02-13 13:00:00,705.1,706.47,704.91,706.2
2017-02-13 14:00:00,706.19,706.19,705.86,705.9
2017-02-14 09:00:00,706.41,707.32,705.84,707.05
2017-02-14 10:00:00,707.04,707.17,706.14,706.91
2017-02-14 11:00:00,706.81,706.82,705.7,705.81
2017-02-14 13:00:00,705.74,706.08,703.85,705.92
2017-02-14 14:00:00,705.88,706.55,705.88,706.26
2017-02-15 09:00:00,706.84,708.46,706.84,707.55
2017-02-15 10:00:00,707.57,710.6,707.57,709.61
2017-02-15 11:00:00,709.59,709.59,709.11,709.45
2017-02-15 13:00:00,709.39,711.73,709.29,711.4
2017-02-15 14:00:00,711.62,711.62,710.25,711.57
2017-02-16 09:00:00,712.61,713.58,712.52,712.84
2017-02-16 10:00:00,712.96,714.24,712.92,714.24
2017-02-16 11:00:00,714.17,715.94,714.17,715.85
2017-02-16 13:00:00,715.38,717.57,714.78,714.78
2017-02-16 14:00:00,714.91,714.91,709.35,709.35
2017-02-17 09:00:00,709.52,710.21,707.23,709.65
2017-02-17 10:00:00,709.63,709.79,708.58,708.68
2017-02-17 11:00:00,708.56,708.61,707.77,708.0
2017-02-17 13:00:00,707.96,707.96,705.84,707.36
2017-02-17 14:00:00,707.72,707.83,706.33,707.83
2017-02-20 09:00:00,705.72,707.41,704.41,706.9
2017-02-20 10:00:00,706.8,707.45,705.05,705.1
2017-02-20 11:00:00,705.41,706.19,705.41,706.19
2017-02-20 13:00:00,706.64,711.4,706.34,709.99
2017-02-20 14:00:00,709.9,710.6,709.61,710.59
2017-02-21 09:00:00,711.49,715.91,711.49,715.91
2017-02-21 10:00:00,715.92,716.87,715.07,715.08
2017-02-21 11:00:00,715.24,715.77,714.81,714.81
2017-02-21 13:00:00,714.79,718.01,714.69,718.01
2017-02-21 14:00:00,718.03,718.06,716.42,716.55
2017-02-22 09:00:00,717.77,718.49,715.9,716.47
2017-02-22 10:00:00,716.52,719.09,716.52,718.16
2017-02-22 11:00:00,718.26,718.72,717.55,717.64
2017-02-22 13:00:00,717.34,717.34,715.85,715.85
2017-02-22 14:00:00,716.1,717.24,715.36,717.24
2017-02-23 09:00:00,717.49,719.58,717.42,719.35
2017-02-23 10:00:00,719.27,719.3,716.81,716.81
2017-02-23 11:00:00,716.72,717.17,714.5,714.5
2017-02-23 13:00:00,714.39,714.9,712.36,714.73
2017-02-23 14:00:00,714.63,716.87,714.43,716.87
2017-02-24 09:00:00,716.35,717.94,716.02,716.02
2017-02-24 10:00:00,715.99,716.28,714.27,714.52
2017-02-24 11:00:00,714.46,714.46,713.81,714.32
2017-02-24 13:00:00,714.13,716.57,713.7,714.96
2017-02-24 14:00:00,714.83,715.12,714.32,714.47
2017-02-27 09:00:00,711.7,714.72,711.7,712.89
2017-02-27 10:00:00,713.08,713.35,712.65,713.35
2017-02-27 11:00:00,713.58,714.95,713.43,714.95
2017-02-27 13:00:00,714.94,716.32,714.39,716.19
2017-02-27 14:00:00,716.2,718.37,716.2,717.44
2017-02-28 09:00:00,718.24,719.14,717.32,717.32
2017-02-28 10:00:00,717.28,717.28,714.39,714.59
2017-02-28 11:00:00,714.76,716.02,714.56,716.02
2017-02-28 13:00:00,715.84,716.21,714.91,715.2
2017-02-28 14:00:00,715.15,715.15,710.79,710.79
2017-03-01 09:00:00,710.7,711.86,710.56,711.46
2017-03-01 10:00:00,711.65,712.49,709.18,710.1
2017-03-01 11:00:00,710.02,710.8,710.02,710.61
2017-03-01 13:00:00,710.35,710.54,705.79,707.17
2017-03-01 14:00:00,707.48,709.52,707.28,709.52
2017-03-02 09:00:00,712.68,713.53,712.65,712.75
2017-03-02 10:00:00,712.45,712.45,710.48,710.71
2017-03-02 11:00:00,710.69,710.99,709.53,709.53
2017-03-02 13:00:00,709.78,710.22,708.33,708.72
2017-03-02 14:00:00,708.5,709.23,707.51,707.51
2017-03-03 09:00:00,708.23,708.23,705.93,707.55
2017-03-03 10:00:00,707.54,707.7,705.83,706.85
2017-03-03 11:00:00,706.95,709.86,706.95,709.4
2017-03-03 13:00:00,709.34,711.51,707.58,711.51
2017-03-03 14:00:00,711.48,712.62,710.93,712.62
2017-03-06 09:00:00,714.61,716.38,714.01,714.93
2017-03-06 10:00:00,714.67,716.48,714.62,716.25
2017-03-06 11:00:00,716.37,717.25,716.14,717.25
2017-03-06 13:00:00,717.2,718.04,716.77,717.02
2017-03-06 14:00:00,717.05,717.32,716.29,716.29
2017-03-07 09:00:00,716.46,716.95,714.68,714.85
2017-03-07 10:00:00,714.78,715.73,714.27,715.69
2017-03-07 11:00:00,715.75,716.8,715.64,716.8
2017-03-07 13:00:00,716.44,716.71,715.64,716.67
2017-03-07 14:00:00,716.64,716.91,716.06,716.54
2017-03-08 09:00:00,715.04,715.42,714.02,714.61
2017-03-08 10:00:00,714.47,715.41,713.89,715.31
2017-03-08 11:00:00,715.44,715.73,714.67,714.94
2017-03-08 13:00:00,715.08,718.78,714.72,718.25
2017-03-08 14:00:00,718.18,718.18,716.24,716.6
2017-03-09 09:00:00,715.86,718.23,715.37,716.9
2017-03-09 10:00:00,717.17,718.14,715.78,716.77
2017-03-09 11:00:00,716.66,717.75,716.66,717.51
2017-03-09 13:00:00,717.67,717.75,716.58,716.66
2017-03-09 14:00:00,716.64,716.64,714.96,715.8
2017-03-10 09:00:00,715.85,716.81,715.5,715.5
2017-03-10 10:00:00,715.6,716.01,714.82,715.73
2017-03-10 11:00:00,715.54,716.24,715.46,715.94
2017-03-10 13:00:00,716.09,716.09,713.96,713.96
2017-03-10 14:00:00,713.99,713.99,712.21,712.21
2017-03-13 09:00:00,711.93,712.63,707.63,707.74
2017-03-13 10:00:00,707.73,711.45,707.72,711.4
2017-03-13 11:00:00,711.27,711.28,710.72,710.88
2017-03-13 13:00:00,711.09,711.11,710.09,710.39
2017-03-13 14:00:00,710.41,710.77,709.89,710.17
2017-03-14 09:00:00,709.9,711.59,709.29,710.98
2017-03-14 10:00:00,710.96,712.5,710.79,712.5
2017-03-14 11:00:00,712.46,713.09,712.44,712.94
2017-03-14 13:00:00,712.93,715.6,712.93,714.86
2017-03-14 14:00:00,714.82,716.49,714.71,714.71
2017-03-15 09:00:00,715.63,716.49,715.19,715.19
2017-03-15 10:00:00,715.15,715.28,713.89,714.41
2017-03-15 11:00:00,714.45,714.99,714.27,714.99
2017-03-15 13:00:00,714.82,714.82,713.35,713.52
2017-03-15 14:00:00,713.76,714.4,713.14,713.14
2017-03-16 09:00:00,712.56,714.09,710.66,712.96
2017-03-16 10:00:00,713.1,714.46,712.93,714.46
2017-03-16 11:00:00,714.35,714.79,714.25,714.68
2017-03-16 13:00:00,714.33,715.03,714.33,714.75
2017-03-16 14:00:00,714.69,714.97,714.12,714.92
2017-03-17 09:00:00,715.82,716.65,714.76,716.65
2017-03-17 10:00:00,716.99,717.1,715.88,715.88
2017-03-17 11:00:00,715.82,716.3,715.19,715.58
2017-03-17 13:00:00,715.53,715.77,714.7,714.91
2017-03-17 14:00:00,714.7,714.87,710.54,710.54
2017-03-20 09:00:00,711.44,712.96,711.44,712.26
2017-03-20 10:00:00,712.43,714.47,712.31,714.37
2017-03-20 11:00:00,714.24,715.41,714.24,715.29
2017-03-20 13:00:00,715.19,717.54,715.08,716.89
2017-03-20 14:00:00,716.85,717.0,715.07,715.07
2017-03-21 09:00:00,717.03,718.8,715.08,715.74
2017-03-21 10:00:00,715.63,716.55,714.78,714.98
2017-03-21 11:00:00,714.95,716.77,714.95,715.37
2017-03-21 13:00:00,715.49,717.26,715.13,715.89
2017-03-21 14:00:00,715.87,716.46,715.11,716.18
2017-03-22 09:00:00,715.78,717.59,715.78,717.36
2017-03-22 10:00:00,717.34,720.68,717.34,719.75
2017-03-22 11:00:00,719.6,719.6,717.38,719.07
2017-03-22 13:00:00,719.16,719.89,718.26,718.26
2017-03-22 14:00:00,718.13,718.13,712.94,712.94
2017-03-23 09:00:00,712.61,716.28,712.61,716.28
2017-03-23 10:00:00,716.31,718.53,716.25,717.76
2017-03-23 11:00:00,717.63,717.71,716.83,717.06
2017-03-23 13:00:00,716.86,719.54,716.65,718.85
2017-03-23 14:00:00,718.77,719.56,718.77,719.56
2017-03-24 09:00:00,719.56,724.36,719.56,721.63
2017-03-24 10:00:00,721.28,722.85,721.28,721.93
2017-03-24 11:00:00,721.98,722.39,720.79,721.06
2017-03-24 13:00:00,721.04,721.18,719.95,721.02
2017-03-24 14:00:00,720.97,722.14,720.89,722.14
2017-03-27 09:00:00,723.23,725.57,723.23,724.16
2017-03-27 10:00:00,724.23,725.52,723.92,725.15
2017-03-27 11:00:00,725.23,725.41,724.59,724.65
2017-03-27 13:00:00,724.77,725.14,721.94,721.94
2017-03-27 14:00:00,721.68,723.63,721.41,723.52
2017-03-28 09:00:00,724.37,725.0,723.64,724.15
2017-03-28 10:00:00,724.19,724.29,721.77,722.1
2017-03-28 11:00:00,722.08,722.22,721.65,722.01
2017-03-28 13:00:00,722.31,722.38,719.37,719.37
2017-03-28 14:00:00,719.9,719.9,718.66,719.26
2017-03-29 09:00:00,719.08,720.53,718.37,720.11
2017-03-29 10:00:00,720.07,721.92,720.07,720.61
2017-03-29 11:00:00,720.64,720.72,718.6,719.13
2017-03-29 13:00:00,719.11,720.7,719.05,720.55
2017-03-29 14:00:00,720.45,720.68,719.77,720.47
2017-03-30 09:00:00,721.87,724.51,721.87,723.52
2017-03-30 10:00:00,723.58,724.97,723.53,724.97
2017-03-30 11:00:00,724.77,725.62,724.77,725.3
2017-03-30 13:00:00,725.29,725.91,724.96,725.09
2017-03-30 14:00:00,724.97,724.97,723.68,723.86
2017-03-31 09:00:00,725.97,726.67,725.78,725.87
2017-03-31 10:00:00,725.75,725.89,724.32,724.59
2017-03-31 11:00:00,724.71,725.29,724.57,724.91
2017-03-31 13:00:00,724.85,725.49,723.7,723.7
2017-03-31 14:00:00,723.71,723.72,722.31,722.31
2017-04-03 09:00:00,723.02,724.37,722.0,722.31
2017-04-03 10:00:00,722.47,723.24,722.33,723.2
2017-04-03 11:00:00,723.27,723.73,722.94,723.68
2017-04-03 13:00:00,723.61,723.84,721.58,721.87
2017-04-03 14:00:00,721.89,723.73,721.79,722.38
2017-04-04 09:00:00,723.7,723.96,722.79,723.68
2017-04-04 10:00:00,723.6,724.67,723.46,723.77
2017-04-04 11:00:00,723.72,723.72,722.8,723.05
2017-04-04 13:00:00,723.1,723.89,722.96,723.43
2017-04-04 14:00:00,723.29,724.15,723.29,724.14
2017-04-05 09:00:00,724.89,726.03,723.8,723.8
2017-04-05 10:00:00,723.63,724.45,723.63,723.9
2017-04-05 11:00:00,723.83,724.19,722.49,722.84
2017-04-05 13:00:00,723.15,723.24,722.67,722.96
2017-04-05 14:00:00,722.73,723.38,722.57,723.22
2017-04-07 09:00:00,721.85,722.71,720.38,720.49
2017-04-07 10:00:00,720.47,722.35,720.28,722.29
2017-04-07 11:00:00,722.42,723.44,722.36,723.26
2017-04-07 13:00:00,722.99,727.08,722.94,726.11
2017-04-07 14:00:00,726.12,727.95,726.08,727.95
2017-04-10 09:00:00,728.71,729.07,727.77,728.39
2017-04-10 10:00:00,728.67,729.59,728.67,728.89
2017-04-10 11:00:00,728.92,729.99,728.62,729.77
2017-04-10 13:00:00,729.75,730.9,729.52,729.68
2017-04-10 14:00:00,729.73,730.23,729.37,729.87
2017-04-11 09:00:00,730.15,732.12,730.15,732.12
2017-04-11 10:00:00,732.13,732.24,731.67,731.71
2017-04-11 11:00:00,731.83,731.99,731.0,731.1
2017-04-11 13:00:00,731.31,731.89,730.47,731.67
2017-04-11 14:00:00,731.71,731.8,730.92,731.33
2017-04-12 09:00:00,731.62,732.87,731.13,732.25
2017-04-12 10:00:00,732.21,732.38,729.44,729.44
2017-04-12 11:00:00,729.49,729.73,727.29,727.29
2017-04-12 13:00:00,727.17,727.53,724.48,726.99
2017-04-12 14:00:00,727.03,727.03,725.58,725.58
2017-04-13 09:00:00,725.54,727.03,725.31,726.99
2017-04-13 10:00:00,727.02,727.34,726.27,726.85
2017-04-13 11:00:00,726.83,727.33,726.6,727.31
2017-04-13 13:00:00,727.19,727.21,725.7,725.87
2017-04-13 14:00:00,725.86,726.04,723.88,724.35
2017-04-14 09:00:00,722.47,722.96,714.67,717.12
2017-04-14 10:00:00,717.08,717.57,714.13,714.48
2017-04-14 11:00:00,714.54,717.27,714.45,717.27
2017-04-14 13:00:00,717.1,721.06,717.1,719.33
2017-04-14 14:00:00,719.29,719.29,717.72,718.45
2017-04-17 09:00:00,718.93,721.78,718.93,719.22
2017-04-17 10:00:00,719.05,719.4,718.49,719.39
2017-04-17 11:00:00,719.34,719.84,719.18,719.3
2017-04-17 13:00:00,720.12,720.3,715.27,715.27
2017-04-17 14:00:00,715.23,715.23,710.83,710.83
2017-04-18 09:00:00,708.64,709.4,707.92,708.31
2017-04-18 10:00:00,708.47,708.93,705.73,705.73
2017-04-18 11:00:00,705.7,708.54,705.55,708.3
2017-04-18 13:00:00,708.39,711.92,708.39,711.82
2017-04-18 14:00:00,711.9,714.93,711.78,714.93
2017-04-19 09:00:00,714.87,715.17,714.06,714.79
2017-04-19 10:00:00,714.42,714.93,714.02,714.93
2017-04-19 11:00:00,715.03,715.58,714.59,715.53
2017-04-19 13:00:00,715.69,716.58,715.69,716.42
2017-04-19 14:00:00,716.26,716.77,716.03,716.77
2017-04-20 09:00:00,716.76,716.76,714.61,715.5
2017-04-20 10:00:00,715.35,715.52,713.01,713.25
2017-04-20 11:00:00,713.17,713.56,712.84,713.34
2017-04-20 13:00:00,713.17,715.97,713.17,715.18
2017-04-20 14:00:00,715.11,715.11,712.66,712.66
2017-04-21 09:00:00,712.77,714.07,711.83,713.61
2017-04-21 10:00:00,713.53,714.61,713.11,714.61
2017-04-21 11:00:00,714.62,715.08,714.43,714.83
2017-04-21 13:00:00,714.86,714.97,711.72,711.78
2017-04-21 14:00:00,711.71,712.76,711.08,712.41
2017-04-24 09:00:00,711.6,712.77,711.18,712.03
2017-04-24 10:00:00,711.93,712.4,711.03,711.05
2017-04-24 11:00:00,711.06,711.18,710.23,710.47
2017-04-24 13:00:00,710.57,712.77,710.55,712.74
2017-04-24 14:00:00,712.68,712.75,709.39,709.39
2017-04-25 09:00:00,709.0,709.18,707.46,707.46
2017-04-25 10:00:00,707.57,709.5,707.51,709.32
2017-04-25 11:00:00,709.44,709.81,709.4,709.42
2017-04-25 13:00:00,709.51,709.53,706.98,707.18
2017-04-25 14:00:00,706.91,707.58,706.04,707.58
2017-04-26 09:00:00,706.36,707.35,706.32,706.78
2017-04-26 10:00:00,706.92,708.99,706.55,708.86
2017-04-26 11:00:00,709.07,709.92,709.05,709.71
2017-04-26 13:00:00,709.61,709.91,708.85,709.34
2017-04-26 14:00:00,709.31,710.04,708.91,710.04
2017-04-27 09:00:00,711.74,714.26,711.38,714.26
2017-04-27 10:00:00,714.24,715.04,714.08,714.39
2017-04-27 11:00:00,714.23,714.26,713.88,713.88
2017-04-27 13:00:00,713.98,716.2,713.98,715.56
2017-04-27 14:00:00,715.48,716.53,714.92,716.53
2017-04-28 09:00:00,715.9,716.53,713.83,715.74
2017-04-28 10:00:00,715.69,718.36,715.69,718.36
2017-04-28 11:00:00,718.54,718.54,717.31,717.6
2017-04-28 13:00:00,717.66,718.05,714.73,715.69
2017-04-28 14:00:00,715.67,717.73,715.49,717.73
2017-05-03 09:00:00,718.7,719.35,717.89,717.89
2017-05-03 10:00:00,717.93,718.0,716.66,717.89
2017-05-03 11:00:00,718.18,718.34,717.89,718.26
2017-05-03 13:00:00,718.03,718.66,717.82,718.63
2017-05-03 14:00:00,718.68,719.54,718.57,719.54
2017-05-04 09:00:00,717.98,719.29,717.98,718.59
2017-05-04 10:00:00,718.69,722.53,718.22,721.71
2017-05-04 11:00:00,722.0,723.22,721.88,722.52
2017-05-04 13:00:00,722.49,722.6,720.48,720.48
2017-05-04 14:00:00,720.62,722.02,720.42,722.02
2017-05-05 09:00:00,720.39,721.65,720.01,720.73
2017-05-05 10:00:00,720.74,720.82,719.86,720.31
2017-05-05 11:00:00,720.26,720.62,719.94,720.45
2017-05-05 13:00:00,720.49,721.23,720.46,720.95
2017-05-05 14:00:00,721.0,721.0,719.87,720.0
2017-05-08 09:00:00,720.61,720.61,717.98,718.6
2017-05-08 10:00:00,718.36,720.38,718.15,719.74
2017-05-08 11:00:00,719.75,719.75,718.76,719.17
2017-05-08 13:00:00,719.42,719.48,718.3,718.41
2017-05-08 14:00:00,718.51,718.86,717.99,718.86
2017-05-09 09:00:00,718.86,718.86,716.95,717.25
2017-05-09 10:00:00,717.21,720.67,717.08,720.33
2017-05-09 11:00:00,720.38,720.76,720.37,720.47
2017-05-09 13:00:00,720.87,721.28,720.0,721.28
2017-05-09 14:00:00,721.23,722.11,721.17,722.11
2017-05-10 09:00:00,721.94,725.23,721.81,724.63
2017-05-10 10:00:00,724.58,724.63,723.32,724.08
2017-05-10 11:00:00,724.14,727.24,724.14,727.24
2017-05-10 13:00:00,727.28,727.52,725.37,725.45
2017-05-10 14:00:00,725.59,725.59,724.31,724.31
2017-05-11 09:00:00,724.84,725.67,724.17,724.17
2017-05-11 10:00:00,724.18,725.75,723.39,725.53
2017-05-11 11:00:00,725.51,726.44,725.45,726.07
2017-05-11 13:00:00,725.9,726.82,725.16,725.16
2017-05-11 14:00:00,725.1,725.38,724.47,724.99
2017-05-12 09:00:00,724.63,726.26,724.43,725.77
2017-05-12 10:00:00,725.78,726.4,725.38,725.46
2017-05-12 11:00:00,725.43,725.87,725.11,725.51
2017-05-12 13:00:00,725.49,725.79,724.71,724.81
2017-05-12 14:00:00,724.85,725.37,724.41,725.37
2017-05-15 09:00:00,725.25,725.25,724.06,724.73
2017-05-15 10:00:00,724.72,724.93,724.21,724.5
2017-05-15 11:00:00,724.51,724.52,723.81,724.07
2017-05-15 13:00:00,723.98,726.04,723.18,726.04
2017-05-15 14:00:00,726.19,726.19,724.87,725.35
2017-05-16 09:00:00,725.84,726.55,725.76,726.02
2017-05-16 10:00:00,726.25,727.35,725.72,726.46
2017-05-16 11:00:00,726.56,727.64,726.45,727.5
2017-05-16 13:00:00,727.54,727.86,726.98,727.47
2017-05-16 14:00:00,727.67,727.83,725.03,725.03
2017-05-17 09:00:00,724.01,727.63,723.67,726.75
2017-05-17 10:00:00,726.74,726.74,722.81,725.23
2017-05-17 11:00:00,725.47,725.99,724.76,725.25
2017-05-17 13:00:00,725.59,728.01,725.59,727.62
2017-05-17 14:00:00,727.9,727.96,726.94,727.2
2017-05-18 09:00:00,727.2,728.06,723.8,728.06
2017-05-18 10:00:00,728.34,729.0,727.54,727.91
2017-05-18 11:00:00,728.02,728.84,727.75,728.6
2017-05-18 13:00:00,728.74,728.74,726.89,727.42
2017-05-18 14:00:00,727.19,727.37,726.43,726.99
2017-05-19 09:00:00,727.61,728.78,727.16,727.21
2017-05-19 10:00:00,726.85,729.16,726.79,728.91
2017-05-19 11:00:00,728.9,731.85,728.83,731.41
2017-05-19 13:00:00,731.54,733.07,730.65,733.04
2017-05-19 14:00:00,733.17,733.82,732.88,733.82
2017-05-22 09:00:00,738.63,742.51,738.63,742.51
2017-05-22 10:00:00,742.36,742.62,739.07,739.25
2017-05-22 11:00:00,739.35,742.71,739.35,742.63
2017-05-22 13:00:00,742.56,746.87,742.56,745.8
2017-05-22 14:00:00,745.56,745.67,743.17,744.1
2017-05-23 09:00:00,744.32,746.01,743.17,743.64
2017-05-23 10:00:00,743.63,746.17,743.61,744.3
2017-05-23 11:00:00,744.31,744.88,743.97,744.86
2017-05-23 13:00:00,744.95,746.18,742.64,742.64
2017-05-23 14:00:00,742.48,742.51,740.28,740.93
2017-05-24 09:00:00,739.91,740.16,737.3,738.93
2017-05-24 10:00:00,738.86,741.07,738.86,740.79
2017-05-24 11:00:00,740.84,743.22,740.48,743.22
2017-05-24 13:00:00,743.65,744.27,741.49,741.65
2017-05-24 14:00:00,741.59,742.74,741.39,742.74
2017-05-25 09:00:00,744.24,746.48,743.82,743.82
2017-05-25 10:00:00,743.85,744.66,743.29,744.66
2017-05-25 11:00:00,744.73,745.44,744.63,745.21
2017-05-25 13:00:00,745.34,745.71,741.36,743.14
2017-05-25 14:00:00,743.07,743.07,740.89,741.91
2017-05-26 09:00:00,741.4,743.12,741.25,742.66
2017-05-26 10:00:00,742.65,742.65,740.6,741.16
2017-05-26 11:00:00,741.23,743.07,741.19,742.69
2017-05-26 13:00:00,742.7,743.46,741.97,742.11
2017-05-26 14:00:00,742.23,743.41,741.63,743.41
2017-05-29 09:00:00,746.08,748.06,745.31,747.08
2017-05-29 10:00:00,746.99,747.34,746.27,747.21
2017-05-29 11:00:00,747.41,747.58,746.69,746.95
2017-05-29 13:00:00,747.0,747.84,746.46,746.98
2017-05-29 14:00:00,746.86,747.72,746.25,746.25
2017-05-30 09:00:00,747.07,747.07,744.27,744.71
2017-05-30 10:00:00,744.87,747.43,744.79,745.81
2017-05-30 11:00:00,745.53,745.53,742.32,742.45
2017-05-30 13:00:00,742.02,743.13,739.25,742.22
2017-05-30 14:00:00,742.37,742.47,738.21,738.21
2017-05-31 09:00:00,738.91,740.62,735.39,737.44
2017-05-31 10:00:00,737.46,739.62,737.46,739.11
2017-05-31 11:00:00,739.16,739.81,738.8,739.13
2017-05-31 13:00:00,739.33,741.93,739.33,740.92
2017-05-31 14:00:00,739.8,740.57,737.82,737.82
2017-06-01 09:00:00,739.45,741.51,738.71,741.48
2017-06-01 10:00:00,741.38,741.63,740.67,741.16
2017-06-01 11:00:00,741.05,741.46,740.83,741.46
2017-06-01 13:00:00,741.57,742.23,740.41,740.41
2017-06-01 14:00:00,740.48,741.8,740.39,741.8
2017-06-02 09:00:00,741.48,742.11,739.9,740.85
2017-06-02 10:00:00,740.94,740.94,736.88,736.88
2017-06-02 11:00:00,736.87,736.87,736.21,736.35
2017-06-02 13:00:00,736.11,738.02,736.09,738.02
2017-06-02 14:00:00,737.92,739.49,737.92,738.81
2017-06-05 09:00:00,739.13,740.34,738.35,739.64
2017-06-05 10:00:00,739.74,742.46,739.74,742.29
2017-06-05 11:00:00,742.56,744.55,742.56,744.45
2017-06-05 13:00:00,744.33,745.14,741.97,742.4
2017-06-05 14:00:00,742.37,743.49,742.07,743.49
2017-06-06 09:00:00,743.99,745.85,743.99,744.32
2017-06-06 10:00:00,744.36,745.99,744.19,745.99
2017-06-06 11:00:00,746.08,746.76,745.99,746.61
2017-06-06 13:00:00,746.5,749.21,746.24,749.0
2017-06-06 14:00:00,748.99,751.31,748.37,751.31
2017-06-07 09:00:00,752.75,754.21,752.45,752.71
2017-06-07 10:00:00,752.57,753.7,751.81,753.67
2017-06-07 11:00:00,753.58,754.37,753.58,753.89
2017-06-07 13:00:00,754.0,754.92,752.04,752.04
2017-06-07 14:00:00,751.76,753.46,751.65,753.46
2017-06-08 09:00:00,751.7,751.96,748.99,750.99
2017-06-08 10:00:00,750.68,751.7,750.02,751.46
2017-06-08 11:00:00,751.64,751.75,751.44,751.46
2017-06-08 13:00:00,751.47,751.91,748.91,749.02
2017-06-08 14:00:00,748.97,750.53,748.91,750.13
2017-06-09 09:00:00,749.46,751.8,749.31,751.17
2017-06-09 10:00:00,751.11,751.13,750.59,750.76
2017-06-09 11:00:00,750.89,751.78,750.89,751.55
2017-06-09 13:00:00,751.71,752.01,750.31,750.4
2017-06-09 14:00:00,750.65,750.94,749.04,749.72
2017-06-12 09:00:00,751.33,752.26,750.71,750.71
2017-06-12 10:00:00,750.63,752.2,750.41,751.96
2017-06-12 11:00:00,751.88,753.41,751.69,753.41
2017-06-12 13:00:00,753.25,753.25,750.34,750.34
2017-06-12 14:00:00,751.22,751.22,749.0,751.09
2017-06-13 09:00:00,751.09,752.89,750.85,750.85
2017-06-13 10:00:00,751.01,752.13,750.1,752.13
2017-06-13 11:00:00,752.27,752.48,751.76,752.36
2017-06-13 13:00:00,752.64,755.44,752.64,754.83
2017-06-13 14:00:00,755.0,756.89,754.31,756.89
2017-06-14 09:00:00,758.26,759.64,756.82,757.81
2017-06-14 10:00:00,757.75,759.42,757.75,759.14
2017-06-14 11:00:00,758.91,759.26,758.65,758.89
2017-06-14 13:00:00,758.54,761.7,758.54,760.73
2017-06-14 14:00:00,760.48,760.98,759.14,760.77
2017-06-15 09:00:00,760.38,761.82,759.86,761.58
2017-06-15 10:00:00,761.56,762.98,761.06,761.32
2017-06-15 11:00:00,761.33,761.93,760.87,760.87
2017-06-15 13:00:00,760.9,760.99,758.17,759.14
2017-06-15 14:00:00,759.12,760.57,759.12,760.57
2017-06-16 09:00:00,761.75,762.43,759.98,762.14
2017-06-16 10:00:00,762.12,762.13,761.01,761.53
2017-06-16 11:00:00,761.45,761.72,761.15,761.69
2017-06-16 13:00:00,761.73,762.06,761.48,761.92
2017-06-16 14:00:00,761.88,762.06,761.24,761.24
2017-06-19 09:00:00,763.75,764.25,762.33,763.91
2017-06-19 10:00:00,764.04,764.75,762.89,763.33
2017-06-19 11:00:00,763.41,763.62,763.06,763.45
2017-06-19 13:00:00,763.28,765.14,763.24,764.68
2017-06-19 14:00:00,765.02,766.83,764.92,766.83
2017-06-20 09:00:00,767.59,768.29,764.42,767.65
2017-06-20 10:00:00,767.5,767.54,765.19,765.7
2017-06-20 11:00:00,765.95,766.54,765.71,766.37
2017-06-20 13:00:00,766.38,767.98,766.38,767.47
2017-06-20 14:00:00,767.52,767.99,767.15,767.99
2017-06-21 09:00:00,765.71,767.83,763.23,764.48
2017-06-21 10:00:00,764.76,764.83,758.9,760.04
2017-06-21 11:00:00,760.35,763.17,760.35,762.73
2017-06-21 13:00:00,762.42,763.77,761.61,763.34
2017-06-21 14:00:00,763.37,767.41,762.69,767.41
2017-06-22 09:00:00,768.41,769.99,768.41,768.7
2017-06-22 10:00:00,768.47,769.52,768.22,768.46
2017-06-22 11:00:00,768.49,768.49,766.87,766.88
2017-06-22 13:00:00,766.96,768.5,766.84,768.02
2017-06-22 14:00:00,767.91,768.0,766.3,766.3
2017-06-23 09:00:00,765.66,766.86,763.64,763.87
2017-06-23 10:00:00,763.96,766.64,763.79,766.23
2017-06-23 11:00:00,766.26,766.9,766.16,766.85
2017-06-23 13:00:00,766.95,768.24,766.88,768.24
2017-06-23 14:00:00,768.27,769.01,767.26,769.01
2017-06-26 09:00:00,770.5,772.14,770.15,770.15
2017-06-26 10:00:00,770.28,770.62,769.73,770.57
2017-06-26 11:00:00,770.65,772.16,770.65,771.8
2017-06-26 13:00:00,772.12,773.14,770.78,770.78
2017-06-26 14:00:00,770.96,772.52,770.75,772.52
2017-06-27 09:00:00,773.15,773.15,770.82,771.97
2017-06-27 10:00:00,772.07,773.4,771.38,771.38
2017-06-27 11:00:00,771.24,771.48,769.82,770.14
2017-06-27 13:00:00,770.25,770.31,767.95,767.95
2017-06-27 14:00:00,768.04,768.04,767.19,767.51
2017-06-28 09:00:00,766.82,767.98,763.82,763.82
2017-06-28 10:00:00,763.77,766.86,762.78,766.61
2017-06-28 11:00:00,766.53,768.05,766.26,768.05
2017-06-28 13:00:00,767.85,768.16,766.81,766.81
2017-06-28 14:00:00,767.34,769.04,766.73,769.04
2017-06-29 09:00:00,771.26,771.91,770.56,770.56
2017-06-29 10:00:00,770.48,771.62,770.48,771.41
2017-06-29 11:00:00,771.36,772.47,771.17,772.45
2017-06-29 13:00:00,772.54,773.08,772.39,772.43
2017-06-29 14:00:00,772.45,772.45,769.89,771.75
2017-06-30 09:00:00,773.46,774.87,773.46,774.87
2017-06-30 10:00:00,774.84,775.08,774.14,774.21
2017-06-30 11:00:00,774.18,774.76,774.07,774.76
2017-06-30 13:00:00,775.02,775.82,774.7,775.82
2017-06-30 14:00:00,775.83,776.5,775.83,776.47
2017-07-03 09:00:00,777.2,778.48,775.53,777.16
2017-07-03 10:00:00,777.44,779.09,777.43,778.17
2017-07-03 11:00:00,778.09,778.26,777.82,777.9
2017-07-03 13:00:00,778.14,780.01,778.08,779.81
2017-07-03 14:00:00,779.64,779.64,778.54,778.88
2017-07-04 09:00:00,779.15,779.15,776.02,776.02
2017-07-04 10:00:00,774.8,776.27,773.96,775.87
2017-07-04 11:00:00,775.86,775.86,774.68,774.96
2017-07-04 13:00:00,774.8,774.8,772.9,773.8
2017-07-04 14:00:00,773.84,775.54,773.65,775.54
2017-07-05 09:00:00,775.85,775.85,773.81,774.22
2017-07-05 10:00:00,774.3,777.29,774.09,776.98
2017-07-05 11:00:00,776.89,777.25,776.48,776.7
2017-07-05 13:00:00,776.82,777.41,776.54,776.64
2017-07-05 14:00:00,776.69,778.32,776.48,778.32
2017-07-06 09:00:00,780.5,781.61,780.1,780.74
2017-07-06 10:00:00,780.66,781.18,780.14,780.51
2017-07-06 11:00:00,780.49,780.79,779.99,780.79
2017-07-06 13:00:00,780.78,781.98,780.58,781.66
2017-07-06 14:00:00,781.58,782.77,781.21,782.65
2017-07-07 09:00:00,783.73,783.81,781.04,781.28
2017-07-07 10:00:00,781.16,783.36,781.12,783.18
2017-07-07 11:00:00,783.26,783.53,783.11,783.31
2017-07-07 13:00:00,783.27,783.52,780.92,781.0
2017-07-07 14:00:00,781.16,781.18,775.73,775.73
2017-07-10 09:00:00,775.85,775.85,774.06,774.06
2017-07-10 10:00:00,773.92,774.17,770.12,774.1
2017-07-10 11:00:00,773.9,773.9,771.0,771.02
2017-07-10 13:00:00,770.75,771.19,764.43,767.49
2017-07-10 14:00:00,768.04,768.91,766.2,766.56
2017-07-11 09:00:00,766.56,768.31,765.48,767.64
2017-07-11 10:00:00,767.37,767.37,763.25,766.47
2017-07-11 11:00:00,766.45,767.14,766.33,766.43
2017-07-11 13:00:00,766.45,766.45,761.57,763.47
2017-07-11 14:00:00,763.93,769.36,763.93,769.36
2017-07-12 09:00:00,772.6,773.23,769.83,770.18
2017-07-12 10:00:00,770.05,773.15,769.89,772.27
2017-07-12 11:00:00,772.33,773.76,772.27,773.65
2017-07-12 13:00:00,773.39,775.08,773.34,774.82
2017-07-12 14:00:00,774.74,774.81,773.82,774.17
2017-07-13 09:00:00,777.12,777.28,774.38,774.62
2017-07-13 10:00:00,774.46,776.27,773.85,775.4
2017-07-13 11:00:00,775.49,776.25,775.38,776.22
2017-07-13 13:00:00,776.03,776.6,775.58,776.38
2017-07-13 14:00:00,776.56,778.3,776.12,778.3
2017-07-14 09:00:00,779.72,780.65,778.94,778.94
2017-07-14 10:00:00,778.89,779.09,776.88,779.09
2017-07-14 11:00:00,779.27,779.67,779.16,779.22
2017-07-14 13:00:00,779.35,779.65,778.29,778.34
2017-07-14 14:00:00,778.25,778.25,777.15,777.6
2017-07-17 09:00:00,777.7,778.3,776.82,777.14
2017-07-17 10:00:00,778.01,778.26,774.62,774.62
2017-07-17 11:00:00,774.29,774.29,772.26,772.62
2017-07-17 13:00:00,772.84,772.84,769.77,769.77
2017-07-17 14:00:00,768.88,769.22,766.47,768.91
2017-07-18 09:00:00,766.88,769.04,762.68,769.04
2017-07-18 10:00:00,769.37,770.37,768.2,770.14
2017-07-18 11:00:00,770.16,770.33,768.76,768.87
2017-07-18 13:00:00,768.98,769.22,765.96,765.96
2017-07-18 14:00:00,765.91,767.82,765.91,767.49
2017-07-19 09:00:00,771.33,772.6,770.68,770.68
2017-07-19 10:00:00,770.69,771.82,770.18,770.82
2017-07-19 11:00:00,770.88,772.39,770.82,771.8
2017-07-19 13:00:00,771.77,774.09,771.7,773.75
2017-07-19 14:00:00,773.64,774.12,771.3,771.3
2017-07-20 09:00:00,768.56,768.56,764.85,767.54
2017-07-20 10:00:00,767.74,768.06,764.45,764.45
2017-07-20 11:00:00,764.56,764.56,763.55,763.83
2017-07-20 13:00:00,763.81,765.76,763.81,765.62
2017-07-20 14:00:00,765.98,768.41,765.92,768.41
2017-07-21 09:00:00,768.9,770.43,768.24,768.24
2017-07-21 10:00:00,768.29,768.35,765.68,766.81
2017-07-21 11:00:00,766.82,767.26,766.61,766.64
2017-07-21 13:00:00,766.61,767.17,765.58,765.58
2017-07-21 14:00:00,765.64,765.64,761.86,761.86
2017-07-24 09:00:00,759.97,760.19,757.05,758.68
2017-07-24 10:00:00,758.53,758.53,753.82,756.49
2017-07-24 11:00:00,756.64,758.53,756.64,757.8
2017-07-24 13:00:00,757.74,761.64,757.74,760.28
2017-07-24 14:00:00,760.23,760.58,758.67,759.74
2017-07-25 09:00:00,757.43,761.55,757.35,761.0
2017-07-25 10:00:00,760.99,761.06,757.98,758.39
2017-07-25 11:00:00,758.24,759.48,757.58,759.48
2017-07-25 13:00:00,759.55,764.73,759.55,764.59
2017-07-25 14:00:00,764.47,767.27,763.22,767.27
2017-07-26 09:00:00,769.35,770.99,764.92,769.09
2017-07-26 10:00:00,769.19,769.95,768.95,769.87
2017-07-26 11:00:00,770.0,771.96,770.0,771.96
2017-07-26 13:00:00,772.26,773.53,771.96,773.16
2017-07-26 14:00:00,772.98,773.88,772.78,773.88
2017-07-27 09:00:00,773.21,774.97,770.3,774.81
2017-07-27 10:00:00,774.7,774.7,772.63,773.13
2017-07-27 11:00:00,773.11,773.39,772.79,772.96
2017-07-27 13:00:00,773.32,773.54,770.56,770.56
2017-07-27 14:00:00,770.51,771.64,770.33,771.5
2017-07-28 09:00:00,771.21,773.51,770.82,773.02
2017-07-28 10:00:00,772.99,775.59,772.14,774.48
2017-07-28 11:00:00,774.55,774.56,774.03,774.03
2017-07-28 13:00:00,774.11,775.12,774.11,774.31
2017-07-28 14:00:00,774.41,777.09,774.35,777.09
2017-07-31 09:00:00,777.54,778.58,776.72,778.53
2017-07-31 10:00:00,778.87,780.57,778.65,779.15
2017-07-31 11:00:00,779.05,779.88,779.0,779.05
2017-07-31 13:00:00,779.07,781.52,778.84,781.44
2017-07-31 14:00:00,781.52,783.58,781.36,783.55
2017-08-01 09:00:00,784.44,786.63,784.15,784.82
2017-08-01 10:00:00,785.02,786.49,785.02,785.7
2017-08-01 11:00:00,785.39,786.34,785.39,786.34
2017-08-01 13:00:00,786.23,787.68,785.96,787.29
2017-08-01 14:00:00,787.4,787.4,785.7,786.81
2017-08-02 09:00:00,783.45,785.91,779.81,785.26
2017-08-02 10:00:00,785.43,788.97,784.6,788.79
2017-08-02 11:00:00,788.62,788.62,787.61,787.95
2017-08-02 13:00:00,787.7,787.87,783.5,783.5
2017-08-02 14:00:00,783.54,786.36,783.46,786.23
2017-08-03 09:00:00,786.23,789.58,786.19,788.91
2017-08-03 10:00:00,788.84,790.41,788.77,790.41
2017-08-03 11:00:00,790.61,790.82,789.99,790.51
2017-08-03 13:00:00,790.62,790.62,786.35,787.25
2017-08-03 14:00:00,787.29,788.81,787.01,788.49
2017-08-04 09:00:00,789.46,790.12,787.23,787.62
2017-08-04 10:00:00,787.73,789.07,787.14,788.11
2017-08-04 11:00:00,788.14,788.22,786.09,787.48
2017-08-04 13:00:00,787.35,787.35,786.46,786.78
2017-08-04 14:00:00,787.06,788.68,787.02,788.68
2017-08-07 09:00:00,789.41,790.29,788.66,790.29
2017-08-07 10:00:00,790.14,796.09,790.14,795.88
2017-08-07 11:00:00,795.74,795.74,792.09,792.2
2017-08-07 13:00:00,792.0,793.36,791.86,793.27
2017-08-07 14:00:00,793.15,794.08,792.58,792.98
2017-08-08 09:00:00,795.8,796.62,792.79,796.34
2017-08-08 10:00:00,796.35,796.35,793.44,794.61
2017-08-08 11:00:00,794.64,794.64,793.05,793.11
2017-08-08 13:00:00,792.96,793.0,789.84,791.98
2017-08-08 14:00:00,791.6,792.31,791.11,791.57
2017-08-09 09:00:00,789.15,789.15,784.94,786.22
2017-08-09 10:00:00,786.15,786.15,776.0,779.7
2017-08-09 11:00:00,779.75,781.15,779.08,781.15
2017-08-09 13:00:00,780.65,781.33,774.57,775.43
2017-08-09 14:00:00,775.5,779.91,773.66,773.66
2017-08-10 09:00:00,769.58,776.77,769.58,773.36
2017-08-10 10:00:00,773.28,775.86,772.5,775.11
2017-08-10 11:00:00,775.08,775.23,773.71,773.76
2017-08-10 13:00:00,774.04,774.8,769.59,771.74
2017-08-10 14:00:00,772.06,773.43,770.02,773.43
2017-08-11 09:00:00,773.43,773.43,769.14,769.83
2017-08-11 10:00:00,769.62,774.31,769.57,773.9
2017-08-11 11:00:00,773.55,773.8,772.92,773.7
2017-08-11 13:00:00,773.74,773.77,771.06,771.37
2017-08-11 14:00:00,771.38,772.23,770.86,772.08
2017-08-14 09:00:00,770.65,774.23,770.65,773.38
2017-08-14 10:00:00,773.18,773.42,772.01,772.36
2017-08-14 11:00:00,772.27,773.9,772.18,773.9
2017-08-14 13:00:00,774.01,774.85,773.82,774.5
2017-08-14 14:00:00,774.51,776.42,774.51,776.17
2017-08-15 09:00:00,776.64,776.83,774.51,774.99
2017-08-15 10:00:00,775.14,776.44,772.77,772.77
2017-08-15 11:00:00,772.11,772.65,770.49,772.17
2017-08-15 13:00:00,772.03,772.2,770.09,771.67
2017-08-15 14:00:00,771.64,771.64,770.69,771.06
2017-08-16 09:00:00,771.1,771.87,766.8,767.39
2017-08-16 10:00:00,767.63,770.92,767.5,769.37
2017-08-16 11:00:00,769.45,769.8,768.55,769.34
2017-08-16 13:00:00,768.95,772.5,768.87,772.34
2017-08-16 14:00:00,772.46,773.57,772.03,773.57
2017-08-17 09:00:00,773.48,774.47,772.28,772.46
2017-08-17 10:00:00,772.44,773.22,772.03,772.04
2017-08-17 11:00:00,771.72,772.26,771.08,772.26
2017-08-17 13:00:00,772.21,773.21,771.06,773.19
2017-08-17 14:00:00,773.29,773.54,767.59,767.59
2017-08-18 09:00:00,762.82,767.36,762.46,765.94
2017-08-18 10:00:00,765.69,766.42,764.12,765.15
2017-08-18 11:00:00,765.28,766.1,765.28,766.1
2017-08-18 13:00:00,766.19,770.09,765.89,770.09
2017-08-18 14:00:00,769.91,770.79,768.97,768.97
2017-08-21 09:00:00,767.42,769.17,766.3,766.61
2017-08-21 10:00:00,766.43,768.04,765.95,768.04
2017-08-21 11:00:00,768.06,769.53,768.06,769.48
2017-08-21 13:00:00,769.51,769.71,768.05,768.78
2017-08-21 14:00:00,768.69,768.79,767.41,768.79
2017-08-22 09:00:00,768.2,768.44,767.11,767.19
2017-08-22 10:00:00,767.08,767.54,764.97,765.29
2017-08-22 11:00:00,765.2,765.46,765.2,765.39
2017-08-22 13:00:00,765.44,765.69,761.09,761.26
2017-08-22 14:00:00,760.59,763.15,760.3,761.26
2017-08-23 09:00:00,762.42,764.37,761.72,763.34
2017-08-23 10:00:00,763.24,763.41,759.01,761.42
2017-08-23 11:00:00,761.75,762.88,761.43,762.72
2017-08-23 13:00:00,762.63,762.77,759.78,762.77
2017-08-23 14:00:00,762.68,765.98,762.57,765.98
2017-08-24 09:00:00,766.48,768.14,766.48,767.53
2017-08-24 10:00:00,767.51,768.04,764.64,767.15
2017-08-24 11:00:00,767.19,770.06,767.19,769.88
2017-08-24 13:00:00,770.04,771.65,769.77,769.84
2017-08-24 14:00:00,769.68,770.45,769.57,769.77
2017-08-25 09:00:00,769.07,771.13,769.07,769.34
2017-08-25 10:00:00,770.25,770.48,769.48,769.52
2017-08-25 11:00:00,769.48,769.83,768.57,769.42
2017-08-25 13:00:00,769.45,770.0,769.25,769.91
2017-08-25 14:00:00,770.08,771.63,769.86,771.63
2017-08-28 09:00:00,771.81,772.16,770.51,770.51
2017-08-28 10:00:00,771.02,772.94,770.92,772.9
2017-08-28 11:00:00,772.69,774.1,772.09,773.9
2017-08-28 13:00:00,773.79,774.48,772.43,772.89
2017-08-28 14:00:00,772.93,777.26,772.67,777.26
2017-08-29 09:00:00,773.91,776.8,773.87,776.8
2017-08-29 10:00:00,777.11,777.11,775.02,775.05
2017-08-29 11:00:00,775.18,776.36,774.64,776.36
2017-08-29 13:00:00,775.97,776.8,775.23,776.33
2017-08-29 14:00:00,775.86,776.24,773.89,774.03
2017-08-30 09:00:00,774.31,776.41,773.85,775.91
2017-08-30 10:00:00,775.59,776.5,775.3,775.93
2017-08-30 11:00:00,775.76,776.69,775.76,776.43
2017-08-30 13:00:00,775.94,777.32,775.84,776.96
2017-08-30 14:00:00,777.25,778.65,777.25,778.65
2017-08-31 09:00:00,779.19,781.84,778.19,780.58
2017-08-31 10:00:00,780.59,781.2,779.03,780.79
2017-08-31 11:00:00,780.71,781.43,780.71,781.07
2017-08-31 13:00:00,780.48,784.59,780.31,784.53
2017-08-31 14:00:00,784.32,785.78,782.76,782.76
2017-09-01 09:00:00,784.42,787.95,784.18,787.95
2017-09-01 10:00:00,787.86,787.87,786.03,786.68
2017-09-01 11:00:00,786.89,787.13,785.8,786.85
2017-09-01 13:00:00,786.53,789.12,786.53,789.07
2017-09-01 14:00:00,788.85,789.19,788.27,788.73
2017-09-05 09:00:00,790.26,790.4,787.8,788.79
2017-09-05 10:00:00,788.61,792.67,788.61,791.93
2017-09-05 11:00:00,791.97,792.48,791.65,792.48
2017-09-05 13:00:00,792.17,794.46,792.17,792.49
2017-09-05 14:00:00,793.39,793.77,792.07,792.31
2017-09-06 09:00:00,792.16,792.16,788.89,791.66
2017-09-06 10:00:00,791.98,793.69,790.9,791.55
2017-09-06 11:00:00,791.63,792.24,791.27,791.39
2017-09-06 13:00:00,792.21,792.65,791.08,792.65
2017-09-06 14:00:00,792.64,793.82,792.59,793.55
2017-09-07 09:00:00,793.61,795.88,792.77,794.25
2017-09-07 10:00:00,794.41,796.23,794.18,795.81
2017-09-07 11:00:00,795.82,796.73,795.36,796.42
2017-09-07 13:00:00,796.54,798.58,796.51,796.94
2017-09-07 14:00:00,797.41,797.41,795.97,796.72
2017-09-08 09:00:00,797.98,801.31,797.82,800.6
2017-09-08 10:00:00,801.09,801.83,799.13,799.46
2017-09-08 11:00:00,799.39,799.69,799.07,799.51
2017-09-08 13:00:00,799.45,802.9,799.32,802.25
2017-09-08 14:00:00,802.18,802.84,801.2,801.2
2017-09-11 09:00:00,801.2,805.44,801.0,803.81
2017-09-11 10:00:00,804.03,804.68,803.58,803.64
2017-09-11 11:00:00,803.56,804.0,802.12,802.14
2017-09-11 13:00:00,802.21,802.21,798.65,799.89
2017-09-11 14:00:00,799.51,799.51,797.47,797.47
2017-09-12 09:00:00,795.53,801.01,794.88,794.88
2017-09-12 10:00:00,795.35,799.15,795.2,798.82
2017-09-12 11:00:00,798.75,798.82,797.57,797.81
2017-09-12 13:00:00,797.05,799.64,797.05,799.24
2017-09-12 14:00:00,799.75,800.8,799.75,799.94
2017-09-13 09:00:00,802.85,804.38,802.06,802.63
2017-09-13 10:00:00,802.56,803.71,801.92,802.3
2017-09-13 11:00:00,802.14,802.2,801.08,801.66
2017-09-13 13:00:00,800.39,802.94,800.39,802.68
2017-09-13 14:00:00,802.56,803.17,802.03,802.78
2017-09-14 09:00:00,803.34,806.77,803.23,806.77
2017-09-14 10:00:00,805.89,807.29,804.11,805.64
2017-09-14 11:00:00,805.55,806.93,805.21,806.34
2017-09-14 13:00:00,806.5,807.28,805.46,805.92
2017-09-14 14:00:00,805.75,806.47,805.01,806.32
2017-09-15 09:00:00,803.35,804.69,802.53,804.23
2017-09-15 10:00:00,803.14,804.66,802.08,804.66
2017-09-15 11:00:00,804.69,805.22,803.55,804.34
2017-09-15 13:00:00,804.54,804.54,803.47,804.22
2017-09-15 14:00:00,804.15,805.82,803.65,805.82
2017-09-18 09:00:00,808.51,808.51,805.37,807.2
2017-09-18 10:00:00,806.98,807.63,806.08,807.42
2017-09-18 11:00:00,807.4,808.22,807.4,808.02
2017-09-18 13:00:00,808.04,809.39,807.97,808.69
2017-09-18 14:00:00,808.84,809.03,807.33,807.87
2017-09-19 09:00:00,807.41,809.0,807.25,808.1
2017-09-19 10:00:00,808.09,808.33,806.92,808.08
2017-09-19 11:00:00,807.91,808.59,807.74,808.53
2017-09-19 13:00:00,808.34,810.13,808.34,809.22
2017-09-19 14:00:00,809.25,809.25,805.87,805.93
2017-09-20 09:00:00,806.88,807.51,803.74,804.35
2017-09-20 10:00:00,804.47,804.47,803.33,803.48
2017-09-20 11:00:00,803.59,804.94,803.59,804.88
2017-09-20 13:00:00,805.23,805.55,804.2,804.2
2017-09-20 14:00:00,804.11,805.86,803.61,805.86
2017-09-21 09:00:00,805.29,806.52,804.75,805.1
2017-09-21 10:00:00,805.02,805.02,802.85,803.0
2017-09-21 11:00:00,803.06,803.28,802.6,803.18
2017-09-21 13:00:00,803.33,803.87,802.75,803.56
2017-09-21 14:00:00,803.51,805.27,803.47,803.93
2017-09-22 09:00:00,805.15,806.64,803.94,805.54
2017-09-22 10:00:00,805.78,808.16,805.6,806.3
2017-09-22 11:00:00,806.16,807.63,806.1,806.57
2017-09-22 13:00:00,806.77,807.06,806.13,806.17
2017-09-22 14:00:00,806.28,807.16,805.13,807.13
2017-09-25 09:00:00,806.9,807.64,802.23,807.11
2017-09-25 10:00:00,807.1,807.49,804.96,804.99
2017-09-25 11:00:00,805.07,805.66,805.01,805.35
2017-09-25 13:00:00,805.48,805.74,804.84,805.62
2017-09-25 14:00:00,805.61,806.13,805.34,805.58
2017-09-26 09:00:00,806.4,806.84,802.1,802.7
2017-09-26 10:00:00,802.49,802.86,801.66,802.5
2017-09-26 11:00:00,802.47,803.66,802.01,803.66
2017-09-26 13:00:00,803.6,805.27,803.4,804.38
2017-09-26 14:00:00,804.59,805.35,804.03,805.35
2017-09-27 09:00:00,803.32,804.52,801.74,803.75
2017-09-27 10:00:00,803.69,803.82,802.52,803.09
2017-09-27 11:00:00,803.06,804.2,802.83,803.85
2017-09-27 13:00:00,803.8,804.25,803.28,804.15
2017-09-27 14:00:00,804.19,805.04,803.77,803.77
2017-09-28 09:00:00,803.1,806.67,803.1,806.67
2017-09-28 10:00:00,806.76,807.31,805.83,806.8
2017-09-28 11:00:00,806.79,809.58,806.65,809.28
2017-09-28 13:00:00,809.72,810.35,806.27,806.27
2017-09-28 14:00:00,805.91,806.19,804.82,804.82
2017-09-29 09:00:00,805.07,808.74,805.07,806.73
2017-09-29 10:00:00,806.6,808.77,805.38,808.57
2017-09-29 11:00:00,808.62,808.68,807.19,807.98
2017-09-29 13:00:00,808.41,808.58,806.96,806.96
2017-09-29 14:00:00,807.02,807.11,804.42,804.42
2017-10-02 09:00:00,805.29,808.09,804.1,806.9
2017-10-02 10:00:00,806.91,807.08,805.49,806.66
2017-10-02 11:00:00,806.55,806.55,805.05,805.05
2017-10-02 13:00:00,805.76,805.77,802.79,802.79
2017-10-02 14:00:00,802.7,802.7,801.7,802.23
2017-10-03 09:00:00,803.98,804.39,802.78,803.2
2017-10-03 10:00:00,803.99,804.21,802.5,803.62
2017-10-03 11:00:00,803.48,803.48,801.05,801.1
2017-10-03 13:00:00,800.87,801.33,795.05,798.63
2017-10-03 14:00:00,798.91,799.53,798.0,798.0
2017-10-04 09:00:00,797.39,801.08,797.0,800.95
2017-10-04 10:00:00,801.22,802.0,799.0,800.34
2017-10-04 11:00:00,800.3,800.79,799.97,800.22
2017-10-04 13:00:00,800.0,802.69,799.75,802.62
2017-10-04 14:00:00,802.64,805.66,802.36,805.66
2017-10-05 09:00:00,806.56,809.86,806.56,808.78
2017-10-05 10:00:00,808.95,810.54,807.91,809.44
2017-10-05 11:00:00,809.4,809.47,808.19,808.19
2017-10-05 13:00:00,808.01,809.42,808.01,808.38
2017-10-05 14:00:00,808.42,808.54,805.22,805.23
2017-10-06 09:00:00,805.7,807.35,805.2,807.09
2017-10-06 10:00:00,806.99,807.01,805.81,806.1
2017-10-06 11:00:00,806.18,806.18,804.82,804.86
2017-10-06 13:00:00,804.87,806.77,803.81,806.77
2017-10-06 14:00:00,806.96,808.13,806.82,807.8
2017-10-09 09:00:00,809.61,810.75,807.49,808.01
2017-10-09 10:00:00,808.34,809.55,807.41,807.73
2017-10-09 11:00:00,807.75,808.8,807.61,808.67
2017-10-09 13:00:00,808.52,808.83,806.78,807.93
2017-10-09 14:00:00,807.83,809.12,807.82,808.96
2017-10-10 09:00:00,808.43,808.61,806.77,807.13
2017-10-10 10:00:00,807.03,807.55,806.3,807.41
2017-10-10 11:00:00,807.63,807.67,807.18,807.47
2017-10-10 13:00:00,807.48,808.6,807.33,808.53
2017-10-10 14:00:00,808.61,810.65,808.47,810.65
2017-10-11 09:00:00,811.2,813.11,811.2,812.37
2017-10-11 10:00:00,812.57,814.6,812.52,814.4
2017-10-11 11:00:00,814.43,815.11,813.94,813.94
2017-10-11 13:00:00,814.03,814.48,811.35,811.35
2017-10-11 14:00:00,811.43,813.95,811.43,813.95
2017-10-12 09:00:00,814.43,814.82,813.72,814.72
2017-10-12 10:00:00,814.87,816.07,814.87,815.85
2017-10-12 11:00:00,815.9,816.91,815.82,816.67
2017-10-12 13:00:00,816.63,818.44,816.39,816.39
2017-10-12 14:00:00,816.23,816.94,815.66,815.87
2017-10-13 09:00:00,814.6,817.25,814.2,817.25
2017-10-13 10:00:00,817.65,819.91,817.65,818.88
2017-10-13 11:00:00,818.92,819.1,818.39,818.72
2017-10-13 13:00:00,818.61,820.63,818.61,820.39
2017-10-13 14:00:00,820.31,820.95,819.28,820.95
2017-10-16 09:00:00,821.54,823.85,821.54,822.19
2017-10-16 10:00:00,821.56,822.87,821.33,822.19
2017-10-16 11:00:00,821.93,822.62,821.93,822.51
2017-10-16 13:00:00,822.31,822.36,820.81,821.02
2017-10-16 14:00:00,820.92,820.93,819.43,819.43
2017-10-17 09:00:00,819.51,822.62,819.43,822.36
2017-10-17 10:00:00,821.56,823.37,821.55,822.55
2017-10-17 11:00:00,822.27,823.43,822.27,822.99
2017-10-17 13:00:00,823.16,824.08,823.04,823.62
2017-10-17 14:00:00,823.53,828.29,823.53,828.29
2017-10-18 09:00:00,829.43,831.01,828.59,829.51
2017-10-18 10:00:00,829.52,830.86,829.05,830.25
2017-10-18 11:00:00,830.26,830.67,829.68,829.73
2017-10-18 13:00:00,829.86,831.15,829.41,830.35
2017-10-18 14:00:00,830.23,830.23,826.72,827.72
2017-10-19 09:00:00,828.89,831.2,826.47,826.83
2017-10-19 10:00:00,826.99,830.67,825.5,830.67
2017-10-19 11:00:00,830.62,831.61,830.62,831.26
2017-10-19 13:00:00,831.29,831.51,829.62,829.92
2017-10-19 14:00:00,829.81,829.81,828.36,828.93
2017-10-20 09:00:00,827.93,833.33,827.56,833.33
2017-10-20 10:00:00,833.39,833.57,831.86,831.94
2017-10-20 11:00:00,831.75,831.94,831.24,831.86
2017-10-20 13:00:00,831.96,831.96,828.81,828.81
2017-10-20 14:00:00,828.73,828.73,826.84,826.84
2017-10-23 09:00:00,826.25,827.24,823.76,825.46
2017-10-23 10:00:00,825.39,825.55,821.66,825.47
2017-10-23 11:00:00,825.39,825.39,823.78,823.78
2017-10-23 13:00:00,823.47,823.73,821.36,821.85
2017-10-23 14:00:00,821.65,821.87,818.81,820.04
2017-10-24 09:00:00,818.08,822.14,814.92,819.06
2017-10-24 10:00:00,818.15,823.46,817.92,823.46
2017-10-24 11:00:00,823.52,823.84,822.5,822.87
2017-10-24 13:00:00,822.2,823.08,820.88,821.34
2017-10-24 14:00:00,821.57,825.24,821.09,825.24
2017-10-25 09:00:00,826.08,827.63,822.83,827.57
2017-10-25 10:00:00,827.56,828.81,827.56,828.2
2017-10-25 11:00:00,828.21,828.28,827.29,827.56
2017-10-25 13:00:00,827.68,829.72,826.6,829.05
2017-10-25 14:00:00,829.22,830.69,828.99,830.69
2017-10-26 09:00:00,829.94,834.67,829.94,833.36
2017-10-26 10:00:00,833.16,833.28,829.41,829.64
2017-10-26 11:00:00,829.62,830.38,828.85,830.38
2017-10-26 13:00:00,830.16,830.44,823.92,824.48
2017-10-26 14:00:00,824.31,830.11,824.31,830.11
2017-10-27 09:00:00,829.15,833.75,828.45,832.82
2017-10-27 10:00:00,832.89,832.96,831.31,831.33
2017-10-27 11:00:00,831.48,831.56,830.37,830.72
2017-10-27 13:00:00,830.67,835.15,829.84,834.61
2017-10-27 14:00:00,834.54,840.37,834.54,840.37
2017-10-30 09:00:00,842.92,845.52,842.92,845.28
2017-10-30 10:00:00,845.46,847.15,845.28,846.96
2017-10-30 11:00:00,846.87,847.59,846.77,846.77
2017-10-30 13:00:00,846.67,849.3,846.59,848.85
2017-10-30 14:00:00,848.79,849.01,843.39,845.2
2017-10-31 09:00:00,844.27,845.93,837.89,837.89
2017-10-31 10:00:00,837.79,843.37,837.79,843.37
2017-10-31 11:00:00,843.15,843.78,842.42,842.55
2017-10-31 13:00:00,842.36,842.92,840.39,840.55
2017-10-31 14:00:00,840.64,840.84,837.28,837.28
2017-11-01 09:00:00,838.75,840.89,838.01,840.15
2017-11-01 10:00:00,839.97,840.38,839.26,839.82
2017-11-01 11:00:00,839.7,842.34,839.59,842.23
2017-11-01 13:00:00,842.3,842.88,839.71,840.54
2017-11-01 14:00:00,840.72,842.71,840.68,842.71
2017-11-02 09:00:00,842.19,849.53,842.19,849.13
2017-11-02 10:00:00,848.46,848.46,839.5,842.47
2017-11-02 11:00:00,842.22,843.4,841.64,842.0
2017-11-02 13:00:00,842.11,842.15,839.82,839.82
2017-11-02 14:00:00,839.94,839.94,833.09,833.09
2017-11-03 09:00:00,833.16,835.93,831.58,835.59
2017-11-03 10:00:00,836.04,838.34,833.41,833.41
2017-11-03 11:00:00,832.63,834.95,831.74,833.73
2017-11-03 13:00:00,833.71,837.43,832.68,837.43
2017-11-03 14:00:00,837.62,843.73,837.62,843.73
2017-11-06 09:00:00,846.12,848.4,845.91,847.13
2017-11-06 10:00:00,847.03,847.03,843.76,846.71
2017-11-06 11:00:00,846.93,848.0,846.79,847.9
2017-11-06 13:00:00,847.17,848.18,845.93,847.69
2017-11-06 14:00:00,847.84,849.09,847.74,849.09
2017-11-07 09:00:00,850.2,853.04,848.45,852.21
2017-11-07 10:00:00,852.01,853.16,851.83,853.16
2017-11-07 11:00:00,853.15,853.76,853.11,853.74
2017-11-07 13:00:00,853.9,854.6,849.61,850.16
2017-11-07 14:00:00,850.11,850.77,847.88,850.33
2017-11-08 09:00:00,853.15,856.45,852.32,855.51
2017-11-08 10:00:00,855.35,858.58,855.35,857.87
2017-11-08 11:00:00,857.95,858.11,853.18,854.76
2017-11-08 13:00:00,854.88,858.68,853.37,858.66
2017-11-08 14:00:00,858.7,863.07,857.94,859.7
2017-11-09 09:00:00,862.38,863.49,858.16,859.88
2017-11-09 10:00:00,859.83,863.44,858.59,863.44
2017-11-09 11:00:00,863.52,864.19,863.24,864.19
2017-11-09 13:00:00,864.2,864.2,859.96,860.13
2017-11-09 14:00:00,860.49,861.36,860.02,860.4
2017-11-10 09:00:00,859.91,866.27,859.24,863.81
2017-11-10 10:00:00,863.55,866.3,862.64,866.3
2017-11-10 11:00:00,866.64,867.34,865.8,866.68
2017-11-10 13:00:00,865.89,869.22,865.89,867.49
2017-11-10 14:00:00,867.18,869.37,865.77,868.21
2017-11-13 09:00:00,871.7,876.63,871.7,876.57
2017-11-13 10:00:00,876.78,877.18,872.41,874.59
2017-11-13 11:00:00,873.49,873.99,872.03,873.0
2017-11-13 13:00:00,872.94,877.0,872.89,876.01
2017-11-13 14:00:00,876.64,879.34,876.64,879.34
2017-11-14 09:00:00,881.15,884.0,874.74,875.04
2017-11-14 10:00:00,874.86,881.57,874.86,880.65
2017-11-14 11:00:00,880.99,883.88,880.55,883.81
2017-11-14 13:00:00,883.55,884.14,880.21,880.21
2017-11-14 14:00:00,880.27,880.9,876.66,880.9
2017-11-15 09:00:00,877.65,879.85,876.69,879.12
2017-11-15 10:00:00,878.19,879.44,876.6,878.2
2017-11-15 11:00:00,878.27,881.41,877.65,881.41
2017-11-15 13:00:00,881.51,884.46,881.37,883.38
2017-11-15 14:00:00,883.33,884.83,882.59,882.59
2017-11-16 09:00:00,880.17,887.5,880.17,885.92
2017-11-16 10:00:00,885.96,887.43,884.71,886.49
2017-11-16 11:00:00,886.58,888.21,884.92,888.21
2017-11-16 13:00:00,887.58,889.74,886.98,888.73
2017-11-16 14:00:00,889.66,892.8,888.55,892.8
2017-11-17 09:00:00,893.99,898.11,892.5,897.42
2017-11-17 10:00:00,897.49,897.49,893.13,894.38
2017-11-17 11:00:00,894.27,894.27,891.51,891.63
2017-11-17 13:00:00,891.11,891.21,886.86,890.63
2017-11-17 14:00:00,890.75,890.75,889.46,890.69
2017-11-20 09:00:00,890.34,896.91,889.55,895.5
2017-11-20 10:00:00,895.29,900.5,895.29,899.34
2017-11-20 11:00:00,899.21,899.21,897.33,897.33
2017-11-20 13:00:00,897.46,902.06,897.46,902.06
2017-11-20 14:00:00,900.51,903.55,900.51,903.55
2017-11-21 09:00:00,907.51,923.03,907.51,922.32
2017-11-21 10:00:00,922.2,926.45,918.89,924.99
2017-11-21 11:00:00,924.82,925.34,922.33,922.42
2017-11-21 13:00:00,923.16,929.89,923.16,924.44
2017-11-21 14:00:00,923.62,923.62,917.8,918.3
2017-11-22 09:00:00,921.13,928.29,921.13,926.06
2017-11-22 10:00:00,926.02,927.87,924.13,927.65
2017-11-22 11:00:00,927.26,927.26,922.04,925.16
2017-11-22 13:00:00,925.55,931.62,924.79,930.61
2017-11-22 14:00:00,930.48,932.66,927.42,932.66
2017-11-23 09:00:00,938.31,940.75,935.75,937.11
2017-11-23 10:00:00,937.62,939.98,936.58,937.13
2017-11-23 11:00:00,937.52,942.3,937.24,942.3
2017-11-23 13:00:00,941.76,943.15,935.31,935.59
2017-11-23 14:00:00,934.39,935.76,927.0,933.7
2017-11-24 09:00:00,930.52,933.14,924.65,929.78
2017-11-24 10:00:00,929.3,930.75,928.73,929.8
2017-11-24 11:00:00,930.17,932.34,929.85,932.34
2017-11-24 13:00:00,932.03,936.69,931.82,936.41
2017-11-24 14:00:00,936.62,937.54,935.33,935.57
2017-11-27 09:00:00,933.38,938.01,931.29,938.01
2017-11-27 10:00:00,938.4,940.53,937.9,938.02
2017-11-27 11:00:00,938.16,940.14,937.56,939.91
2017-11-27 13:00:00,939.97,947.06,939.2,943.89
2017-11-27 14:00:00,943.93,943.93,938.61,938.61
2017-11-28 09:00:00,939.1,942.43,939.1,940.5
2017-11-28 10:00:00,941.71,943.45,940.64,941.06
2017-11-28 11:00:00,941.1,941.1,933.59,936.06
2017-11-28 13:00:00,935.81,939.54,935.81,937.24
2017-11-28 14:00:00,937.08,941.21,935.29,941.21
2017-11-29 09:00:00,943.46,944.31,940.4,942.73
2017-11-29 10:00:00,943.13,948.16,943.13,946.95
2017-11-29 11:00:00,946.97,946.97,945.61,945.69
2017-11-29 13:00:00,945.98,948.62,945.98,947.43
2017-11-29 14:00:00,947.54,952.14,947.46,952.14
2017-11-30 09:00:00,956.17,959.96,956.17,959.96
2017-11-30 10:00:00,959.54,960.11,955.49,955.91
2017-11-30 11:00:00,956.01,959.0,956.01,958.17
2017-11-30 13:00:00,958.21,958.75,955.91,955.91
2017-11-30 14:00:00,955.96,956.18,949.93,949.93
2017-12-01 09:00:00,952.76,957.29,952.76,954.26
2017-12-01 10:00:00,954.06,956.86,953.98,956.58
2017-12-01 11:00:00,956.57,957.56,956.07,957.56
2017-12-01 13:00:00,958.1,959.68,956.64,957.58
2017-12-01 14:00:00,957.8,960.33,957.01,960.33
2017-12-04 09:00:00,962.47,968.96,962.47,964.54
2017-12-04 10:00:00,965.13,970.67,965.12,970.67
2017-12-04 11:00:00,970.46,971.48,969.53,970.81
2017-12-04 13:00:00,970.59,970.8,968.24,970.33
2017-12-04 14:00:00,970.57,972.53,970.02,970.02
2017-12-05 09:00:00,972.28,974.8,971.47,973.11
2017-12-05 10:00:00,972.36,972.6,965.05,970.46
2017-12-05 11:00:00,970.28,970.86,969.09,969.11
2017-12-05 13:00:00,969.64,969.7,963.43,967.15
2017-12-05 14:00:00,967.72,967.92,953.3,953.3
2017-12-06 09:00:00,950.21,950.72,938.19,947.04
2017-12-06 10:00:00,946.18,947.0,941.83,947.0
2017-12-06 11:00:00,947.49,950.64,946.95,946.95
2017-12-06 13:00:00,946.59,946.74,932.64,932.64
2017-12-06 14:00:00,933.88,947.64,933.88,947.64
2017-12-07 09:00:00,950.23,954.24,946.34,946.34
2017-12-07 10:00:00,946.45,948.85,943.88,944.14
2017-12-07 11:00:00,942.91,943.4,938.96,939.21
2017-12-07 13:00:00,940.47,941.01,932.68,936.79
2017-12-07 14:00:00,937.14,940.04,936.6,938.65
2017-12-08 09:00:00,938.41,938.41,930.29,935.12
2017-12-08 10:00:00,935.06,940.24,933.0,940.24
2017-12-08 11:00:00,940.64,944.75,940.64,943.06
2017-12-08 13:00:00,943.18,944.68,939.91,939.91
2017-12-08 14:00:00,939.64,941.93,939.64,940.16
2017-12-11 09:00:00,930.17,936.93,926.12,933.86
2017-12-11 10:00:00,933.42,934.37,929.5,934.37
2017-12-11 11:00:00,934.94,936.73,934.94,935.61
2017-12-11 13:00:00,935.53,935.95,928.54,928.54
2017-12-11 14:00:00,929.31,930.06,917.45,917.45
2017-12-12 09:00:00,927.67,931.12,921.3,925.99
2017-12-12 10:00:00,925.17,925.77,921.41,921.83
2017-12-12 11:00:00,921.78,922.08,914.0,914.0
2017-12-12 13:00:00,911.68,914.94,895.73,914.94
2017-12-12 14:00:00,915.35,927.25,915.35,927.25
2017-12-13 09:00:00,932.05,932.48,927.24,931.57
2017-12-13 10:00:00,932.0,932.0,926.3,926.37
2017-12-13 11:00:00,925.97,925.97,923.24,923.58
2017-12-13 13:00:00,924.17,929.1,924.08,928.32
2017-12-13 14:00:00,928.42,928.42,922.97,924.4
2017-12-14 09:00:00,925.51,928.63,924.69,927.03
2017-12-14 10:00:00,926.94,927.14,923.99,925.54
2017-12-14 11:00:00,925.94,930.24,925.94,930.24
2017-12-14 13:00:00,930.36,932.44,928.44,930.33
2017-12-14 14:00:00,930.67,936.29,930.1,935.85
2017-12-15 09:00:00,933.63,936.28,932.96,934.84
2017-12-15 10:00:00,934.78,935.47,934.2,935.3
2017-12-15 11:00:00,935.35,936.59,935.25,936.59
2017-12-15 13:00:00,936.95,939.57,936.43,936.86
2017-12-15 14:00:00,936.83,939.2,935.16,935.16
2017-12-18 09:00:00,945.9,950.39,945.9,947.73
2017-12-18 10:00:00,947.92,948.99,947.29,948.73
2017-12-18 11:00:00,949.07,951.31,948.88,951.12
2017-12-18 13:00:00,951.11,957.09,951.11,954.53
2017-12-18 14:00:00,954.66,958.06,954.16,958.06
2017-12-19 09:00:00,961.03,963.01,956.18,960.47
2017-12-19 10:00:00,959.97,960.14,951.75,951.75
2017-12-19 11:00:00,951.68,955.1,951.25,954.98
2017-12-19 13:00:00,954.87,959.43,954.06,954.55
2017-12-19 14:00:00,954.28,954.28,951.42,951.42
2017-12-20 09:00:00,945.12,956.06,945.12,953.1
2017-12-20 10:00:00,953.13,956.07,949.66,955.3
2017-12-20 11:00:00,955.48,958.03,955.48,957.41
2017-12-20 13:00:00,957.39,958.82,953.04,953.04
2017-12-20 14:00:00,952.92,954.4,950.41,953.51
2017-12-21 09:00:00,949.45,955.54,948.72,953.51
2017-12-21 10:00:00,953.07,957.56,952.21,955.44
2017-12-21 11:00:00,955.33,955.33,953.19,954.33
2017-12-21 13:00:00,954.57,955.57,950.19,950.64
2017-12-21 14:00:00,951.02,953.06,946.06,946.06
2017-12-22 09:00:00,947.54,951.15,945.18,947.05
2017-12-22 10:00:00,946.93,952.19,946.78,947.42
2017-12-22 11:00:00,947.35,947.65,946.43,947.62
2017-12-22 13:00:00,947.73,952.7,947.63,951.16
2017-12-22 14:00:00,950.76,952.32,949.53,952.32
2017-12-25 09:00:00,954.28,958.0,952.41,953.45
2017-12-25 10:00:00,953.75,957.64,953.2,956.58
2017-12-25 11:00:00,956.69,956.75,954.69,954.69
2017-12-25 13:00:00,954.66,958.54,954.66,957.9
2017-12-25 14:00:00,957.81,958.57,957.59,958.31
2017-12-26 09:00:00,960.32,962.76,957.52,957.52
2017-12-26 10:00:00,957.24,961.06,957.24,961.06
2017-12-26 11:00:00,961.02,961.14,960.19,961.07
2017-12-26 13:00:00,961.06,963.95,960.85,963.71
2017-12-26 14:00:00,963.74,965.93,963.67,965.93
2017-12-27 09:00:00,969.72,972.6,968.14,969.56
2017-12-27 10:00:00,969.17,971.71,968.97,969.95
2017-12-27 11:00:00,969.85,971.29,969.69,971.26
2017-12-27 13:00:00,970.98,971.2,965.18,966.92
2017-12-27 14:00:00,967.14,969.42,967.14,968.46
2017-12-28 09:00:00,970.63,971.54,967.73,971.14
2017-12-28 10:00:00,971.09,972.48,969.75,970.3
2017-12-28 11:00:00,970.62,971.71,970.53,971.71
2017-12-28 13:00:00,971.78,977.03,971.71,977.03
2017-12-28 14:00:00,977.33,978.65,976.0,976.72
2017-12-29 09:00:00,978.39,980.89,976.33,980.08
2017-12-29 10:00:00,979.86,983.32,979.23,981.8
2017-12-29 11:00:00,981.67,982.47,980.45,982.47
2017-12-29 13:00:00,982.16,990.1,982.15,987.65
2017-12-29 14:00:00,987.66,987.66,982.46,984.24
2018-01-02 09:00:00,986.05,988.65,984.45,984.45
2018-01-02 10:00:00,984.34,989.12,984.34,988.85
2018-01-02 11:00:00,988.51,988.59,986.59,987.97
2018-01-02 13:00:00,987.47,992.68,987.47,991.97
2018-01-02 14:00:00,991.87,996.18,991.87,995.77
2018-01-03 09:00:00,999.86,1002.4,998.41,1001.89
2018-01-03 10:00:00,1001.76,1006.63,1001.63,1005.45
2018-01-03 11:00:00,1005.55,1006.72,1005.01,1006.72
2018-01-03 13:00:00,1006.64,1010.21,1002.92,1003.48
2018-01-03 14:00:00,1003.35,1005.97,1003.35,1005.67
2018-01-04 09:00:00,1009.37,1013.61,1009.0,1009.56
2018-01-04 10:00:00,1009.49,1013.88,1009.49,1013.87
2018-01-04 11:00:00,1014.27,1015.94,1013.82,1015.03
2018-01-04 13:00:00,1014.59,1018.55,1014.59,1016.18
2018-01-04 14:00:00,1015.79,1019.75,1014.81,1019.75
2018-01-05 09:00:00,1020.34,1020.6,1010.65,1012.77
2018-01-05 10:00:00,1012.98,1018.9,1012.98,1017.57
2018-01-05 11:00:00,1017.51,1017.51,1014.71,1015.54
2018-01-05 13:00:00,1015.48,1017.33,1015.21,1017.15
2018-01-05 14:00:00,1017.21,1017.24,1012.31,1012.65
2018-01-08 09:00:00,1011.36,1011.56,1006.95,1006.95
2018-01-08 10:00:00,1007.18,1012.05,1004.89,1011.52
2018-01-08 11:00:00,1011.56,1016.24,1011.43,1016.04
2018-01-08 13:00:00,1016.68,1021.43,1016.68,1017.78
2018-01-08 14:00:00,1017.25,1022.9,1016.52,1022.9
2018-01-09 09:00:00,1027.14,1032.83,1017.86,1020.15
2018-01-09 10:00:00,1019.58,1028.76,1019.24,1026.67
2018-01-09 11:00:00,1027.15,1027.15,1025.68,1026.21
2018-01-09 13:00:00,1026.5,1033.56,1026.18,1029.2
2018-01-09 14:00:00,1029.19,1033.56,1028.39,1033.56
2018-01-10 09:00:00,1034.64,1038.24,1034.64,1037.17
2018-01-10 10:00:00,1037.03,1043.09,1036.82,1042.94
2018-01-10 11:00:00,1042.87,1043.18,1041.64,1043.06
2018-01-10 13:00:00,1043.11,1045.63,1033.01,1036.0
2018-01-10 14:00:00,1036.69,1039.41,1036.37,1038.11
2018-01-11 09:00:00,1037.03,1041.24,1031.13,1041.24
2018-01-11 10:00:00,1040.93,1041.81,1037.67,1038.71
2018-01-11 11:00:00,1038.7,1040.42,1038.7,1039.78
2018-01-11 13:00:00,1039.66,1046.89,1039.66,1046.89
2018-01-11 14:00:00,1046.88,1049.73,1046.63,1048.17
2018-01-12 09:00:00,1050.17,1052.58,1050.17,1050.68
2018-01-12 10:00:00,1051.2,1057.88,1051.18,1055.44
2018-01-12 11:00:00,1055.5,1055.81,1051.14,1051.69
2018-01-12 13:00:00,1050.16,1055.33,1046.38,1047.27
2018-01-12 14:00:00,1048.07,1051.12,1047.59,1050.11
2018-01-15 09:00:00,1049.91,1051.56,1043.15,1047.26
2018-01-15 10:00:00,1047.47,1055.2,1047.42,1054.79
2018-01-15 11:00:00,1054.89,1055.01,1051.46,1052.46
2018-01-15 13:00:00,1052.69,1059.32,1052.69,1058.99
2018-01-15 14:00:00,1058.48,1063.47,1058.48,1063.47
2018-01-16 09:00:00,1059.36,1064.36,1057.94,1058.99
2018-01-16 10:00:00,1059.61,1059.85,1052.43,1057.14
2018-01-16 11:00:00,1057.4,1060.6,1057.23,1059.13
2018-01-16 13:00:00,1059.8,1065.39,1059.42,1065.14
2018-01-16 14:00:00,1064.84,1065.32,1059.49,1062.96
2018-01-17 09:00:00,1061.98,1064.51,1060.29,1064.22
2018-01-17 10:00:00,1063.97,1063.97,1061.57,1062.65
2018-01-17 11:00:00,1062.84,1064.71,1062.79,1064.18
2018-01-17 13:00:00,1063.87,1064.77,1056.55,1059.86
2018-01-17 14:00:00,1060.16,1060.16,1034.69,1034.69
2018-01-18 09:00:00,1028.76,1035.9,1027.14,1029.67
2018-01-18 10:00:00,1031.28,1036.4,1030.23,1030.23
2018-01-18 11:00:00,1030.09,1030.18,1020.01,1020.93
2018-01-18 13:00:00,1020.46,1034.01,1020.46,1034.01
2018-01-18 14:00:00,1034.4,1050.25,1034.4,1050.25
2018-01-19 09:00:00,1054.33,1057.01,1053.37,1054.35
2018-01-19 10:00:00,1053.93,1064.22,1053.93,1061.03
2018-01-19 11:00:00,1060.76,1063.76,1060.76,1061.92
2018-01-19 13:00:00,1062.7,1067.21,1062.55,1063.98
2018-01-19 14:00:00,1064.69,1065.69,1062.07,1062.07
2018-01-22 09:00:00,1066.86,1074.45,1066.61,1074.45
2018-01-22 10:00:00,1074.62,1079.49,1074.29,1079.05
2018-01-22 11:00:00,1079.22,1079.22,1075.47,1075.47
2018-01-22 13:00:00,1075.85,1084.88,1075.85,1084.69
2018-01-22 14:00:00,1084.62,1088.05,1084.62,1087.42
2018-01-25 09:00:00,1098.44,1108.41,1098.44,1105.25
2018-01-25 10:00:00,1104.57,1111.52,1099.08,1111.5
2018-01-25 11:00:00,1112.01,1115.01,1111.33,1115.01
2018-01-25 13:00:00,1115.46,1117.08,1102.69,1107.94
2018-01-25 14:00:00,1106.83,1108.0,1104.57,1104.57
2018-01-26 09:00:00,1119.78,1123.83,1103.06,1113.05
2018-01-26 10:00:00,1112.8,1122.18,1107.72,1122.18
2018-01-26 11:00:00,1121.85,1122.52,1116.38,1117.96
2018-01-26 13:00:00,1119.3,1122.6,1118.64,1118.64
2018-01-26 14:00:00,1117.61,1117.61,1111.84,1115.64
2018-01-29 09:00:00,1121.78,1130.1,1121.78,1125.63
2018-01-29 10:00:00,1126.11,1127.24,1110.98,1110.98
2018-01-29 11:00:00,1110.77,1118.71,1110.77,1114.05
2018-01-29 13:00:00,1114.63,1117.73,1112.76,1115.94
2018-01-29 14:00:00,1115.96,1116.09,1109.8,1109.8
2018-01-30 09:00:00,1099.98,1101.54,1092.44,1099.33
2018-01-30 10:00:00,1099.65,1101.47,1092.58,1095.51
2018-01-30 11:00:00,1095.27,1097.49,1095.27,1097.18
2018-01-30 13:00:00,1096.48,1108.31,1096.48,1105.71
2018-01-30 14:00:00,1105.37,1110.56,1102.55,1110.56
2018-01-31 09:00:00,1112.23,1115.48,1104.98,1106.44
2018-01-31 10:00:00,1108.27,1115.82,1108.27,1115.82
2018-01-31 11:00:00,1116.61,1122.52,1116.61,1120.46
2018-01-31 13:00:00,1121.1,1128.1,1120.06,1120.06
2018-01-31 14:00:00,1120.69,1122.5,1110.36,1110.36
2018-02-01 09:00:00,1111.74,1111.74,1102.91,1106.06
2018-02-01 10:00:00,1104.66,1105.81,1094.61,1094.61
2018-02-01 11:00:00,1095.38,1100.72,1090.25,1099.69
2018-02-01 13:00:00,1100.04,1108.79,1099.33,1101.84
2018-02-01 14:00:00,1101.91,1102.29,1096.28,1099.67
2018-02-02 09:00:00,1098.66,1103.2,1093.74,1099.87
2018-02-02 10:00:00,1099.94,1100.71,1095.75,1097.16
2018-02-02 11:00:00,1096.64,1096.76,1091.92,1092.23
2018-02-02 13:00:00,1092.34,1102.08,1091.06,1102.08
2018-02-02 14:00:00,1102.26,1105.04,1099.71,1105.04
2018-02-05 09:00:00,1089.62,1090.88,1080.9,1081.87
2018-02-05 10:00:00,1081.81,1084.49,1069.78,1073.71
2018-02-05 11:00:00,1074.69,1076.94,1071.95,1072.47
2018-02-05 13:00:00,1071.71,1078.14,1067.83,1072.51
2018-02-05 14:00:00,1071.76,1071.76,1048.71,1048.71
2018-02-06 09:00:00,1026.08,1026.08,983.06,985.18
2018-02-06 10:00:00,985.36,993.17,984.8,986.55
2018-02-06 11:00:00,986.73,987.45,984.89,987.1
2018-02-06 13:00:00,985.18,998.31,984.93,997.81
2018-02-06 14:00:00,999.29,1022.58,995.7,1011.6
2018-02-07 09:00:00,1040.53,1044.49,1039.14,1044.49
2018-02-07 10:00:00,1045.06,1048.54,1043.52,1046.44
2018-02-07 11:00:00,1045.65,1046.05,1044.01,1044.99
2018-02-07 13:00:00,1045.02,1045.02,1034.13,1037.81
2018-02-07 14:00:00,1038.31,1043.13,1037.5,1040.55
2018-02-08 09:00:00,1031.46,1035.02,1028.09,1033.08
2018-02-08 10:00:00,1033.28,1039.61,1030.12,1030.12
2018-02-08 11:00:00,1032.24,1032.24,1027.51,1027.82
2018-02-08 13:00:00,1027.97,1033.24,1027.97,1031.99
2018-02-08 14:00:00,1031.0,1031.0,1023.25,1023.25
2018-02-09 09:00:00,991.09,991.09,973.78,983.06
2018-02-09 10:00:00,983.31,996.23,983.31,987.44
2018-02-09 11:00:00,987.78,989.07,987.51,989.07
2018-02-09 13:00:00,988.37,1002.88,987.95,1001.56
2018-02-09 14:00:00,1000.57,1003.94,999.21,1003.94
2018-02-12 09:00:00,1011.64,1019.33,1011.64,1018.62
2018-02-12 10:00:00,1018.84,1019.14,1013.05,1013.05
2018-02-12 11:00:00,1012.91,1014.23,1012.22,1013.9
2018-02-12 13:00:00,1014.53,1027.99,1013.99,1027.49
2018-02-12 14:00:00,1027.0,1041.79,1027.0,1041.79
2018-02-13 09:00:00,1053.31,1059.56,1053.31,1054.41
2018-02-13 10:00:00,1054.35,1060.48,1052.86,1059.96
2018-02-13 11:00:00,1059.59,1059.59,1056.67,1056.88
2018-02-13 13:00:00,1057.54,1059.72,1057.22,1058.81
2018-02-13 14:00:00,1058.65,1060.21,1057.32,1059.73
2018-02-21 09:00:00,1073.33,1076.63,1070.43,1076.63
2018-02-21 10:00:00,1077.38,1079.68,1076.91,1079.15
2018-02-21 11:00:00,1079.27,1086.01,1079.27,1085.97
2018-02-21 13:00:00,1086.61,1092.65,1086.54,1091.36
2018-02-21 14:00:00,1091.45,1091.49,1086.06,1087.15
2018-02-22 09:00:00,1087.15,1088.86,1077.81,1086.33
2018-02-22 10:00:00,1085.62,1091.62,1085.62,1086.76
2018-02-22 11:00:00,1086.93,1086.93,1083.9,1083.9
2018-02-22 13:00:00,1084.56,1088.85,1083.78,1087.49
2018-02-22 14:00:00,1087.11,1087.11,1074.27,1076.03
2018-02-23 09:00:00,1086.81,1090.61,1081.95,1081.95
2018-02-23 10:00:00,1081.73,1086.91,1081.31,1086.02
2018-02-23 11:00:00,1086.5,1087.42,1084.86,1084.92
2018-02-23 13:00:00,1086.88,1095.27,1086.36,1095.27
2018-02-23 14:00:00,1095.16,1102.85,1095.09,1102.85
2018-02-26 09:00:00,1115.9,1123.0,1115.9,1121.03
2018-02-26 10:00:00,1121.6,1127.25,1121.53,1127.25
2018-02-26 11:00:00,1127.57,1127.57,1122.39,1123.23
2018-02-26 13:00:00,1123.29,1126.64,1120.89,1120.89
2018-02-26 14:00:00,1119.56,1120.97,1114.06,1114.53
2018-02-27 09:00:00,1124.03,1124.03,1110.29,1110.29
2018-02-27 10:00:00,1110.71,1122.88,1110.71,1122.88
2018-02-27 11:00:00,1122.61,1122.72,1114.33,1115.19
2018-02-27 13:00:00,1115.44,1119.99,1108.43,1108.43
2018-02-27 14:00:00,1106.77,1119.61,1106.77,1119.61
2018-02-28 09:00:00,1110.3,1117.04,1109.89,1116.32
2018-02-28 10:00:00,1117.92,1129.89,1117.92,1125.89
2018-02-28 11:00:00,1125.51,1125.53,1123.14,1124.42
2018-02-28 13:00:00,1125.14,1128.63,1123.75,1124.57
2018-02-28 14:00:00,1125.68,1125.68,1121.54,1121.54
2018-03-01 09:00:00,1121.54,1124.8,1113.86,1123.24
2018-03-01 10:00:00,1123.92,1129.3,1120.31,1127.58
2018-03-01 11:00:00,1127.59,1128.29,1124.57,1125.02
2018-03-01 13:00:00,1125.26,1126.07,1119.75,1119.75
2018-03-01 14:00:00,1119.91,1119.91,1110.92,1115.79
2018-03-02 09:00:00,1103.16,1110.27,1103.16,1109.05
2018-03-02 10:00:00,1109.63,1116.74,1109.63,1111.82
2018-03-02 11:00:00,1111.89,1113.97,1111.17,1113.81
2018-03-02 13:00:00,1112.87,1119.86,1112.87,1119.52
2018-03-02 14:00:00,1120.03,1121.91,1120.03,1121.21
2018-03-05 09:00:00,1121.21,1131.97,1121.21,1131.63
2018-03-05 10:00:00,1131.18,1131.72,1127.07,1128.86
2018-03-05 11:00:00,1128.57,1129.35,1125.37,1125.37
2018-03-05 13:00:00,1125.36,1132.69,1120.17,1130.73
2018-03-05 14:00:00,1130.96,1131.35,1093.48,1093.48
2018-03-06 09:00:00,1093.48,1108.65,1091.67,1101.75
2018-03-06 10:00:00,1102.12,1105.62,1101.02,1103.89
2018-03-06 11:00:00,1103.93,1106.67,1103.73,1106.67
2018-03-06 13:00:00,1106.44,1114.62,1104.97,1112.4
2018-03-06 14:00:00,1110.56,1120.29,1110.19,1120.29
2018-03-07 09:00:00,1121.99,1126.5,1120.84,1122.32
2018-03-07 10:00:00,1121.71,1126.67,1121.23,1121.39
2018-03-07 11:00:00,1121.32,1121.32,1115.19,1119.91
2018-03-07 13:00:00,1119.68,1119.78,1108.97,1111.85
2018-03-07 14:00:00,1111.1,1112.26,1103.29,1112.26
2018-03-08 09:00:00,1112.24,1118.84,1111.76,1111.95
2018-03-08 10:00:00,1111.87,1119.83,1111.81,1117.9
2018-03-08 11:00:00,1117.66,1117.66,1114.71,1114.91
2018-03-08 13:00:00,1115.2,1126.35,1115.09,1121.41
2018-03-08 14:00:00,1121.36,1125.47,1121.14,1124.15
2018-03-09 09:00:00,1128.73,1135.02,1128.73,1130.52
2018-03-09 10:00:00,1130.81,1132.62,1126.89,1127.85
2018-03-09 11:00:00,1127.88,1128.18,1126.65,1128.18
2018-03-09 13:00:00,1127.97,1132.26,1119.18,1121.16
2018-03-09 14:00:00,1122.12,1126.6,1121.05,1123.41
2018-03-12 09:00:00,1135.37,1135.48,1130.17,1132.84
2018-03-12 10:00:00,1132.98,1135.43,1131.47,1132.26
2018-03-12 11:00:00,1132.07,1132.51,1130.89,1130.93
2018-03-12 13:00:00,1131.02,1134.52,1125.23,1128.77
2018-03-12 14:00:00,1128.79,1128.79,1123.98,1126.29
2018-03-13 09:00:00,1126.53,1131.05,1124.13,1124.68
2018-03-13 10:00:00,1125.01,1128.57,1120.66,1120.66
2018-03-13 11:00:00,1120.69,1124.83,1119.86,1123.37
2018-03-13 13:00:00,1124.37,1124.37,1118.49,1123.05
2018-03-13 14:00:00,1122.93,1133.31,1121.62,1133.31
2018-03-14 09:00:00,1135.99,1142.88,1135.7,1138.88
2018-03-14 10:00:00,1138.35,1141.21,1136.51,1141.21
2018-03-14 11:00:00,1141.74,1141.74,1137.95,1138.15
2018-03-14 13:00:00,1138.46,1141.56,1136.32,1136.32
2018-03-14 14:00:00,1136.15,1138.09,1134.55,1138.09
2018-03-15 09:00:00,1134.51,1136.56,1130.56,1130.56
2018-03-15 10:00:00,1130.79,1135.16,1130.64,1133.8
2018-03-15 11:00:00,1133.26,1133.3,1130.8,1130.91
2018-03-15 13:00:00,1130.23,1139.84,1129.66,1137.86
2018-03-15 14:00:00,1137.43,1140.74,1135.65,1138.76
2018-03-16 09:00:00,1144.54,1147.05,1140.56,1144.1
2018-03-16 10:00:00,1144.24,1148.61,1144.24,1148.61
2018-03-16 11:00:00,1148.44,1149.73,1147.89,1149.73
2018-03-16 13:00:00,1149.86,1152.52,1147.78,1151.49
2018-03-16 14:00:00,1151.62,1152.08,1149.94,1150.19
2018-03-19 09:00:00,1158.16,1164.36,1157.54,1160.18
2018-03-19 10:00:00,1159.72,1162.29,1156.29,1161.9
2018-03-19 11:00:00,1161.89,1162.4,1160.85,1162.33
2018-03-19 13:00:00,1162.44,1165.63,1162.24,1162.34
2018-03-19 14:00:00,1162.55,1163.73,1155.82,1159.22
2018-03-20 09:00:00,1154.48,1162.69,1154.48,1162.69
2018-03-20 10:00:00,1162.55,1162.6,1158.39,1160.5
2018-03-20 11:00:00,1160.74,1164.6,1160.74,1163.79
2018-03-20 13:00:00,1164.07,1166.33,1162.17,1166.33
2018-03-20 14:00:00,1166.22,1166.26,1159.39,1159.39
2018-03-21 09:00:00,1166.51,1169.0,1163.91,1166.19
2018-03-21 10:00:00,1166.72,1172.3,1166.25,1172.03
2018-03-21 11:00:00,1172.01,1172.13,1168.07,1168.14
2018-03-21 13:00:00,1168.19,1172.31,1167.39,1167.46
2018-03-21 14:00:00,1166.79,1169.36,1164.08,1169.36
2018-03-22 09:00:00,1175.22,1180.44,1175.14,1176.0
2018-03-22 10:00:00,1175.96,1178.81,1174.72,1174.72
2018-03-22 11:00:00,1173.34,1175.62,1170.23,1175.62
2018-03-22 13:00:00,1175.55,1177.23,1173.68,1176.73
2018-03-22 14:00:00,1176.27,1176.27,1169.48,1172.36
2018-03-23 09:00:00,1154.25,1154.6,1143.38,1151.8
2018-03-23 10:00:00,1152.17,1156.17,1150.8,1151.08
2018-03-23 11:00:00,1150.46,1150.46,1144.11,1144.11
2018-03-23 13:00:00,1143.54,1157.2,1138.53,1151.91
2018-03-23 14:00:00,1150.18,1155.08,1150.18,1153.59
2018-03-26 09:00:00,1150.51,1163.75,1150.51,1158.77
2018-03-26 10:00:00,1159.12,1162.2,1157.37,1158.41
2018-03-26 11:00:00,1158.92,1162.94,1158.59,1162.89
2018-03-26 13:00:00,1163.44,1173.66,1163.04,1171.71
2018-03-26 14:00:00,1170.47,1176.95,1170.47,1171.22
2018-03-27 09:00:00,1187.42,1187.42,1182.79,1182.79
2018-03-27 10:00:00,1182.44,1183.28,1178.36,1179.77
2018-03-27 11:00:00,1179.95,1180.42,1178.36,1179.15
2018-03-27 13:00:00,1180.33,1184.69,1178.46,1178.46
2018-03-27 14:00:00,1178.87,1178.87,1169.58,1171.73
2018-03-28 09:00:00,1168.87,1174.95,1165.71,1173.96
2018-03-28 10:00:00,1173.81,1174.61,1171.77,1171.77
2018-03-28 11:00:00,1172.85,1172.85,1168.4,1169.07
2018-03-28 13:00:00,1169.29,1179.18,1169.29,1172.81
2018-03-28 14:00:00,1172.76,1175.17,1172.11,1172.24
2018-03-29 09:00:00,1174.73,1176.45,1171.47,1172.62
2018-03-29 10:00:00,1172.3,1172.85,1168.37,1169.81
2018-03-29 11:00:00,1169.97,1171.04,1169.05,1171.04
2018-03-29 13:00:00,1171.64,1172.85,1169.48,1169.48
2018-03-29 14:00:00,1169.34,1169.5,1164.12,1167.03
2018-03-30 09:00:00,1169.29,1170.03,1163.64,1168.09
2018-03-30 10:00:00,1168.54,1168.54,1158.49,1160.54
2018-03-30 11:00:00,1160.28,1168.65,1160.28,1168.13
2018-03-30 13:00:00,1168.68,1173.63,1168.68,1171.57
2018-03-30 14:00:00,1171.8,1175.36,1171.8,1174.46
2018-04-02 09:00:00,1180.26,1185.07,1179.73,1185.07
2018-04-02 10:00:00,1184.09,1190.12,1184.09,1190.12
2018-04-02 11:00:00,1189.37,1191.58,1186.43,1191.58
2018-04-02 13:00:00,1192.07,1196.22,1192.07,1194.71
2018-04-02 14:00:00,1194.46,1196.61,1193.35,1196.61
2018-04-03 09:00:00,1197.0,1199.93,1188.03,1190.09
2018-04-03 10:00:00,1190.16,1195.61,1189.23,1192.05
2018-04-03 11:00:00,1191.84,1192.63,1191.38,1192.22
2018-04-03 13:00:00,1192.66,1192.66,1185.83,1188.12
2018-04-03 14:00:00,1188.65,1190.08,1187.69,1188.29
2018-04-04 09:00:00,1194.26,1200.71,1194.26,1199.63
2018-04-04 10:00:00,1199.92,1199.92,1194.0,1195.53
2018-04-04 11:00:00,1195.49,1197.1,1195.49,1196.17
2018-04-04 13:00:00,1197.02,1197.02,1190.63,1192.84
2018-04-04 14:00:00,1193.26,1193.37,1189.46,1191.54
2018-04-05 09:00:00,1197.76,1199.15,1192.66,1194.61
2018-04-05 10:00:00,1194.56,1194.56,1186.8,1187.14
2018-04-05 11:00:00,1186.75,1188.96,1186.75,1188.91
2018-04-05 13:00:00,1189.48,1193.3,1189.12,1190.11
2018-04-05 14:00:00,1190.58,1195.51,1189.89,1193.17
2018-04-06 09:00:00,1194.15,1202.59,1194.15,1197.63
2018-04-06 10:00:00,1197.96,1199.15,1195.1,1199.15
2018-04-06 11:00:00,1199.46,1199.53,1198.42,1199.16
2018-04-06 13:00:00,1198.96,1200.93,1198.71,1199.72
2018-04-06 14:00:00,1198.85,1200.41,1198.11,1199.96
2018-04-09 09:00:00,1202.44,1205.07,1197.44,1198.99
2018-04-09 10:00:00,1198.98,1203.02,1197.52,1199.65
2018-04-09 11:00:00,1200.04,1201.96,1199.49,1201.57
2018-04-09 13:00:00,1202.38,1206.58,1202.38,1203.87
2018-04-09 14:00:00,1203.48,1207.45,1202.22,1204.33
2018-04-10 09:00:00,1207.62,1211.34,1205.24,1208.35
2018-04-10 10:00:00,1209.21,1209.56,1198.47,1201.05
2018-04-10 11:00:00,1201.08,1204.17,1201.08,1201.49
2018-04-10 13:00:00,1200.47,1200.47,1192.22,1198.51
2018-04-10 14:00:00,1198.99,1202.67,1198.12,1198.12
2018-04-11 09:00:00,1201.51,1202.46,1199.38,1200.2
2018-04-11 10:00:00,1201.13,1202.35,1195.66,1195.66
2018-04-11 11:00:00,1195.33,1195.62,1187.07,1189.92
2018-04-11 13:00:00,1189.47,1190.16,1178.88,1181.5
2018-04-11 14:00:00,1181.36,1181.52,1167.11,1167.11
2018-04-12 09:00:00,1162.48,1166.17,1153.64,1164.57
2018-04-12 10:00:00,1164.7,1170.41,1162.88,1163.21
2018-04-12 11:00:00,1164.62,1166.53,1163.91,1166.29
2018-04-12 13:00:00,1166.7,1169.64,1162.02,1163.77
2018-04-12 14:00:00,1164.09,1173.02,1164.09,1173.02
2018-04-13 09:00:00,1178.57,1181.52,1175.31,1175.97
2018-04-13 10:00:00,1176.02,1176.02,1170.89,1173.31
2018-04-13 11:00:00,1173.39,1173.76,1166.99,1166.99
2018-04-13 13:00:00,1166.03,1166.03,1153.93,1160.13
2018-04-13 14:00:00,1160.06,1160.06,1157.14,1157.14
2018-04-16 09:00:00,1156.54,1156.54,1141.81,1147.29
2018-04-16 10:00:00,1146.7,1152.99,1145.37,1148.82
2018-04-16 11:00:00,1148.75,1150.33,1148.74,1149.73
2018-04-16 13:00:00,1149.8,1159.45,1149.8,1154.78
2018-04-16 14:00:00,1154.64,1154.85,1148.49,1148.49
2018-04-17 09:00:00,1149.02,1156.7,1149.02,1151.04
2018-04-17 10:00:00,1151.08,1151.08,1143.62,1143.62
2018-04-17 11:00:00,1143.55,1143.82,1141.04,1141.43
2018-04-17 13:00:00,1141.2,1151.87,1139.33,1149.33
2018-04-17 14:00:00,1149.87,1153.28,1147.48,1153.28
2018-04-18 09:00:00,1153.28,1160.32,1152.97,1152.97
2018-04-18 10:00:00,1152.47,1155.07,1151.41,1151.67
2018-04-18 11:00:00,1151.26,1152.35,1147.46,1147.46
2018-04-18 13:00:00,1148.64,1150.81,1146.92,1147.61
2018-04-18 14:00:00,1147.42,1147.65,1138.42,1138.53
2018-04-19 09:00:00,1137.99,1137.99,1130.05,1132.04
2018-04-19 10:00:00,1130.99,1130.99,1116.68,1120.71
2018-04-19 11:00:00,1120.5,1121.19,1114.96,1115.19
2018-04-19 13:00:00,1114.96,1118.55,1100.23,1100.72
2018-04-19 14:00:00,1100.59,1117.96,1094.63,1094.63
2018-04-20 09:00:00,1095.84,1104.9,1078.01,1089.52
2018-04-20 10:00:00,1089.91,1097.12,1089.91,1095.51
2018-04-20 11:00:00,1095.61,1102.28,1095.61,1099.91
2018-04-20 13:00:00,1100.34,1105.56,1100.2,1102.26
2018-04-20 14:00:00,1100.93,1119.86,1100.93,1119.86
2018-04-23 09:00:00,1124.33,1127.24,1113.87,1115.06
2018-04-23 10:00:00,1115.64,1120.01,1111.75,1119.87
2018-04-23 11:00:00,1119.98,1119.98,1112.06,1112.37
2018-04-23 13:00:00,1112.47,1113.66,1096.16,1096.16
2018-04-23 14:00:00,1096.01,1096.26,1076.78,1076.78
2018-04-24 09:00:00,1064.86,1068.73,1048.68,1061.26
2018-04-24 10:00:00,1061.22,1070.8,1059.3,1066.97
2018-04-24 11:00:00,1068.05,1083.23,1067.41,1081.76
2018-04-24 13:00:00,1083.07,1084.89,1078.31,1083.87
2018-04-24 14:00:00,1083.89,1083.89,1075.16,1080.74
2018-04-26 09:00:00,1082.52,1082.52,1070.43,1074.77
2018-04-26 10:00:00,1074.7,1078.12,1065.56,1065.56
2018-04-26 11:00:00,1065.02,1067.89,1064.33,1066.07
2018-04-26 13:00:00,1066.16,1066.16,1040.97,1040.97
2018-04-26 14:00:00,1042.07,1045.59,1039.35,1044.86
2018-04-27 09:00:00,1037.36,1048.02,1031.89,1038.32
2018-04-27 10:00:00,1037.9,1049.67,1033.27,1049.67
2018-04-27 11:00:00,1051.39,1054.94,1047.07,1052.49
2018-04-27 13:00:00,1052.39,1054.65,1041.07,1047.71
2018-04-27 14:00:00,1047.35,1050.26,1042.79,1050.26
2018-05-02 09:00:00,1053.26,1053.52,1044.67,1047.23
2018-05-02 10:00:00,1046.64,1046.85,1037.16,1038.05
2018-05-02 11:00:00,1039.23,1039.59,1035.71,1037.34
2018-05-02 13:00:00,1036.57,1041.24,1033.13,1039.84
2018-05-02 14:00:00,1039.37,1039.37,1024.75,1029.08
2018-05-03 09:00:00,1018.47,1024.05,1010.66,1014.06
2018-05-03 10:00:00,1014.25,1014.25,1003.79,1012.99
2018-05-03 11:00:00,1012.51,1014.69,1010.61,1014.57
2018-05-03 13:00:00,1015.78,1021.68,1013.04,1013.6
2018-05-03 14:00:00,1014.35,1027.38,1014.07,1026.46
2018-05-04 09:00:00,1032.12,1037.02,1027.06,1028.01
2018-05-04 10:00:00,1027.66,1036.12,1027.59,1034.09
2018-05-04 11:00:00,1034.24,1034.24,1029.88,1029.88
2018-05-04 13:00:00,1030.79,1030.79,1022.1,1023.54
2018-05-04 14:00:00,1023.51,1029.36,1023.51,1026.8
2018-05-07 09:00:00,1034.64,1036.04,1030.27,1030.27
2018-05-07 10:00:00,1030.32,1032.66,1028.79,1031.52
2018-05-07 11:00:00,1031.65,1037.13,1031.52,1037.13
2018-05-07 13:00:00,1037.62,1049.9,1036.83,1049.5
2018-05-07 14:00:00,1049.87,1062.26,1049.87,1062.26
2018-05-08 09:00:00,1061.12,1072.28,1057.24,1070.09
2018-05-08 10:00:00,1068.8,1068.87,1059.97,1061.88
2018-05-08 11:00:00,1062.28,1069.62,1062.28,1065.45
2018-05-08 13:00:00,1065.14,1071.14,1065.14,1067.89
2018-05-08 14:00:00,1068.8,1069.69,1060.45,1060.45
2018-05-09 09:00:00,1058.33,1061.45,1051.79,1060.3
2018-05-09 10:00:00,1061.89,1063.14,1056.56,1061.95
2018-05-09 11:00:00,1061.07,1064.34,1060.83,1064.34
2018-05-09 13:00:00,1064.98,1069.8,1062.71,1062.93
2018-05-09 14:00:00,1063.58,1063.58,1054.06,1056.97
2018-05-10 09:00:00,1058.22,1058.72,1051.81,1054.98
2018-05-10 10:00:00,1055.04,1059.06,1053.25,1058.08
2018-05-10 11:00:00,1058.62,1059.34,1056.67,1057.85
2018-05-10 13:00:00,1058.27,1058.49,1045.06,1045.06
2018-05-10 14:00:00,1043.82,1048.2,1025.75,1028.87
2018-05-11 09:00:00,1026.34,1028.57,1016.68,1023.51
2018-05-11 10:00:00,1023.77,1028.09,1022.51,1024.92
2018-05-11 11:00:00,1023.85,1023.85,1014.3,1023.09
2018-05-11 13:00:00,1023.54,1041.94,1023.31,1041.27
2018-05-11 14:00:00,1041.18,1044.85,1039.82,1044.85
2018-05-14 09:00:00,1051.69,1054.04,1046.94,1049.97
2018-05-14 10:00:00,1050.65,1050.82,1042.31,1047.84
2018-05-14 11:00:00,1048.1,1051.45,1048.1,1049.31
2018-05-14 13:00:00,1049.22,1058.76,1048.4,1052.7
2018-05-14 14:00:00,1053.18,1066.98,1053.18,1066.98
2018-05-15 09:00:00,1072.25,1077.39,1071.02,1075.87
2018-05-15 10:00:00,1075.96,1076.01,1072.36,1073.04
2018-05-15 11:00:00,1073.84,1079.58,1073.13,1078.06
2018-05-15 13:00:00,1077.42,1084.2,1077.42,1083.03
2018-05-15 14:00:00,1083.45,1083.45,1073.5,1073.5
2018-05-16 09:00:00,1073.5,1073.5,1065.1,1068.72
2018-05-16 10:00:00,1069.1,1072.46,1068.65,1069.12
2018-05-16 11:00:00,1069.28,1070.31,1068.02,1068.02
2018-05-16 13:00:00,1067.41,1068.16,1053.06,1056.42
2018-05-16 14:00:00,1057.42,1058.5,1052.18,1054.62
2018-05-17 09:00:00,1055.21,1057.84,1050.25,1053.33
2018-05-17 10:00:00,1053.74,1053.8,1041.97,1042.45
2018-05-17 11:00:00,1042.3,1048.83,1041.95,1048.79
2018-05-17 13:00:00,1050.04,1050.43,1039.44,1044.99
2018-05-17 14:00:00,1044.25,1044.25,1030.64,1030.64
2018-05-18 09:00:00,1033.33,1038.46,1028.52,1029.51
2018-05-18 10:00:00,1029.64,1033.55,1024.89,1027.35
2018-05-18 11:00:00,1027.0,1027.94,1020.05,1021.14
2018-05-18 13:00:00,1021.04,1027.38,1013.57,1022.64
2018-05-18 14:00:00,1023.01,1040.84,1023.01,1040.54
2018-05-21 09:00:00,1043.82,1043.82,1034.99,1037.7
2018-05-21 10:00:00,1037.49,1037.49,1028.96,1037.26
2018-05-21 11:00:00,1037.87,1040.34,1035.57,1038.89
2018-05-21 13:00:00,1037.96,1041.72,1030.86,1030.86
2018-05-21 14:00:00,1030.67,1030.67,1014.98,1014.98
2018-05-22 09:00:00,1006.18,1015.97,1001.99,1005.94
2018-05-22 10:00:00,1006.43,1014.8,1004.86,1012.54
2018-05-22 11:00:00,1011.69,1011.69,999.9,999.9
2018-05-22 13:00:00,997.25,997.25,976.73,984.92
2018-05-22 14:00:00,983.84,986.76,980.58,985.91
2018-05-23 09:00:00,974.8,980.95,969.02,975.86
2018-05-23 10:00:00,975.79,980.06,974.58,974.92
2018-05-23 11:00:00,975.33,976.56,966.92,967.87
2018-05-23 13:00:00,967.72,979.35,965.92,976.46
2018-05-23 14:00:00,977.47,995.25,977.47,988.94
2018-05-24 09:00:00,992.24,995.82,986.38,992.3
2018-05-24 10:00:00,992.04,992.29,983.2,985.61
2018-05-24 11:00:00,984.64,986.7,982.99,984.06
2018-05-24 13:00:00,983.31,987.54,974.14,986.47
2018-05-24 14:00:00,986.97,987.38,979.39,985.92
2018-05-25 09:00:00,981.47,984.97,975.73,981.21
2018-05-25 10:00:00,981.31,987.56,978.67,979.05
2018-05-25 11:00:00,979.01,984.69,979.01,982.01
2018-05-25 13:00:00,981.63,985.9,973.64,973.65
2018-05-25 14:00:00,973.37,978.76,963.9,963.9
2018-05-28 09:00:00,938.86,951.34,935.99,949.35
2018-05-28 10:00:00,949.09,949.16,939.17,948.03
2018-05-28 11:00:00,947.88,947.99,938.02,939.66
2018-05-28 13:00:00,939.8,939.8,927.92,927.92
2018-05-28 14:00:00,928.47,931.75,927.47,931.75
2018-05-29 09:00:00,925.89,930.19,916.0,920.52
2018-05-29 10:00:00,920.66,938.23,917.96,933.42
2018-05-29 11:00:00,933.83,938.73,931.78,938.68
2018-05-29 13:00:00,940.37,958.96,940.37,953.19
2018-05-29 14:00:00,951.73,952.18,941.43,952.18
2018-05-30 09:00:00,953.41,953.41,939.96,939.96
2018-05-30 10:00:00,938.75,945.7,932.26,945.7
2018-05-30 11:00:00,946.18,952.16,946.18,951.59
2018-05-30 13:00:00,951.64,952.35,942.41,947.11
2018-05-30 14:00:00,947.31,949.72,946.7,948.5
2018-05-31 09:00:00,947.96,955.47,945.29,953.87
2018-05-31 10:00:00,954.47,964.64,954.26,964.64
2018-05-31 11:00:00,964.12,967.07,961.66,963.34
2018-05-31 13:00:00,964.05,970.48,962.88,970.48
2018-05-31 14:00:00,970.86,975.51,970.67,971.25
2018-06-01 09:00:00,973.67,980.98,973.56,977.04
2018-06-01 10:00:00,977.37,994.63,977.03,993.43
2018-06-01 11:00:00,992.98,993.66,987.53,993.66
2018-06-01 13:00:00,994.13,995.06,982.64,983.67
2018-06-01 14:00:00,984.14,992.87,984.14,992.87
2018-06-04 09:00:00,994.48,1002.03,992.01,998.63
2018-06-04 10:00:00,998.73,1000.49,996.92,1000.49
2018-06-04 11:00:00,1001.53,1006.97,1001.53,1003.68
2018-06-04 13:00:00,1004.41,1011.17,1004.41,1010.35
2018-06-04 14:00:00,1010.32,1013.78,1009.64,1013.78
2018-06-05 09:00:00,1013.59,1025.09,1011.59,1017.87
2018-06-05 10:00:00,1018.41,1024.01,1016.44,1021.32
2018-06-05 11:00:00,1020.95,1025.14,1020.26,1024.6
2018-06-05 13:00:00,1024.49,1025.26,1015.36,1018.6
2018-06-05 14:00:00,1018.38,1022.74,1017.56,1022.74
2018-06-06 09:00:00,1020.97,1023.38,1012.98,1020.11
2018-06-06 10:00:00,1020.46,1025.88,1020.33,1024.17
2018-06-06 11:00:00,1023.99,1023.99,1021.75,1023.5
2018-06-06 13:00:00,1023.17,1029.99,1022.94,1029.99
2018-06-06 14:00:00,1029.91,1034.5,1029.91,1034.5
2018-06-07 09:00:00,1038.93,1043.71,1037.09,1041.26
2018-06-07 10:00:00,1041.17,1041.17,1037.04,1038.47
2018-06-07 11:00:00,1038.33,1038.33,1031.56,1033.37
2018-06-07 13:00:00,1032.18,1038.65,1032.01,1037.08
2018-06-07 14:00:00,1036.38,1037.22,1030.79,1036.69
2018-06-08 09:00:00,1032.59,1039.07,1031.98,1034.36
2018-06-08 10:00:00,1034.52,1037.57,1026.94,1030.91
2018-06-08 11:00:00,1030.6,1035.75,1030.6,1033.71
2018-06-08 13:00:00,1034.47,1037.41,1030.79,1035.79
2018-06-08 14:00:00,1035.94,1039.01,1035.8,1039.01
2018-06-11 09:00:00,1033.55,1041.82,1029.19,1041.82
2018-06-11 10:00:00,1042.39,1045.45,1039.94,1045.15
2018-06-11 11:00:00,1044.71,1044.71,1041.2,1043.75
2018-06-11 13:00:00,1043.59,1045.6,1043.59,1044.73
2018-06-11 14:00:00,1044.48,1044.48,1039.02,1039.02
2018-06-12 09:00:00,1033.55,1033.55,1020.54,1020.65
2018-06-12 10:00:00,1020.26,1025.66,1005.61,1005.7
2018-06-12 11:00:00,1005.1,1015.34,1005.1,1009.99
2018-06-12 13:00:00,1009.43,1018.95,1005.17,1018.95
2018-06-12 14:00:00,1019.53,1024.62,1017.09,1020.76
2018-06-13 09:00:00,1017.93,1027.45,1017.93,1023.72
2018-06-13 10:00:00,1023.19,1024.7,1019.75,1021.53
2018-06-13 11:00:00,1021.26,1022.45,1019.13,1019.13
2018-06-13 13:00:00,1019.03,1024.16,1018.34,1024.12
2018-06-13 14:00:00,1023.56,1030.53,1023.56,1030.53
2018-06-14 09:00:00,1030.53,1033.46,1026.48,1029.99
2018-06-14 10:00:00,1030.37,1032.33,1027.25,1027.25
2018-06-14 11:00:00,1026.99,1026.99,1023.65,1023.93
2018-06-14 13:00:00,1023.56,1024.33,1018.81,1018.81
2018-06-14 14:00:00,1018.55,1020.39,1015.72,1015.72
2018-06-15 09:00:00,1012.71,1018.95,1012.71,1015.44
2018-06-15 10:00:00,1015.66,1017.25,1010.84,1010.84
2018-06-15 11:00:00,1010.78,1010.78,1006.75,1008.32
2018-06-15 13:00:00,1008.69,1015.43,1008.58,1015.43
2018-06-15 14:00:00,1014.98,1016.51,1011.83,1016.51
2018-06-18 09:00:00,1016.51,1018.98,1011.92,1015.95
2018-06-18 10:00:00,1015.8,1016.27,1011.99,1011.99
2018-06-18 11:00:00,1011.71,1011.85,1007.35,1008.34
2018-06-18 13:00:00,1008.41,1008.41,1000.86,1000.86
2018-06-18 14:00:00,1000.55,1000.55,986.88,987.34
2018-06-19 09:00:00,972.38,972.38,964.66,970.92
2018-06-19 10:00:00,971.32,972.62,959.3,960.83
2018-06-19 11:00:00,961.74,965.47,960.85,960.94
2018-06-19 13:00:00,960.97,960.97,946.07,946.41
2018-06-19 14:00:00,945.84,962.16,941.57,962.16
2018-06-20 09:00:00,957.37,966.47,955.61,965.77
2018-06-20 10:00:00,967.58,967.65,960.69,964.72
2018-06-20 11:00:00,964.74,966.69,964.53,966.69
2018-06-20 13:00:00,967.5,976.56,967.5,972.53
2018-06-20 14:00:00,973.26,980.95,973.06,980.95
2018-06-21 09:00:00,979.57,979.57,972.31,972.4
2018-06-21 10:00:00,972.12,973.59,966.38,967.62
2018-06-21 11:00:00,967.51,970.14,966.94,967.05
2018-06-21 13:00:00,966.6,973.25,966.28,970.13
2018-06-21 14:00:00,970.06,971.37,967.31,969.4
2018-06-22 09:00:00,963.89,971.58,959.91,971.58
2018-06-22 10:00:00,972.28,977.4,970.59,977.4
2018-06-22 11:00:00,977.5,977.85,974.84,976.15
2018-06-22 13:00:00,976.45,976.6,972.39,976.57
2018-06-22 14:00:00,976.78,983.57,976.42,983.17
2018-06-25 09:00:00,997.34,997.34,991.69,994.97
2018-06-25 10:00:00,995.36,995.36,989.48,989.99
2018-06-25 11:00:00,990.15,990.42,988.98,989.07
2018-06-25 13:00:00,989.36,992.9,989.16,992.5
2018-06-25 14:00:00,992.59,992.95,990.52,990.52
2018-06-26 09:00:00,977.78,979.62,972.91,972.91
2018-06-26 10:00:00,972.8,978.88,970.75,977.49
2018-06-26 11:00:00,977.38,977.9,974.51,977.0
2018-06-26 13:00:00,977.58,981.7,976.61,981.7
2018-06-26 14:00:00,982.04,983.78,980.9,983.02
2018-06-27 09:00:00,981.44,984.46,978.93,981.87
2018-06-27 10:00:00,982.09,982.33,977.08,981.1
2018-06-27 11:00:00,981.23,984.36,981.23,982.5
2018-06-27 13:00:00,983.26,983.75,978.96,980.11
2018-06-27 14:00:00,979.87,980.23,968.91,968.91
2018-06-28 09:00:00,964.76,976.12,959.55,960.49
2018-06-28 10:00:00,960.28,963.65,954.85,957.3
2018-06-28 11:00:00,957.41,960.65,955.18,960.65
2018-06-28 13:00:00,960.51,968.57,959.58,959.86
2018-06-28 14:00:00,959.37,961.33,954.46,957.35
2018-06-29 09:00:00,955.64,962.93,954.37,955.1
2018-06-29 10:00:00,954.81,954.81,950.48,953.0
2018-06-29 11:00:00,953.02,955.17,953.02,955.17
2018-06-29 13:00:00,955.18,958.93,954.87,958.02
2018-06-29 14:00:00,958.21,961.35,958.02,960.78
2018-07-02 09:00:00,955.18,956.78,943.88,947.46
2018-07-02 10:00:00,946.99,946.99,937.72,940.0
2018-07-02 11:00:00,940.41,941.19,939.4,939.4
2018-07-02 13:00:00,939.22,950.5,932.66,950.5
2018-07-02 14:00:00,950.72,951.03,944.2,947.15
2018-07-03 09:00:00,945.87,946.16,940.87,945.37
2018-07-03 10:00:00,945.54,946.16,936.62,936.62
2018-07-03 11:00:00,935.9,935.9,929.01,929.13
2018-07-03 13:00:00,928.41,928.49,913.53,914.54
2018-07-03 14:00:00,914.23,914.77,906.01,906.01
2018-07-04 09:00:00,904.34,907.31,890.83,896.2
2018-07-04 10:00:00,896.33,910.54,894.54,906.28
2018-07-04 11:00:00,906.18,906.18,902.2,905.77
2018-07-04 13:00:00,906.96,908.11,901.19,908.11
2018-07-04 14:00:00,908.63,914.99,908.63,914.99
2018-07-05 09:00:00,914.48,921.85,911.94,919.07
2018-07-05 10:00:00,920.06,920.68,915.95,917.42
2018-07-05 11:00:00,917.3,918.33,912.58,912.6
2018-07-05 13:00:00,911.57,911.57,892.67,894.47
2018-07-05 14:00:00,894.44,904.94,894.44,899.4
2018-07-06 09:00:00,891.16,897.22,884.99,896.55
2018-07-06 10:00:00,896.63,897.49,890.85,894.73
2018-07-06 11:00:00,894.81,908.04,894.81,908.04
2018-07-06 13:00:00,909.41,921.13,909.05,921.13
2018-07-06 14:00:00,921.3,921.75,917.51,917.51
2018-07-09 09:00:00,922.72,929.15,922.22,927.66
2018-07-09 10:00:00,927.38,927.62,923.45,926.36
2018-07-09 11:00:00,926.56,929.5,926.56,929.14
2018-07-09 13:00:00,928.99,929.02,919.89,920.07
2018-07-09 14:00:00,919.65,922.51,915.12,915.12
2018-07-10 09:00:00,919.44,921.96,914.1,916.05
2018-07-10 10:00:00,916.92,920.34,916.35,917.88
2018-07-10 11:00:00,917.91,920.31,917.91,920.31
2018-07-10 13:00:00,920.16,920.51,915.4,916.99
2018-07-10 14:00:00,916.62,917.43,911.12,911.12
2018-07-11 09:00:00,898.08,900.16,894.63,895.65
2018-07-11 10:00:00,895.15,898.95,891.14,896.12
2018-07-11 11:00:00,896.14,896.73,894.37,894.45
2018-07-11 13:00:00,894.43,895.51,886.33,888.55
2018-07-11 14:00:00,887.69,893.16,885.09,893.16
2018-07-12 09:00:00,891.21,895.51,884.75,892.31
2018-07-12 10:00:00,892.12,895.88,891.17,895.39
2018-07-12 11:00:00,895.57,900.13,895.43,900.13
2018-07-12 13:00:00,900.26,905.72,899.25,900.43
2018-07-12 14:00:00,900.62,900.67,893.99,898.51
2018-07-13 09:00:00,904.8,906.74,899.94,902.98
2018-07-13 10:00:00,902.71,910.81,901.97,909.74
2018-07-13 11:00:00,910.1,910.48,909.33,909.51
2018-07-13 13:00:00,909.48,912.53,905.62,906.79
2018-07-13 14:00:00,906.52,909.72,906.07,909.72
2018-07-16 09:00:00,914.22,917.42,913.0,917.42
2018-07-16 10:00:00,917.63,917.63,913.7,913.7
2018-07-16 11:00:00,912.82,913.26,911.25,911.7
2018-07-16 13:00:00,911.51,911.82,906.0,906.09
2018-07-16 14:00:00,905.89,911.11,905.27,911.11
2018-07-17 09:00:00,905.32,910.9,902.02,905.85
2018-07-17 10:00:00,905.59,915.15,905.59,914.86
2018-07-17 11:00:00,914.9,914.9,912.49,913.96
2018-07-17 13:00:00,914.21,915.05,909.42,915.05
2018-07-17 14:00:00,915.78,921.27,914.34,921.27
2018-07-18 09:00:00,926.14,932.01,926.14,930.68
2018-07-18 10:00:00,930.69,935.21,930.06,931.66
2018-07-18 11:00:00,932.06,933.54,931.65,933.54
2018-07-18 13:00:00,934.33,936.6,934.25,936.07
2018-07-18 14:00:00,935.54,942.39,935.54,942.39
2018-07-19 09:00:00,942.39,946.52,939.58,942.24
2018-07-19 10:00:00,942.74,947.07,942.33,942.33
2018-07-19 11:00:00,942.13,944.3,941.24,944.24
2018-07-19 13:00:00,944.0,945.4,941.24,944.17
2018-07-19 14:00:00,943.7,945.29,942.62,943.97
2018-07-20 09:00:00,938.83,941.94,935.6,940.31
2018-07-20 10:00:00,940.5,940.5,934.33,937.62
2018-07-20 11:00:00,937.67,937.67,931.89,932.5
2018-07-20 13:00:00,932.21,938.55,930.26,937.87
2018-07-20 14:00:00,936.78,941.85,933.39,933.39
2018-07-23 09:00:00,931.52,939.15,930.25,939.15
2018-07-23 10:00:00,939.43,946.35,936.56,946.35
2018-07-23 11:00:00,946.61,946.84,943.67,945.33
2018-07-23 13:00:00,945.67,949.14,938.27,938.81
2018-07-23 14:00:00,939.55,943.28,936.74,936.74
2018-07-24 09:00:00,933.22,937.78,931.94,936.04
2018-07-24 10:00:00,935.68,939.07,933.77,936.8
2018-07-24 11:00:00,936.81,936.81,930.25,930.25
2018-07-24 13:00:00,930.39,933.39,926.3,932.34
2018-07-24 14:00:00,932.65,938.05,932.65,934.08
2018-07-25 09:00:00,936.57,938.33,935.25,937.55
2018-07-25 10:00:00,937.22,937.41,930.99,930.99
2018-07-25 11:00:00,931.02,935.54,931.02,935.54
2018-07-25 13:00:00,935.55,936.76,932.98,934.85
2018-07-25 14:00:00,934.44,934.62,927.58,927.58
2018-07-26 09:00:00,928.96,930.32,922.75,924.9
2018-07-26 10:00:00,924.72,928.68,920.99,921.61
2018-07-26 11:00:00,921.69,925.33,921.6,923.29
2018-07-26 13:00:00,923.04,926.97,923.04,923.81
2018-07-26 14:00:00,923.99,930.16,923.2,930.16
2018-07-27 09:00:00,931.9,935.04,928.82,930.82
2018-07-27 10:00:00,930.54,936.07,929.49,933.82
2018-07-27 11:00:00,933.49,936.27,933.49,935.34
2018-07-27 13:00:00,935.96,937.23,934.63,935.87
2018-07-27 14:00:00,935.9,935.9,932.94,935.52
2018-07-30 09:00:00,940.76,942.06,937.69,941.11
2018-07-30 10:00:00,940.92,942.79,939.62,939.67
2018-07-30 11:00:00,939.56,944.73,939.54,944.73
2018-07-30 13:00:00,944.84,945.2,941.99,944.61
2018-07-30 14:00:00,944.9,949.73,944.87,949.73
2018-07-31 09:00:00,948.56,953.43,947.32,953.19
2018-07-31 10:00:00,953.63,959.07,953.63,958.39
2018-07-31 11:00:00,958.54,958.93,956.39,956.76
2018-07-31 13:00:00,956.74,956.77,953.42,956.1
2018-07-31 14:00:00,955.86,958.4,955.86,956.39
2018-08-01 09:00:00,957.35,960.05,955.51,956.5
2018-08-01 10:00:00,956.6,958.95,955.82,957.47
2018-08-01 11:00:00,957.52,957.52,955.52,956.72
2018-08-01 13:00:00,956.48,957.27,952.81,954.82
2018-08-01 14:00:00,954.9,954.9,949.89,952.77
2018-08-02 09:00:00,952.75,952.75,947.38,949.29
2018-08-02 10:00:00,949.31,951.82,947.57,947.59
2018-08-02 11:00:00,947.34,948.92,943.6,944.51
2018-08-02 13:00:00,943.85,948.95,942.39,948.71
2018-08-02 14:00:00,948.35,953.55,946.42,953.55
2018-08-03 09:00:00,957.92,966.1,955.13,961.39
2018-08-03 10:00:00,961.18,963.1,958.08,958.1
2018-08-03 11:00:00,958.32,961.28,958.03,960.88
2018-08-03 13:00:00,960.87,964.25,960.74,962.76
2018-08-03 14:00:00,962.52,962.56,959.55,959.6
2018-08-06 09:00:00,960.12,961.17,956.59,956.59
2018-08-06 10:00:00,956.38,959.35,955.86,955.89
2018-08-06 11:00:00,955.9,961.75,955.42,961.75
2018-08-06 13:00:00,962.3,962.99,959.21,960.19
2018-08-06 14:00:00,960.12,961.0,958.72,960.23
2018-08-07 09:00:00,957.7,961.22,953.71,961.22
2018-08-07 10:00:00,960.14,962.02,957.06,957.78
2018-08-07 11:00:00,957.94,957.94,954.48,955.31
2018-08-07 13:00:00,955.19,958.03,955.13,957.81
2018-08-07 14:00:00,957.24,957.91,955.37,956.79
2018-08-08 09:00:00,958.31,961.81,958.31,961.21
2018-08-08 10:00:00,961.3,961.62,959.5,960.36
2018-08-08 11:00:00,960.21,962.98,960.21,962.92
2018-08-08 13:00:00,963.19,965.15,962.62,963.98
2018-08-08 14:00:00,963.71,966.27,963.48,966.27
2018-08-09 09:00:00,968.57,972.52,968.57,972.08
2018-08-09 10:00:00,971.89,971.92,968.23,970.17
2018-08-09 11:00:00,969.86,969.96,967.27,967.28
2018-08-09 13:00:00,967.45,968.79,964.07,965.88
2018-08-09 14:00:00,966.19,967.2,963.5,963.5
2018-08-10 09:00:00,962.03,964.8,960.44,960.46
2018-08-10 10:00:00,960.6,963.86,958.41,958.41
2018-08-10 11:00:00,958.08,958.08,955.04,955.47
2018-08-10 13:00:00,955.59,963.45,955.24,963.45
2018-08-10 14:00:00,963.6,968.47,963.6,968.47
2018-08-13 09:00:00,966.46,969.89,963.41,969.89
2018-08-13 10:00:00,970.62,970.79,964.89,967.2
2018-08-13 11:00:00,966.82,971.48,966.82,971.48
2018-08-13 13:00:00,971.52,974.21,969.97,973.04
2018-08-13 14:00:00,973.06,978.04,972.95,978.04
2018-08-14 09:00:00,979.66,980.41,976.17,977.69
2018-08-14 10:00:00,977.44,979.14,974.47,975.76
2018-08-14 11:00:00,975.91,975.95,974.83,975.18
2018-08-14 13:00:00,975.01,979.12,974.88,978.11
2018-08-14 14:00:00,978.74,981.42,978.27,978.27
2018-08-15 09:00:00,980.45,982.0,977.22,981.84
2018-08-15 10:00:00,981.69,981.72,976.33,976.33
2018-08-15 11:00:00,976.41,978.31,975.05,976.12
2018-08-15 13:00:00,975.46,975.56,970.96,975.54
2018-08-15 14:00:00,975.36,975.4,961.37,961.37
2018-08-16 09:00:00,952.83,955.88,949.78,952.1
2018-08-16 10:00:00,952.71,957.04,948.91,948.91
2018-08-16 11:00:00,947.42,950.06,947.09,950.06
2018-08-16 13:00:00,950.47,957.5,950.03,956.07
2018-08-16 14:00:00,956.38,964.28,956.38,964.28
2018-08-17 09:00:00,971.4,975.38,969.99,970.68
2018-08-17 10:00:00,970.85,972.25,969.43,969.83
2018-08-17 11:00:00,969.95,974.08,969.95,974.08
2018-08-17 13:00:00,974.53,975.52,971.63,971.63
2018-08-17 14:00:00,971.62,971.74,968.88,968.88
2018-08-20 09:00:00,970.81,972.25,966.46,968.89
2018-08-20 10:00:00,968.69,971.89,968.54,970.0
2018-08-20 11:00:00,970.09,972.7,970.09,972.7
2018-08-20 13:00:00,972.59,973.57,970.97,970.97
2018-08-20 14:00:00,970.84,970.84,966.92,969.62
2018-08-21 09:00:00,968.46,972.64,968.45,969.99
2018-08-21 10:00:00,969.76,972.34,968.82,971.19
2018-08-21 11:00:00,971.25,972.29,971.15,971.73
2018-08-21 13:00:00,972.17,976.16,972.17,973.73
2018-08-21 14:00:00,973.87,979.21,973.87,979.21
2018-08-22 09:00:00,979.21,985.12,979.21,983.66
2018-08-22 10:00:00,983.77,986.36,983.09,986.36
2018-08-22 11:00:00,986.25,986.28,982.86,982.86
2018-08-22 13:00:00,982.83,984.59,981.3,982.81
2018-08-22 14:00:00,982.53,982.53,980.32,982.15
2018-08-23 09:00:00,984.12,987.24,983.72,987.24
2018-08-23 10:00:00,987.63,987.63,983.19,983.19
2018-08-23 11:00:00,983.15,985.01,982.48,985.01
2018-08-23 13:00:00,985.25,988.43,983.22,988.43
2018-08-23 14:00:00,988.63,989.45,986.4,987.36
2018-08-24 09:00:00,985.49,987.31,984.24,986.56
2018-08-24 10:00:00,986.47,986.9,984.07,984.07
2018-08-24 11:00:00,983.64,985.67,982.88,985.67
2018-08-24 13:00:00,985.41,989.21,985.41,987.85
2018-08-24 14:00:00,987.74,988.28,986.85,987.05
2018-08-27 09:00:00,990.19,992.15,990.03,991.97
2018-08-27 10:00:00,992.01,993.3,991.06,992.3
2018-08-27 11:00:00,992.19,993.47,992.19,993.47
2018-08-27 13:00:00,993.58,994.54,991.34,991.88
2018-08-27 14:00:00,991.84,992.41,991.43,991.92
2018-08-28 09:00:00,991.92,994.07,989.81,990.66
2018-08-28 10:00:00,990.51,993.79,990.51,992.55
2018-08-28 11:00:00,992.4,994.2,992.2,994.2
2018-08-28 13:00:00,994.32,995.2,992.48,992.48
2018-08-28 14:00:00,992.13,995.29,991.99,995.19
2018-08-29 09:00:00,995.05,995.05,991.13,991.13
2018-08-29 10:00:00,990.61,992.29,988.82,989.22
2018-08-29 11:00:00,989.66,991.65,989.64,991.32
2018-08-29 13:00:00,991.13,992.24,988.19,988.19
2018-08-29 14:00:00,987.96,990.64,987.47,988.17
2018-08-30 09:00:00,987.62,988.94,985.77,986.43
2018-08-30 10:00:00,986.5,986.66,983.43,985.65
2018-08-30 11:00:00,985.81,989.98,985.77,989.98
2018-08-30 13:00:00,990.09,991.69,989.81,991.55
2018-08-30 14:00:00,992.15,998.07,992.15,998.07
2018-08-31 09:00:00,998.55,1001.18,996.26,997.8
2018-08-31 10:00:00,997.36,999.22,996.65,997.52
2018-08-31 11:00:00,998.59,1003.06,998.39,1002.09
2018-08-31 13:00:00,1002.45,1002.45,997.27,998.7
2018-08-31 14:00:00,999.13,999.25,989.54,989.54
2018-09-04 09:00:00,990.79,992.18,987.71,990.17
2018-09-04 10:00:00,990.02,990.02,986.31,987.14
2018-09-04 11:00:00,987.38,988.46,985.28,985.28
2018-09-04 13:00:00,985.23,987.26,983.42,983.6
2018-09-04 14:00:00,983.1,983.54,975.94,975.94
2018-09-05 09:00:00,975.05,977.72,971.76,975.67
2018-09-05 10:00:00,975.27,978.78,974.38,977.22
2018-09-05 11:00:00,977.36,977.4,974.53,974.53
2018-09-05 13:00:00,973.98,975.37,969.05,972.33
2018-09-05 14:00:00,972.24,972.24,964.8,968.44
2018-09-06 09:00:00,968.37,970.84,965.98,967.08
2018-09-06 10:00:00,967.05,967.05,964.86,967.05
2018-09-06 11:00:00,967.15,969.04,967.03,967.63
2018-09-06 13:00:00,967.42,967.68,962.35,962.93
2018-09-06 14:00:00,962.26,962.26,957.99,958.19
2018-09-07 09:00:00,955.5,962.84,955.5,960.33
2018-09-07 10:00:00,960.35,962.42,959.98,960.75
2018-09-07 11:00:00,959.93,959.93,958.24,958.93
2018-09-07 13:00:00,958.87,967.58,958.81,966.95
2018-09-07 14:00:00,966.81,969.34,966.64,968.9
2018-09-10 09:00:00,969.74,970.62,968.19,970.62
2018-09-10 10:00:00,970.65,973.44,969.87,973.44
2018-09-10 11:00:00,973.97,974.23,973.19,974.14
2018-09-10 13:00:00,974.32,974.59,971.05,971.24
2018-09-10 14:00:00,971.27,971.63,969.58,970.34
2018-09-11 09:00:00,968.41,974.1,967.92,974.1
2018-09-11 10:00:00,974.75,976.12,974.35,976.12
2018-09-11 11:00:00,976.46,980.03,976.46,979.35
2018-09-11 13:00:00,979.32,982.07,979.32,980.27
2018-09-11 14:00:00,980.59,985.06,980.59,985.06
2018-09-12 09:00:00,990.0,992.33,989.12,990.52
2018-09-12 10:00:00,991.04,993.12,990.34,990.97
2018-09-12 11:00:00,990.91,992.65,990.87,991.65
2018-09-12 13:00:00,991.54,994.83,991.54,994.11
2018-09-12 14:00:00,994.0,994.22,987.01,987.01
2018-09-13 09:00:00,987.48,991.24,987.48,989.53
2018-09-13 10:00:00,989.25,992.21,987.54,991.28
2018-09-13 11:00:00,991.14,991.17,989.52,989.7
2018-09-13 13:00:00,989.42,992.96,988.51,991.51
2018-09-13 14:00:00,991.23,991.23,984.92,987.95
2018-09-14 09:00:00,987.95,993.28,987.95,991.65
2018-09-14 10:00:00,991.75,992.21,990.38,992.21
2018-09-14 11:00:00,992.53,994.02,992.41,993.32
2018-09-14 13:00:00,993.38,995.55,991.47,992.89
2018-09-14 14:00:00,992.99,993.16,990.58,991.34
2018-09-17 09:00:00,990.65,993.83,989.52,992.17
2018-09-17 10:00:00,991.93,991.96,987.8,989.44
2018-09-17 11:00:00,989.47,992.71,989.47,992.13
2018-09-17 13:00:00,991.75,991.87,989.26,989.76
2018-09-17 14:00:00,989.93,991.55,987.02,987.61
2018-09-18 09:00:00,983.43,985.86,981.89,984.42
2018-09-18 10:00:00,984.4,987.28,984.36,985.17
2018-09-18 11:00:00,985.0,986.37,985.0,985.12
2018-09-18 13:00:00,985.58,988.74,985.55,986.89
2018-09-18 14:00:00,987.2,993.49,987.2,993.49
2018-09-19 09:00:00,998.65,999.89,997.15,998.7
2018-09-19 10:00:00,998.84,999.31,997.54,998.53
2018-09-19 11:00:00,998.2,1001.83,998.2,1000.93
2018-09-19 13:00:00,1001.07,1001.63,997.57,997.99
2018-09-19 14:00:00,997.53,997.74,994.5,995.54
2018-09-20 09:00:00,995.54,999.5,995.54,998.14
2018-09-20 10:00:00,997.69,999.35,996.83,998.5
2018-09-20 11:00:00,998.46,998.46,997.15,997.55
2018-09-20 13:00:00,997.72,1001.36,996.93,1001.21
2018-09-20 14:00:00,1001.11,1004.74,1001.06,1004.74
2018-09-21 09:00:00,1006.25,1009.1,1005.83,1006.44
2018-09-21 10:00:00,1006.31,1008.8,1006.31,1008.13
2018-09-21 11:00:00,1007.82,1007.96,1002.71,1003.68
2018-09-21 13:00:00,1001.74,1006.09,1000.39,1005.24
2018-09-21 14:00:00,1005.1,1007.74,1001.98,1002.97
2018-09-24 09:00:00,1007.52,1011.13,1007.45,1009.46
2018-09-24 10:00:00,1009.59,1011.14,1009.31,1009.77
2018-09-24 11:00:00,1009.84,1010.04,1009.45,1009.9
2018-09-24 13:00:00,1009.87,1010.36,1008.88,1009.35
2018-09-24 14:00:00,1009.42,1011.29,1008.81,1011.29
2018-09-25 09:00:00,1011.94,1012.48,1008.67,1010.35
2018-09-25 10:00:00,1010.36,1013.18,1010.11,1013.18
2018-09-25 11:00:00,1013.03,1014.53,1012.84,1013.61
2018-09-25 13:00:00,1013.88,1014.02,1010.32,1011.49
2018-09-25 14:00:00,1011.63,1012.14,1009.35,1010.74
2018-09-26 09:00:00,1008.93,1011.54,1007.44,1009.83
2018-09-26 10:00:00,1010.22,1012.92,1009.81,1012.92
2018-09-26 11:00:00,1013.13,1014.86,1013.13,1013.75
2018-09-26 13:00:00,1014.1,1014.49,1012.18,1014.0
2018-09-26 14:00:00,1013.75,1013.75,1009.61,1009.61
2018-09-27 09:00:00,1012.57,1016.12,1011.79,1012.54
2018-09-27 10:00:00,1012.65,1014.01,1010.82,1010.82
2018-09-27 11:00:00,1011.07,1013.69,1010.49,1013.42
2018-09-27 13:00:00,1013.99,1017.78,1012.55,1016.37
2018-09-27 14:00:00,1016.62,1016.62,1013.74,1015.37
2018-09-28 09:00:00,1019.34,1020.84,1015.8,1015.85
2018-09-28 10:00:00,1015.4,1018.0,1015.4,1016.65
2018-09-28 11:00:00,1016.92,1019.3,1016.69,1019.24
2018-09-28 13:00:00,1019.4,1019.97,1016.65,1016.7
2018-09-28 14:00:00,1016.95,1017.51,1016.4,1017.13
2018-10-01 09:00:00,1019.49,1023.87,1019.49,1020.83
2018-10-01 10:00:00,1020.92,1021.25,1018.98,1020.58
2018-10-01 11:00:00,1020.31,1021.56,1020.1,1021.36
2018-10-01 13:00:00,1021.01,1023.23,1021.01,1021.56
2018-10-01 14:00:00,1021.38,1021.38,1012.88,1012.88
2018-10-02 09:00:00,1014.26,1016.66,1013.7,1016.56
2018-10-02 10:00:00,1016.83,1018.33,1013.11,1017.42
2018-10-02 11:00:00,1017.45,1021.51,1017.28,1019.34
2018-10-02 13:00:00,1019.38,1020.89,1017.86,1018.51
2018-10-02 14:00:00,1018.5,1018.79,1015.95,1018.79
2018-10-03 09:00:00,1021.08,1024.59,1020.31,1023.27
2018-10-03 10:00:00,1023.33,1023.33,1020.81,1021.35
2018-10-03 11:00:00,1021.54,1022.32,1020.72,1020.85
2018-10-03 13:00:00,1021.12,1022.56,1019.1,1019.1
2018-10-03 14:00:00,1019.35,1020.4,1016.47,1020.4
2018-10-04 09:00:00,1024.68,1024.68,1020.4,1021.89
2018-10-04 10:00:00,1021.72,1024.13,1021.72,1023.78
2018-10-04 11:00:00,1023.47,1023.77,1022.82,1023.53
2018-10-04 13:00:00,1023.72,1024.51,1022.98,1023.16
2018-10-04 14:00:00,1023.13,1023.62,1022.46,1023.62
2018-10-05 09:00:00,1020.21,1020.77,1017.36,1018.53
2018-10-05 10:00:00,1018.42,1019.46,1017.56,1019.45
2018-10-05 11:00:00,1019.22,1019.49,1015.52,1015.52
2018-10-05 13:00:00,1014.87,1016.71,1012.8,1014.23
2018-10-05 14:00:00,1014.39,1015.37,1008.39,1008.39
2018-10-08 09:00:00,1003.31,1004.45,1000.38,1002.01
2018-10-08 10:00:00,1002.53,1002.62,999.22,1001.2
2018-10-08 11:00:00,1001.47,1005.81,1001.47,1005.39
2018-10-08 13:00:00,1005.49,1006.13,997.59,997.65
2018-10-08 14:00:00,998.22,998.58,996.12,996.12
2018-10-09 09:00:00,998.7,1001.62,998.02,999.02
2018-10-09 10:00:00,998.98,1001.87,998.27,998.75
2018-10-09 11:00:00,999.38,999.64,996.74,997.22
2018-10-09 13:00:00,997.54,999.95,997.0,998.45
2018-10-09 14:00:00,998.19,998.23,996.19,996.19
2018-10-10 09:00:00,998.66,999.16,995.82,998.94
2018-10-10 10:00:00,999.45,999.62,994.4,995.78
2018-10-10 11:00:00,996.22,997.03,995.86,995.91
2018-10-10 13:00:00,996.23,996.35,991.22,991.6
2018-10-10 14:00:00,991.3,994.88,991.3,993.96
2018-10-11 09:00:00,972.21,972.21,953.66,957.17
2018-10-11 10:00:00,956.8,956.8,938.83,949.1
2018-10-11 11:00:00,948.9,948.9,943.88,946.16
2018-10-11 13:00:00,945.1,957.49,942.15,952.67
2018-10-11 14:00:00,951.88,951.88,942.03,945.89
2018-10-12 09:00:00,939.2,951.16,933.35,951.16
2018-10-12 10:00:00,951.51,952.94,943.67,952.94
2018-10-12 11:00:00,953.58,956.45,952.66,954.0
2018-10-12 13:00:00,954.14,968.69,954.14,968.69
2018-10-12 14:00:00,968.71,970.08,962.34,970.08
2018-10-15 09:00:00,968.8,969.36,960.84,962.51
2018-10-15 10:00:00,962.25,963.75,959.52,959.9
2018-10-15 11:00:00,959.3,959.67,955.92,959.1
2018-10-15 13:00:00,958.62,958.62,954.25,957.98
2018-10-15 14:00:00,958.13,958.34,951.64,951.64
2018-10-16 09:00:00,950.36,955.92,950.36,955.2
2018-10-16 10:00:00,955.8,958.03,954.56,956.26
2018-10-16 11:00:00,956.25,957.86,955.94,957.75
2018-10-16 13:00:00,957.91,962.0,957.91,962.0
2018-10-16 14:00:00,962.14,963.69,961.79,963.37
2018-10-17 09:00:00,973.14,974.52,971.0,973.38
2018-10-17 10:00:00,973.44,975.27,970.96,971.64
2018-10-17 11:00:00,971.8,971.8,969.47,970.6
2018-10-17 13:00:00,970.63,970.73,969.06,969.78
2018-10-17 14:00:00,969.98,971.6,969.98,971.6
2018-10-18 09:00:00,968.93,969.39,965.43,968.35
2018-10-18 10:00:00,968.66,970.75,968.4,968.48
2018-10-18 11:00:00,968.04,968.28,965.46,966.14
2018-10-18 13:00:00,966.27,967.67,964.58,965.92
2018-10-18 14:00:00,966.14,966.14,962.68,963.47
2018-10-19 09:00:00,949.94,952.35,945.83,949.66
2018-10-19 10:00:00,949.09,952.16,948.35,951.98
2018-10-19 11:00:00,951.59,954.25,951.59,954.25
2018-10-19 13:00:00,954.68,959.63,953.25,953.66
2018-10-19 14:00:00,953.6,958.36,952.89,958.36
2018-10-22 09:00:00,958.36,963.79,958.36,962.14
2018-10-22 10:00:00,962.19,962.19,959.86,960.43
2018-10-22 11:00:00,960.66,962.33,960.66,962.33
2018-10-22 13:00:00,962.08,962.28,957.55,957.83
2018-10-22 14:00:00,957.98,958.84,953.51,953.51
2018-10-23 09:00:00,950.12,950.42,943.08,944.36
2018-10-23 10:00:00,944.21,947.47,943.15,943.16
2018-10-23 11:00:00,942.31,942.31,938.79,940.07
2018-10-23 13:00:00,939.2,939.2,925.29,933.01
2018-10-23 14:00:00,932.9,940.23,932.9,939.68
2018-10-24 09:00:00,935.25,939.06,933.79,933.79
2018-10-24 10:00:00,933.94,938.0,933.94,937.56
2018-10-24 11:00:00,937.87,937.92,934.13,934.27
2018-10-24 13:00:00,934.25,934.39,926.78,930.06
2018-10-24 14:00:00,930.48,931.36,922.73,922.73
2018-10-25 09:00:00,902.59,902.59,885.34,891.74
2018-10-25 10:00:00,892.16,896.52,891.44,893.53
2018-10-25 11:00:00,893.54,900.24,893.54,900.11
2018-10-25 13:00:00,899.76,912.07,899.47,906.41
2018-10-25 14:00:00,905.8,911.37,905.76,910.17
2018-10-26 09:00:00,918.11,918.16,914.61,914.61
2018-10-26 10:00:00,914.05,914.05,907.83,909.13
2018-10-26 11:00:00,908.93,909.13,905.63,905.7
2018-10-26 13:00:00,905.27,906.39,901.58,904.16
2018-10-26 14:00:00,904.1,905.17,900.82,900.82
2018-10-29 09:00:00,895.05,897.84,890.93,896.38
2018-10-29 10:00:00,895.08,895.13,891.47,891.82
2018-10-29 11:00:00,891.25,893.27,891.11,893.2
2018-10-29 13:00:00,892.45,892.67,884.92,888.11
2018-10-29 14:00:00,888.49,891.44,886.62,888.82
2018-10-30 09:00:00,881.32,890.45,880.85,890.45
2018-10-30 10:00:00,890.59,894.8,890.58,891.43
2018-10-30 11:00:00,891.27,892.85,891.27,891.55
2018-10-30 13:00:00,891.98,894.37,889.92,890.42
2018-10-30 14:00:00,890.11,890.87,886.03,888.69
2018-10-31 09:00:00,894.23,899.9,894.23,899.9
2018-10-31 10:00:00,899.67,901.74,898.63,899.29
2018-10-31 11:00:00,899.02,902.96,898.8,902.96
2018-10-31 13:00:00,903.89,908.85,903.89,907.99
2018-10-31 14:00:00,908.54,914.76,908.54,914.76
2018-11-01 09:00:00,915.52,918.84,913.72,916.35
2018-11-01 10:00:00,915.99,916.86,913.4,913.4
2018-11-01 11:00:00,913.17,913.17,910.7,911.03
2018-11-01 13:00:00,910.99,914.46,909.94,911.69
2018-11-01 14:00:00,911.65,912.11,905.73,907.96
2018-11-02 09:00:00,911.35,917.0,911.35,911.83
2018-11-02 10:00:00,911.34,918.14,910.4,917.8
2018-11-02 11:00:00,917.65,918.55,915.77,916.18
2018-11-02 13:00:00,917.63,926.36,917.63,925.17
2018-11-02 14:00:00,925.28,927.62,924.42,924.86
2018-11-05 09:00:00,920.87,924.96,918.82,921.77
2018-11-05 10:00:00,922.07,922.4,919.13,919.13
2018-11-05 11:00:00,919.92,919.92,915.77,917.16
2018-11-05 13:00:00,917.42,917.98,916.25,917.98
2018-11-05 14:00:00,918.18,925.53,918.18,925.53
2018-11-06 09:00:00,931.0,931.27,925.65,925.65
2018-11-06 10:00:00,925.3,926.83,924.44,924.6
2018-11-06 11:00:00,924.81,927.81,924.79,926.95
2018-11-06 13:00:00,926.88,928.75,926.16,926.98
2018-11-06 14:00:00,926.97,927.15,921.93,922.05
2018-11-07 09:00:00,922.03,924.6,919.33,919.33
2018-11-07 10:00:00,919.6,923.22,919.3,922.04
2018-11-07 11:00:00,922.18,924.37,922.18,923.65
2018-11-07 13:00:00,923.14,923.14,916.3,918.84
2018-11-07 14:00:00,918.52,922.16,915.41,922.16
2018-11-08 09:00:00,928.69,932.86,928.2,928.55
2018-11-08 10:00:00,928.6,929.07,927.4,927.65
2018-11-08 11:00:00,927.67,928.25,926.74,926.88
2018-11-08 13:00:00,926.98,929.93,926.3,926.3
2018-11-08 14:00:00,925.89,927.21,925.54,926.28
2018-11-09 09:00:00,921.11,925.31,919.53,925.07
2018-11-09 10:00:00,925.27,925.27,919.48,919.54
2018-11-09 11:00:00,919.83,920.19,918.92,919.37
2018-11-09 13:00:00,919.0,920.26,917.69,919.55
2018-11-09 14:00:00,919.82,919.82,914.29,914.29
2018-11-12 09:00:00,909.36,910.41,903.95,907.47
2018-11-12 10:00:00,907.32,912.98,907.14,912.9
2018-11-12 11:00:00,912.99,914.91,911.45,912.14
2018-11-12 13:00:00,912.33,913.84,911.52,913.84
2018-11-12 14:00:00,914.23,918.99,914.2,918.12
2018-11-13 09:00:00,904.35,907.07,903.48,905.64
2018-11-13 10:00:00,905.26,909.19,904.21,909.19
2018-11-13 11:00:00,908.67,909.7,906.76,906.99
2018-11-13 13:00:00,907.34,910.2,907.15,907.81
2018-11-13 14:00:00,908.09,908.52,905.38,905.38
2018-11-14 09:00:00,904.16,910.58,904.16,907.6
2018-11-14 10:00:00,907.55,909.28,907.55,908.54
2018-11-14 11:00:00,908.55,908.55,903.67,903.67
2018-11-14 13:00:00,903.23,905.89,903.23,903.92
2018-11-14 14:00:00,904.01,904.01,898.83,900.93
2018-11-15 09:00:00,901.13,903.83,898.05,901.04
2018-11-15 10:00:00,900.73,900.93,895.65,897.42
2018-11-15 11:00:00,897.91,902.36,897.0,901.43
2018-11-15 13:00:00,901.52,902.56,894.87,894.87
2018-11-15 14:00:00,894.34,897.15,892.5,897.15
2018-11-16 09:00:00,901.44,902.91,897.42,898.92
2018-11-16 10:00:00,898.79,898.87,894.14,894.85
2018-11-16 11:00:00,894.96,902.78,894.96,899.63
2018-11-16 13:00:00,900.15,903.21,899.38,899.38
2018-11-16 14:00:00,898.89,899.37,897.28,898.19
2018-11-19 09:00:00,902.65,905.88,901.22,901.33
2018-11-19 10:00:00,901.04,905.59,900.61,904.86
2018-11-19 11:00:00,905.15,907.51,905.14,907.51
2018-11-19 13:00:00,906.45,911.15,906.45,909.74
2018-11-19 14:00:00,909.15,916.06,907.83,916.06
2018-11-20 09:00:00,909.76,917.11,909.76,916.84
2018-11-20 10:00:00,916.78,916.78,912.31,912.48
2018-11-20 11:00:00,912.34,914.45,912.34,914.45
2018-11-20 13:00:00,914.03,918.31,913.08,918.31
2018-11-20 14:00:00,917.92,919.02,916.64,919.02
2018-11-21 09:00:00,909.83,910.39,907.47,908.58
2018-11-21 10:00:00,908.44,914.98,908.44,911.37
2018-11-21 11:00:00,911.51,913.95,911.51,913.76
2018-11-21 13:00:00,914.1,917.84,912.81,917.43
2018-11-21 14:00:00,917.19,922.56,916.83,922.56
2018-11-22 09:00:00,924.93,925.71,922.47,922.47
2018-11-22 10:00:00,922.35,926.15,922.02,925.4
2018-11-22 11:00:00,925.23,925.58,924.16,924.16
2018-11-22 13:00:00,923.89,925.7,923.43,925.7
2018-11-22 14:00:00,925.91,925.91,924.42,924.42
2018-11-23 09:00:00,923.91,925.84,921.09,922.77
2018-11-23 10:00:00,922.64,922.64,919.31,920.04
2018-11-23 11:00:00,919.45,923.42,919.45,923.24
2018-11-23 13:00:00,923.52,923.52,920.56,922.02
2018-11-23 14:00:00,922.17,922.25,916.87,917.97
2018-11-26 09:00:00,915.67,917.58,914.43,916.76
2018-11-26 10:00:00,916.72,919.79,916.09,917.74
2018-11-26 11:00:00,917.97,917.98,916.46,917.33
2018-11-26 13:00:00,916.89,919.56,916.89,919.55
2018-11-26 14:00:00,919.62,921.96,919.62,921.03
2018-11-27 09:00:00,925.12,930.37,925.08,927.02
2018-11-27 10:00:00,927.2,927.81,926.43,926.57
2018-11-27 11:00:00,926.72,926.78,925.62,925.62
2018-11-27 13:00:00,925.56,926.93,924.86,925.64
2018-11-27 14:00:00,925.3,925.3,921.26,923.12
2018-11-28 09:00:00,923.12,924.05,922.03,923.5
2018-11-28 10:00:00,923.79,925.91,923.33,925.55
2018-11-28 11:00:00,925.32,925.57,922.57,922.57
2018-11-28 13:00:00,922.38,926.65,922.37,926.65
2018-11-28 14:00:00,927.04,930.2,926.33,930.2
2018-11-29 09:00:00,934.88,937.75,934.88,935.57
2018-11-29 10:00:00,935.61,935.63,933.85,934.1
2018-11-29 11:00:00,934.12,934.19,933.7,934.1
2018-11-29 13:00:00,933.2,933.26,928.86,929.07
2018-11-29 14:00:00,929.11,930.32,926.79,926.79
2018-11-30 09:00:00,924.49,928.92,924.49,928.49
2018-11-30 10:00:00,928.31,928.85,922.01,922.01
2018-11-30 11:00:00,921.99,922.98,921.08,922.98
2018-11-30 13:00:00,923.35,925.51,921.16,922.87
2018-11-30 14:00:00,922.46,927.12,921.12,926.54
2018-12-03 09:00:00,937.7,940.27,937.1,939.04
2018-12-03 10:00:00,939.43,944.31,939.31,944.31
2018-12-03 11:00:00,944.4,946.27,944.21,946.18
2018-12-03 13:00:00,946.81,950.01,946.81,948.99
2018-12-03 14:00:00,949.15,951.59,949.15,951.59
2018-12-04 09:00:00,952.97,958.21,952.44,954.73
2018-12-04 10:00:00,954.6,955.22,953.75,954.23
2018-12-04 11:00:00,954.29,954.29,952.34,952.64
2018-12-04 13:00:00,952.04,958.85,950.89,958.85
2018-12-04 14:00:00,959.3,960.44,957.43,958.84
2018-12-05 09:00:00,950.34,954.06,946.97,952.8
2018-12-05 10:00:00,952.82,957.39,951.95,957.39
2018-12-05 11:00:00,957.54,957.78,956.25,956.32
2018-12-05 13:00:00,956.05,960.87,955.57,958.9
2018-12-05 14:00:00,958.79,959.81,957.14,957.14
2018-12-06 09:00:00,957.14,959.59,954.53,958.33
2018-12-06 10:00:00,958.38,958.74,955.33,956.09
2018-12-06 11:00:00,955.19,955.4,953.09,954.34
2018-12-06 13:00:00,953.37,953.37,949.69,949.69
2018-12-06 14:00:00,949.4,954.82,948.44,954.82
2018-12-07 09:00:00,956.49,960.17,955.96,959.74
2018-12-07 10:00:00,959.83,960.6,957.8,958.88
2018-12-07 11:00:00,959.22,959.47,958.53,959.47
2018-12-07 13:00:00,959.74,962.39,959.74,960.59
2018-12-07 14:00:00,960.41,961.24,958.37,958.59
2018-12-10 09:00:00,955.15,957.41,951.54,957.41
2018-12-10 10:00:00,957.21,957.21,952.86,954.67
2018-12-10 11:00:00,955.06,956.15,954.57,955.37
2018-12-10 13:00:00,955.08,958.25,954.84,954.96
2018-12-10 14:00:00,954.57,956.06,954.55,955.89
2018-12-11 09:00:00,955.41,957.97,953.47,955.61
2018-12-11 10:00:00,955.54,956.34,953.29,954.23
2018-12-11 11:00:00,954.15,954.42,952.49,953.4
2018-12-11 13:00:00,952.88,952.95,949.34,951.97
2018-12-11 14:00:00,951.95,954.58,951.33,954.58
2018-12-12 09:00:00,956.32,957.23,956.0,956.51
2018-12-12 10:00:00,956.43,959.05,956.02,958.92
2018-12-12 11:00:00,959.06,959.66,958.71,958.79
2018-12-12 13:00:00,958.65,958.65,956.87,957.89
2018-12-12 14:00:00,958.33,961.15,958.33,960.95
2018-12-13 09:00:00,964.49,966.69,963.63,966.49
2018-12-13 10:00:00,966.17,966.83,963.52,963.78
2018-12-13 11:00:00,963.75,964.06,963.42,963.55
2018-12-13 13:00:00,963.47,963.83,961.24,961.5
2018-12-13 14:00:00,961.39,961.89,960.1,960.25
2018-12-14 09:00:00,959.09,960.09,957.19,957.19
2018-12-14 10:00:00,956.98,957.99,956.28,957.99
2018-12-14 11:00:00,958.01,958.25,957.62,957.74
2018-12-14 13:00:00,957.57,957.57,955.41,956.89
2018-12-14 14:00:00,956.82,956.82,951.04,952.04
2018-12-17 09:00:00,948.09,948.09,943.76,945.7
2018-12-17 10:00:00,945.78,945.83,941.53,941.91
2018-12-17 11:00:00,942.15,943.62,942.14,942.14
2018-12-17 13:00:00,942.48,942.48,937.04,939.59
2018-12-17 14:00:00,939.66,941.01,935.47,935.47
2018-12-18 09:00:00,933.65,933.65,920.06,928.13
2018-12-18 10:00:00,928.2,928.2,920.96,921.38
2018-12-18 11:00:00,921.44,922.53,920.99,922.07
2018-12-18 13:00:00,920.86,922.34,917.03,921.89
2018-12-18 14:00:00,922.71,925.45,921.93,925.45
2018-12-19 09:00:00,925.99,927.03,923.49,924.68
2018-12-19 10:00:00,924.44,924.44,919.77,920.34
2018-12-19 11:00:00,920.49,920.56,918.04,919.45
2018-12-19 13:00:00,919.27,919.43,914.55,918.94
2018-12-19 14:00:00,919.12,920.04,918.26,919.24
2018-12-20 09:00:00,916.42,920.57,916.42,920.23
2018-12-20 10:00:00,920.76,921.79,918.79,919.27
2018-12-20 11:00:00,919.53,919.55,916.9,917.18
2018-12-20 13:00:00,915.4,917.22,914.18,917.22
2018-12-20 14:00:00,916.97,920.28,916.9,918.24
2018-12-21 09:00:00,911.57,911.7,907.88,911.7
2018-12-21 10:00:00,911.54,911.54,908.78,910.88
2018-12-21 11:00:00,910.83,912.34,910.8,912.34
2018-12-21 13:00:00,911.5,911.82,909.73,911.62
2018-12-21 14:00:00,911.39,915.02,911.34,915.02
2018-12-24 09:00:00,912.56,916.16,912.56,912.9
2018-12-24 10:00:00,912.42,916.26,912.28,915.91
2018-12-24 11:00:00,916.41,916.41,913.46,914.63
2018-12-24 13:00:00,914.75,915.16,911.97,912.76
2018-12-24 14:00:00,912.82,912.82,909.67,910.88
2018-12-25 09:00:00,893.53,895.21,890.5,894.03
2018-12-25 10:00:00,894.31,894.71,882.17,885.65
2018-12-25 11:00:00,885.94,886.97,885.21,886.28
2018-12-25 13:00:00,885.95,896.79,885.64,894.98
2018-12-25 14:00:00,894.61,897.94,892.45,897.94
2018-12-26 09:00:00,896.63,899.49,896.53,897.03
2018-12-26 10:00:00,897.16,898.14,895.38,895.38
2018-12-26 11:00:00,895.48,895.48,893.78,893.83
2018-12-26 13:00:00,892.85,895.12,891.76,895.12
2018-12-26 14:00:00,895.28,895.56,890.86,891.75
2018-12-27 09:00:00,904.8,906.19,903.61,903.7
2018-12-27 10:00:00,903.83,905.51,903.64,904.5
2018-12-27 11:00:00,904.42,906.5,904.42,906.5
2018-12-27 13:00:00,906.63,906.63,902.96,903.32
2018-12-27 14:00:00,902.83,903.57,902.38,902.75
2018-12-28 09:00:00,903.79,903.79,899.47,899.61
2018-12-28 10:00:00,900.27,902.97,900.27,902.97
2018-12-28 11:00:00,902.84,903.03,902.3,903.01
2018-12-28 13:00:00,902.17,902.54,900.71,901.47
2018-12-28 14:00:00,901.29,902.13,892.54,892.54
2019-01-02 09:00:00,900.1,900.1,896.48,896.92
2019-01-02 10:00:00,896.85,898.92,896.02,897.28
2019-01-02 11:00:00,897.97,897.97,895.55,896.07
2019-01-02 13:00:00,896.06,896.06,891.85,891.85
2019-01-02 14:00:00,891.66,892.44,891.25,891.75
2019-01-03 09:00:00,890.2,892.21,883.89,884.03
2019-01-03 10:00:00,884.41,886.4,878.72,878.72
2019-01-03 11:00:00,878.51,880.69,877.67,878.03
2019-01-03 13:00:00,876.58,876.58,872.12,873.66
2019-01-03 14:00:00,873.46,878.22,873.44,878.22
2019-01-04 09:00:00,872.69,872.69,861.85,869.31
2019-01-04 10:00:00,869.28,873.42,864.78,873.42
2019-01-04 11:00:00,873.57,874.63,870.94,872.89
2019-01-04 13:00:00,872.42,878.55,872.05,878.55
2019-01-04 14:00:00,878.46,881.48,877.7,880.9
2019-01-07 09:00:00,890.47,892.54,888.66,891.18
2019-01-07 10:00:00,891.16,896.63,890.4,890.4
2019-01-07 11:00:00,891.4,892.96,888.98,889.45
2019-01-07 13:00:00,889.35,890.05,885.3,887.43
2019-01-07 14:00:00,887.48,889.64,886.19,889.64
2019-01-08 09:00:00,891.37,891.87,884.46,887.08
2019-01-08 10:00:00,887.1,887.11,884.27,885.22
2019-01-08 11:00:00,886.31,886.31,885.01,885.53
2019-01-08 13:00:00,885.55,885.55,883.67,884.76
2019-01-08 14:00:00,883.86,887.83,883.79,887.81
2019-01-09 09:00:00,890.26,892.16,888.61,890.85
2019-01-09 10:00:00,889.78,894.46,889.78,894.36
2019-01-09 11:00:00,894.53,897.25,894.53,896.79
2019-01-09 13:00:00,896.94,896.94,893.17,894.82
2019-01-09 14:00:00,894.88,896.99,893.73,896.99
2019-01-10 09:00:00,897.85,898.58,895.17,895.17
2019-01-10 10:00:00,895.8,898.86,895.8,898.86
2019-01-10 11:00:00,898.9,899.47,898.06,898.89
2019-01-10 13:00:00,898.94,899.15,896.46,897.04
2019-01-10 14:00:00,897.28,898.3,897.08,898.3
2019-01-11 09:00:00,899.1,902.23,899.1,900.09
2019-01-11 10:00:00,900.81,903.22,900.1,902.5
2019-01-11 11:00:00,902.53,903.21,902.19,902.28
2019-01-11 13:00:00,901.72,904.37,901.72,903.83
2019-01-11 14:00:00,903.75,904.17,900.48,902.71
2019-01-14 09:00:00,903.83,903.83,900.62,901.61
2019-01-14 10:00:00,901.1,901.72,898.15,899.0
2019-01-14 11:00:00,899.25,899.32,897.87,898.76
2019-01-14 13:00:00,898.78,899.46,897.18,899.46
2019-01-14 14:00:00,899.34,901.8,899.11,901.8
2019-01-15 09:00:00,901.21,903.27,899.2,902.52
2019-01-15 10:00:00,902.56,904.7,902.32,904.4
2019-01-15 11:00:00,904.46,907.3,904.46,907.16
2019-01-15 13:00:00,907.38,908.6,906.57,906.69
2019-01-15 14:00:00,906.59,909.68,906.59,909.68
2019-01-16 09:00:00,911.32,912.48,907.9,908.19
2019-01-16 10:00:00,907.95,909.9,907.63,909.67
2019-01-16 11:00:00,909.77,909.79,909.32,909.43
2019-01-16 13:00:00,909.3,909.49,906.39,907.04
2019-01-16 14:00:00,906.58,910.63,906.58,908.7
2019-01-17 09:00:00,908.48,909.06,906.79,907.83
2019-01-17 10:00:00,908.13,908.42,906.4,907.51
2019-01-17 11:00:00,907.37,907.46,906.4,907.21
2019-01-17 13:00:00,907.19,908.62,906.81,907.21
2019-01-17 14:00:00,906.7,907.27,901.89,901.89
2019-01-18 09:00:00,902.41,906.35,902.3,904.49
2019-01-18 10:00:00,904.45,904.47,900.64,901.76
2019-01-18 11:00:00,901.31,902.81,901.31,901.93
2019-01-18 13:00:00,902.41,905.28,902.06,903.83
2019-01-18 14:00:00,904.3,904.35,902.3,902.3
2019-01-21 09:00:00,904.7,906.01,903.09,903.75
2019-01-21 10:00:00,903.71,905.01,903.64,904.29
2019-01-21 11:00:00,904.7,907.23,904.7,907.23
2019-01-21 13:00:00,907.35,911.74,906.98,911.3
2019-01-21 14:00:00,911.18,911.18,910.42,910.66
2019-01-22 09:00:00,912.73,913.37,911.22,911.26
2019-01-22 10:00:00,911.38,912.94,911.28,911.53
2019-01-22 11:00:00,911.74,912.15,911.37,912.15
2019-01-22 13:00:00,911.8,911.8,908.82,909.31
2019-01-22 14:00:00,909.51,909.88,906.55,906.55
2019-01-23 09:00:00,905.12,907.25,905.12,907.25
2019-01-23 10:00:00,907.06,907.89,905.67,906.47
2019-01-23 11:00:00,906.57,906.82,906.18,906.18
2019-01-23 13:00:00,906.1,909.74,905.7,909.58
2019-01-23 14:00:00,909.62,910.12,907.64,908.08
2019-01-24 09:00:00,908.76,910.59,908.43,910.09
2019-01-24 10:00:00,909.68,909.96,906.59,906.59
2019-01-24 11:00:00,906.7,908.12,906.7,907.77
2019-01-24 13:00:00,907.61,908.81,906.67,908.57
2019-01-24 14:00:00,908.6,908.6,907.58,907.92
2019-01-25 09:00:00,908.86,911.59,908.86,909.61
2019-01-25 10:00:00,909.61,909.61,908.17,908.35
2019-01-25 11:00:00,908.4,908.78,908.16,908.65
2019-01-25 13:00:00,909.17,909.75,908.41,908.83
2019-01-25 14:00:00,908.62,908.88,907.96,908.88
2019-01-28 09:00:00,912.67,913.43,910.54,911.14
2019-01-28 10:00:00,911.56,911.92,910.34,910.81
2019-01-28 11:00:00,911.14,911.37,910.88,911.0
2019-01-28 13:00:00,910.78,911.89,909.59,909.59
2019-01-28 14:00:00,909.49,912.18,908.9,912.18
2019-01-29 09:00:00,913.67,913.67,907.67,909.0
2019-01-29 10:00:00,908.82,909.73,907.09,907.93
2019-01-29 11:00:00,909.05,909.83,908.67,909.46
2019-01-29 13:00:00,909.75,912.37,909.75,912.24
2019-01-29 14:00:00,911.99,915.93,911.45,915.93
2019-01-30 09:00:00,914.08,917.8,913.99,914.45
2019-01-30 10:00:00,914.52,915.1,913.48,915.08
2019-01-30 11:00:00,915.18,916.55,915.07,916.43
2019-01-30 13:00:00,916.36,917.11,915.89,915.89
2019-01-30 14:00:00,915.75,916.43,914.79,915.84
2019-01-31 09:00:00,919.12,920.36,916.59,917.22
2019-01-31 10:00:00,917.05,917.44,914.22,914.62
2019-01-31 11:00:00,914.49,914.49,912.6,912.6
2019-01-31 13:00:00,913.03,913.03,910.53,910.56
2019-01-31 14:00:00,910.45,911.65,910.38,910.65
2019-02-01 09:00:00,911.98,912.17,909.25,911.33
2019-02-01 10:00:00,911.25,911.59,908.19,908.69
2019-02-01 11:00:00,909.69,909.69,908.38,909.14
2019-02-01 13:00:00,909.42,909.9,907.59,909.27
2019-02-01 14:00:00,909.38,912.81,908.67,908.67
2019-02-11 09:00:00,916.98,917.63,915.86,917.09
2019-02-11 10:00:00,917.1,920.5,916.96,918.67
2019-02-11 11:00:00,918.62,919.21,918.62,919.21
2019-02-11 13:00:00,919.57,921.83,919.52,921.28
2019-02-11 14:00:00,921.21,922.45,920.93,922.45
2019-02-12 09:00:00,930.37,933.73,926.98,933.73
2019-02-12 10:00:00,933.7,933.74,931.98,933.31
2019-02-12 11:00:00,933.39,936.87,933.39,936.87
2019-02-12 13:00:00,937.29,938.64,934.77,934.91
2019-02-12 14:00:00,935.18,937.22,935.18,937.22
2019-02-13 09:00:00,937.61,940.96,937.34,940.23
2019-02-13 10:00:00,940.12,941.14,938.9,939.13
2019-02-13 11:00:00,939.35,940.57,939.18,940.38
2019-02-13 13:00:00,940.85,943.67,940.83,943.67
2019-02-13 14:00:00,943.76,945.25,942.99,945.25
2019-02-14 09:00:00,946.54,953.66,945.99,950.35
2019-02-14 10:00:00,950.39,952.26,949.28,951.08
2019-02-14 11:00:00,951.02,951.52,950.68,950.68
2019-02-14 13:00:00,950.12,952.95,949.33,952.95
2019-02-14 14:00:00,952.97,953.06,951.69,952.34
2019-02-15 09:00:00,951.9,952.38,948.26,951.84
2019-02-15 10:00:00,951.63,952.14,950.52,950.73
2019-02-15 11:00:00,950.56,951.97,950.56,951.97
2019-02-15 13:00:00,951.47,955.4,951.47,953.03
2019-02-15 14:00:00,952.79,952.79,949.97,950.89
2019-02-18 09:00:00,954.85,957.13,954.85,956.6
2019-02-18 10:00:00,956.94,957.16,953.32,954.61
2019-02-18 11:00:00,955.0,955.0,953.73,953.73
2019-02-18 13:00:00,953.66,957.17,953.38,957.0
2019-02-18 14:00:00,957.46,961.3,957.46,961.3
2019-02-19 09:00:00,962.84,968.99,962.81,965.99
2019-02-19 10:00:00,965.98,967.75,965.62,967.39
2019-02-19 11:00:00,967.09,967.79,966.9,967.36
2019-02-19 13:00:00,967.12,971.92,966.99,969.95
2019-02-19 14:00:00,969.78,969.78,964.19,964.35
2019-02-20 09:00:00,963.29,970.01,963.29,966.92
2019-02-20 10:00:00,967.01,969.87,964.63,969.79
2019-02-20 11:00:00,969.88,972.36,969.81,972.07
2019-02-20 13:00:00,971.13,972.75,968.69,970.28
2019-02-20 14:00:00,970.47,970.58,969.61,970.58
2019-02-21 09:00:00,970.79,976.27,970.57,976.16
2019-02-21 10:00:00,975.63,976.19,973.88,974.13
2019-02-21 11:00:00,974.08,977.95,974.08,977.95
2019-02-21 13:00:00,977.76,981.43,977.76,978.22
2019-02-21 14:00:00,978.39,978.96,977.29,978.39
2019-02-22 09:00:00,983.99,991.4,982.86,986.77
2019-02-22 10:00:00,985.85,992.18,985.85,990.32
2019-02-22 11:00:00,990.03,992.8,989.35,992.56
2019-02-22 13:00:00,992.68,993.16,990.13,990.48
2019-02-22 14:00:00,990.22,990.22,988.42,988.91
2019-02-25 09:00:00,996.06,998.19,995.23,997.5
2019-02-25 10:00:00,997.68,999.67,994.98,995.84
2019-02-25 11:00:00,995.69,996.26,994.97,995.83
2019-02-25 13:00:00,995.73,997.64,995.7,997.14
2019-02-25 14:00:00,996.88,996.97,992.72,994.43
2019-02-26 09:00:00,992.29,996.34,991.71,991.71
2019-02-26 10:00:00,991.03,991.85,987.76,991.1
2019-02-26 11:00:00,990.88,991.12,989.86,990.22
2019-02-26 13:00:00,989.93,990.67,981.17,981.28
2019-02-26 14:00:00,981.12,987.06,979.24,987.06
2019-02-27 09:00:00,989.61,994.46,988.09,989.71
2019-02-27 10:00:00,988.86,992.79,988.86,992.46
2019-02-27 11:00:00,992.07,992.07,989.93,990.0
2019-02-27 13:00:00,990.2,991.28,989.3,989.37
2019-02-27 14:00:00,989.17,989.24,988.09,989.24
2019-02-28 09:00:00,989.84,990.25,985.79,986.03
2019-02-28 10:00:00,985.91,988.16,983.84,988.16
2019-02-28 11:00:00,988.07,988.15,985.32,985.63
2019-02-28 13:00:00,985.67,985.67,973.32,977.41
2019-02-28 14:00:00,979.59,980.32,970.63,971.99
2019-03-01 09:00:00,971.05,975.35,970.54,971.73
2019-03-01 10:00:00,971.6,973.6,971.04,972.05
2019-03-01 11:00:00,972.09,974.19,972.09,974.15
2019-03-01 13:00:00,975.54,979.8,975.35,978.1
2019-03-01 14:00:00,977.7,980.82,977.7,980.82
2019-03-04 09:00:00,985.97,988.29,983.33,986.56
2019-03-04 10:00:00,987.29,992.08,985.5,991.58
2019-03-04 11:00:00,991.36,991.86,989.52,991.86
2019-03-04 13:00:00,992.01,994.46,992.01,993.22
2019-03-04 14:00:00,993.35,993.51,991.85,991.85
2019-03-05 09:00:00,990.08,994.28,987.92,992.75
2019-03-05 10:00:00,993.04,997.6,993.04,997.6
2019-03-05 11:00:00,997.8,1000.01,997.67,999.79
2019-03-05 13:00:00,1000.04,1000.25,994.54,995.6
2019-03-05 14:00:00,995.83,995.83,991.74,992.45
2019-03-06 09:00:00,993.01,994.49,990.59,990.59
2019-03-06 10:00:00,989.56,992.23,989.4,990.17
2019-03-06 11:00:00,989.9,989.93,986.3,987.33
2019-03-06 13:00:00,987.65,990.81,985.51,990.6
2019-03-06 14:00:00,990.64,994.49,989.76,994.49
2019-03-07 09:00:00,995.65,1004.55,995.65,1001.28
2019-03-07 10:00:00,1001.03,1001.18,998.31,1001.05
2019-03-07 11:00:00,1001.3,1003.11,1001.18,1002.37
2019-03-07 13:00:00,1002.44,1002.58,996.87,997.58
2019-03-07 14:00:00,997.53,999.63,994.03,994.03
2019-03-08 09:00:00,987.6,991.98,985.57,990.63
2019-03-08 10:00:00,990.34,990.57,988.08,988.27
2019-03-08 11:00:00,988.11,988.11,985.78,985.86
2019-03-08 13:00:00,985.18,989.74,984.68,989.47
2019-03-08 14:00:00,989.09,989.1,985.24,985.25
2019-03-11 09:00:00,983.89,986.9,981.47,986.55
2019-03-11 10:00:00,985.75,986.27,984.12,984.47
2019-03-11 11:00:00,984.27,984.27,981.56,982.14
2019-03-11 13:00:00,981.85,982.97,981.44,982.9
2019-03-11 14:00:00,982.56,987.07,982.56,986.32
2019-03-12 09:00:00,991.14,992.89,990.91,991.15
2019-03-12 10:00:00,991.18,994.79,990.82,994.79
2019-03-12 11:00:00,994.88,994.88,993.67,993.67
2019-03-12 13:00:00,993.63,993.81,991.83,991.83
2019-03-12 14:00:00,991.63,998.64,991.54,998.64
2019-03-13 09:00:00,1003.75,1009.22,1003.01,1007.07
2019-03-13 10:00:00,1007.36,1009.77,1004.87,1005.54
2019-03-13 11:00:00,1004.37,1006.85,1004.37,1006.78
2019-03-13 13:00:00,1006.88,1007.96,1005.63,1005.63
2019-03-13 14:00:00,1005.77,1006.63,1004.27,1005.41
2019-03-14 09:00:00,1006.37,1006.37,1002.39,1002.39
2019-03-14 10:00:00,1002.31,1005.8,1002.09,1004.89
2019-03-14 11:00:00,1004.91,1007.57,1004.91,1007.21
2019-03-14 13:00:00,1007.94,1011.39,1007.94,1010.54
2019-03-14 14:00:00,1010.6,1010.75,1008.44,1008.44
2019-03-15 09:00:00,1007.41,1007.41,1004.36,1004.36
2019-03-15 10:00:00,1004.49,1007.75,1004.49,1005.04
2019-03-15 11:00:00,1005.12,1006.04,1004.81,1004.97
2019-03-15 13:00:00,1005.07,1005.19,1001.17,1003.54
2019-03-15 14:00:00,1003.82,1004.12,1002.23,1004.12
2019-03-18 09:00:00,1004.12,1011.2,1004.12,1009.8
2019-03-18 10:00:00,1009.46,1010.84,1009.46,1010.28
2019-03-18 11:00:00,1009.8,1010.48,1008.82,1009.55
2019-03-18 13:00:00,1009.92,1012.34,1009.4,1012.34
2019-03-18 14:00:00,1012.31,1013.29,1011.86,1011.86
2019-03-19 09:00:00,1013.75,1014.51,1009.46,1011.41
2019-03-19 10:00:00,1011.28,1011.69,1010.05,1011.21
2019-03-19 11:00:00,1010.84,1012.56,1010.83,1012.48
2019-03-19 13:00:00,1013.21,1013.31,1005.37,1005.37
2019-03-19 14:00:00,1004.22,1007.91,1004.22,1006.59
2019-03-20 09:00:00,1001.48,1003.19,998.81,998.81
2019-03-20 10:00:00,998.5,999.59,997.43,997.7
2019-03-20 11:00:00,997.57,998.33,992.02,994.43
2019-03-20 13:00:00,994.71,999.62,994.56,999.13
2019-03-20 14:00:00,999.52,1002.3,999.51,1002.3
2019-03-21 09:00:00,1005.12,1006.13,1002.91,1003.04
2019-03-21 10:00:00,1002.87,1003.25,999.27,1001.65
2019-03-21 11:00:00,1001.13,1003.29,1001.13,1003.22
2019-03-21 13:00:00,1003.64,1005.62,1001.6,1001.6
2019-03-21 14:00:00,1001.53,1001.68,988.71,988.73
2019-03-22 09:00:00,986.62,990.07,981.96,985.25
2019-03-22 10:00:00,985.53,986.48,981.56,983.89
2019-03-22 11:00:00,984.43,984.96,983.37,984.52
2019-03-22 13:00:00,984.94,988.62,984.94,988.55
2019-03-22 14:00:00,988.76,989.41,987.26,988.71
2019-03-25 09:00:00,967.83,972.66,966.11,972.41
2019-03-25 10:00:00,971.92,973.84,969.54,973.74
2019-03-25 11:00:00,973.52,973.52,970.11,970.52
2019-03-25 13:00:00,971.02,971.04,965.92,966.94
2019-03-25 14:00:00,966.42,970.07,964.88,970.07
2019-03-26 09:00:00,970.07,978.99,970.07,975.27
2019-03-26 10:00:00,975.2,975.2,970.74,971.58
2019-03-26 11:00:00,971.61,971.7,969.88,969.88
2019-03-26 13:00:00,969.49,970.58,966.9,969.4
2019-03-26 14:00:00,968.74,971.63,967.91,969.79
2019-03-27 09:00:00,976.18,976.48,972.25,974.52
2019-03-27 10:00:00,973.58,975.54,973.52,975.54
2019-03-27 11:00:00,975.63,979.32,975.52,979.08
2019-03-27 13:00:00,979.01,979.13,976.87,977.07
2019-03-27 14:00:00,977.04,977.25,975.91,975.91
2019-03-28 09:00:00,973.44,976.57,972.6,975.97
2019-03-28 10:00:00,975.64,980.95,975.11,978.67
2019-03-28 11:00:00,978.91,979.07,978.29,978.56
2019-03-28 13:00:00,978.11,983.18,978.02,983.18
2019-03-28 14:00:00,982.83,983.12,982.27,982.98
2019-03-29 09:00:00,986.26,988.24,984.38,985.98
2019-03-29 10:00:00,986.11,987.07,984.8,986.92
2019-03-29 11:00:00,986.82,987.07,985.33,985.33
2019-03-29 13:00:00,985.73,985.73,984.27,984.36
2019-03-29 14:00:00,984.17,986.48,980.76,980.76
2019-04-01 09:00:00,984.89,986.71,984.74,986.69
2019-04-01 10:00:00,986.76,986.91,983.97,983.97
2019-04-01 11:00:00,983.64,984.76,982.8,984.76
2019-04-01 13:00:00,984.63,987.31,984.63,986.95
2019-04-01 14:00:00,987.22,988.53,986.39,988.53
2019-04-02 09:00:00,994.87,996.41,992.17,992.47
2019-04-02 10:00:00,992.7,993.4,991.83,991.83
2019-04-02 11:00:00,992.17,992.21,991.5,991.94
2019-04-02 13:00:00,991.97,992.34,988.47,988.48
2019-04-02 14:00:00,988.16,988.16,985.48,985.81
2019-04-03 09:00:00,984.74,985.26,980.61,982.92
2019-04-03 10:00:00,982.46,985.12,982.03,984.4
2019-04-03 11:00:00,984.0,984.68,983.89,984.07
2019-04-03 13:00:00,984.12,984.95,980.3,982.91
2019-04-03 14:00:00,983.05,984.98,983.05,984.46
2019-04-04 09:00:00,987.47,988.27,986.04,986.58
2019-04-04 10:00:00,986.71,989.08,985.57,985.57
2019-04-04 11:00:00,985.4,985.4,982.94,984.69
2019-04-04 13:00:00,984.99,987.34,984.0,986.95
2019-04-04 14:00:00,986.92,988.14,985.85,986.91
2019-04-05 09:00:00,986.91,989.22,986.91,986.94
2019-04-05 10:00:00,986.69,987.94,986.46,987.31
2019-04-05 11:00:00,987.41,988.78,987.29,988.75
2019-04-05 13:00:00,988.69,990.0,988.69,989.53
2019-04-05 14:00:00,989.16,990.38,988.95,990.07
2019-04-08 09:00:00,989.26,993.7,989.26,990.98
2019-04-08 10:00:00,990.6,991.38,989.33,991.38
2019-04-08 11:00:00,991.34,993.89,991.07,993.89
2019-04-08 13:00:00,993.67,994.17,992.63,993.38
2019-04-08 14:00:00,993.24,997.56,993.24,997.56
2019-04-09 09:00:00,999.55,999.55,995.72,998.18
2019-04-09 10:00:00,998.22,998.79,995.45,995.45
2019-04-09 11:00:00,994.68,994.68,992.01,993.23
2019-04-09 13:00:00,993.21,995.73,990.74,990.96
2019-04-09 14:00:00,991.01,991.51,987.82,988.48
2019-04-10 09:00:00,984.79,986.5,983.54,986.42
2019-04-10 10:00:00,986.84,987.27,977.35,977.35
2019-04-10 11:00:00,977.46,981.79,976.83,981.79
2019-04-10 13:00:00,981.56,985.09,981.56,981.94
2019-04-10 14:00:00,982.41,983.0,981.42,981.91
2019-04-11 09:00:00,984.46,985.68,981.47,981.48
2019-04-11 10:00:00,981.46,983.21,981.06,981.96
2019-04-11 11:00:00,982.16,983.47,982.01,983.23
2019-04-11 13:00:00,983.27,984.41,982.14,982.16
2019-04-11 14:00:00,982.05,985.95,982.0,985.95
2019-04-12 09:00:00,984.66,984.66,980.26,983.37
2019-04-12 10:00:00,983.96,984.69,982.0,982.29
2019-04-12 11:00:00,982.5,982.77,981.64,982.24
2019-04-12 13:00:00,981.88,983.63,981.04,982.15
2019-04-12 14:00:00,983.35,984.35,982.9,982.9
2019-04-16 09:00:00,966.38,971.82,963.06,971.82
2019-04-16 10:00:00,971.91,972.83,971.15,972.33
2019-04-16 11:00:00,972.59,972.59,969.98,970.08
2019-04-16 13:00:00,970.15,978.35,970.07,978.35
2019-04-16 14:00:00,978.39,978.39,976.29,977.17
2019-04-17 09:00:00,978.86,980.71,978.56,978.73
2019-04-17 10:00:00,978.86,978.86,976.0,977.16
2019-04-17 11:00:00,977.06,977.5,976.48,977.41
2019-04-17 13:00:00,978.05,978.42,977.32,977.64
2019-04-17 14:00:00,977.5,977.64,972.1,972.1
2019-04-18 09:00:00,969.5,972.49,968.65,972.49
2019-04-18 10:00:00,972.7,973.73,972.22,972.74
2019-04-18 11:00:00,972.61,972.61,966.27,966.31
2019-04-18 13:00:00,965.56,967.4,962.1,966.69
2019-04-18 14:00:00,966.83,966.83,962.3,962.3
2019-04-19 09:00:00,968.27,971.73,966.26,966.26
2019-04-19 10:00:00,966.12,967.02,965.68,966.13
2019-04-19 11:00:00,966.17,966.44,965.51,966.34
2019-04-19 13:00:00,966.24,967.76,966.23,967.34
2019-04-19 14:00:00,966.81,968.65,966.41,967.16
2019-04-22 09:00:00,963.78,964.18,960.95,961.8
2019-04-22 10:00:00,961.7,962.62,959.88,959.88
2019-04-22 11:00:00,960.01,963.17,959.33,963.17
2019-04-22 13:00:00,963.11,966.69,962.23,963.99
2019-04-22 14:00:00,963.97,965.86,962.44,965.86
2019-04-23 09:00:00,964.84,967.32,964.84,966.32
2019-04-23 10:00:00,966.04,966.05,964.4,964.8
2019-04-23 11:00:00,964.73,965.16,964.35,965.16
2019-04-23 13:00:00,965.05,970.98,964.9,969.3
2019-04-23 14:00:00,969.76,969.79,966.61,968.0
2019-04-24 09:00:00,969.66,975.72,969.66,974.41
2019-04-24 10:00:00,974.19,976.64,973.35,975.68
2019-04-24 11:00:00,975.85,976.87,975.52,976.87
2019-04-24 13:00:00,976.71,977.91,976.51,977.3
2019-04-24 14:00:00,977.65,978.3,977.05,977.6
2019-04-25 09:00:00,974.66,975.52,971.92,975.52
2019-04-25 10:00:00,975.35,975.82,972.98,972.98
2019-04-25 11:00:00,973.23,974.2,972.54,974.2
2019-04-25 13:00:00,974.39,974.44,972.51,974.21
2019-04-25 14:00:00,974.25,974.25,973.11,973.11
2019-04-26 09:00:00,972.86,975.94,971.33,974.68
2019-04-26 10:00:00,974.74,976.89,974.53,975.59
2019-04-26 11:00:00,975.58,976.52,975.31,976.52
2019-04-26 13:00:00,976.6,978.29,976.35,977.48
2019-04-26 14:00:00,977.38,978.46,976.96,978.46
2019-05-02 09:00:00,978.81,979.93,976.56,976.56
2019-05-02 10:00:00,976.59,978.87,976.37,978.02
2019-05-02 11:00:00,978.0,978.16,977.25,977.65
2019-05-02 13:00:00,977.66,978.06,975.85,976.63
2019-05-02 14:00:00,976.6,978.33,976.02,978.33
2019-05-03 09:00:00,976.77,976.77,971.75,975.99
2019-05-03 10:00:00,975.81,977.13,975.37,976.78
2019-05-03 11:00:00,976.42,976.64,975.91,975.91
2019-05-03 13:00:00,975.33,975.33,972.8,972.8
2019-05-03 14:00:00,972.99,974.14,972.67,974.14
2019-05-06 09:00:00,963.27,964.89,960.42,960.77
2019-05-06 10:00:00,959.55,959.84,956.23,958.75
2019-05-06 11:00:00,959.6,961.1,959.28,961.09
2019-05-06 13:00:00,961.03,961.03,955.57,955.57
2019-05-06 14:00:00,955.79,958.02,955.41,958.02
2019-05-07 09:00:00,961.31,965.61,961.23,961.25
2019-05-07 10:00:00,961.36,961.36,958.23,959.38
2019-05-07 11:00:00,959.09,959.1,957.67,958.3
2019-05-07 13:00:00,958.13,961.24,957.65,960.19
2019-05-07 14:00:00,957.94,957.94,955.42,957.9
2019-05-08 09:00:00,950.1,951.39,947.86,949.99
2019-05-08 10:00:00,950.32,953.33,949.3,952.42
2019-05-08 11:00:00,952.64,953.71,952.12,953.29
2019-05-08 13:00:00,952.75,952.99,949.72,952.55
2019-05-08 14:00:00,952.37,952.86,950.18,951.22
2019-05-09 09:00:00,950.66,953.66,950.51,951.01
2019-05-09 10:00:00,950.73,950.9,949.43,950.33
2019-05-09 11:00:00,950.38,950.59,949.61,949.92
2019-05-09 13:00:00,949.12,949.3,944.91,947.16
2019-05-09 14:00:00,947.12,948.26,945.61,947.01
2019-05-10 09:00:00,951.09,953.92,950.96,951.36
2019-05-10 10:00:00,951.14,951.44,949.13,949.13
2019-05-10 11:00:00,949.4,949.94,948.21,948.21
2019-05-10 13:00:00,947.85,952.91,947.85,952.18
2019-05-10 14:00:00,952.12,952.24,951.09,952.11
2019-05-13 09:00:00,952.11,955.43,951.88,955.06
2019-05-13 10:00:00,955.01,956.93,954.68,956.71
2019-05-13 11:00:00,956.63,957.1,955.73,957.01
2019-05-13 13:00:00,957.0,957.44,956.2,957.44
2019-05-13 14:00:00,957.19,958.54,956.62,958.54
2019-05-14 09:00:00,952.13,959.76,952.13,957.28
2019-05-14 10:00:00,957.63,960.36,957.45,958.01
2019-05-14 11:00:00,957.87,958.14,957.25,958.14
2019-05-14 13:00:00,959.06,962.16,958.68,961.84
2019-05-14 14:00:00,961.71,965.34,961.54,965.34
2019-05-15 09:00:00,967.95,972.94,967.95,969.6
2019-05-15 10:00:00,969.3,973.47,968.69,973.47
2019-05-15 11:00:00,973.12,973.35,971.72,972.53
2019-05-15 13:00:00,972.44,975.12,972.44,975.12
2019-05-15 14:00:00,975.59,977.52,975.41,975.64
2019-05-16 09:00:00,976.96,980.16,976.19,976.69
2019-05-16 10:00:00,976.45,979.27,976.08,976.75
2019-05-16 11:00:00,977.33,977.69,976.5,977.08
2019-05-16 13:00:00,977.07,981.22,976.97,980.42
2019-05-16 14:00:00,979.78,979.78,975.69,975.69
2019-05-17 09:00:00,977.85,980.04,977.1,979.13
2019-05-17 10:00:00,977.5,978.24,975.63,976.66
2019-05-17 11:00:00,976.52,976.69,975.41,975.94
2019-05-17 13:00:00,976.02,976.66,975.06,976.47
2019-05-17 14:00:00,976.23,976.71,975.35,976.48
2019-05-20 09:00:00,975.95,977.14,974.47,976.58
2019-05-20 10:00:00,976.5,981.85,975.98,981.85
2019-05-20 11:00:00,981.87,983.1,981.55,981.95
2019-05-20 13:00:00,982.34,986.37,982.21,985.1
2019-05-20 14:00:00,985.44,987.13,985.39,987.13
2019-05-21 09:00:00,988.66,991.3,988.66,991.3
2019-05-21 10:00:00,991.04,992.84,989.52,990.62
2019-05-21 11:00:00,990.51,990.63,989.95,990.63
2019-05-21 13:00:00,989.68,990.83,986.15,986.15
2019-05-21 14:00:00,986.2,987.5,986.07,986.29
2019-05-22 09:00:00,986.66,990.93,986.66,990.93
2019-05-22 10:00:00,991.57,992.17,990.95,991.34
2019-05-22 11:00:00,990.82,990.82,989.85,990.06
2019-05-22 13:00:00,989.84,989.89,984.68,985.1
2019-05-22 14:00:00,985.22,985.33,982.68,983.78
2019-05-23 09:00:00,982.0,983.2,979.39,982.56
2019-05-23 10:00:00,983.72,984.5,981.16,981.17
2019-05-23 11:00:00,980.89,980.89,979.6,980.13
2019-05-23 13:00:00,980.14,980.26,978.05,980.26
2019-05-23 14:00:00,980.27,983.26,980.27,982.71
2019-05-24 09:00:00,976.43,979.26,975.49,977.5
2019-05-24 10:00:00,977.55,983.14,977.55,980.77
2019-05-24 11:00:00,980.95,980.95,978.12,978.12
2019-05-24 13:00:00,978.35,978.35,972.15,972.3
2019-05-24 14:00:00,972.61,973.68,970.62,971.02
2019-05-27 09:00:00,970.41,974.32,970.41,972.98
2019-05-27 10:00:00,973.09,973.89,971.96,973.34
2019-05-27 11:00:00,973.29,973.72,973.06,973.06
2019-05-27 13:00:00,972.84,974.42,972.6,973.74
2019-05-27 14:00:00,973.75,975.22,973.17,975.14
2019-05-28 09:00:00,977.02,978.09,973.46,973.46
2019-05-28 10:00:00,973.6,973.6,970.94,972.1
2019-05-28 11:00:00,971.92,972.28,971.21,971.41
2019-05-28 13:00:00,971.96,972.33,969.59,971.44
2019-05-28 14:00:00,971.57,978.8,971.57,972.0
2019-05-29 09:00:00,972.73,973.44,971.87,971.87
2019-05-29 10:00:00,972.19,973.04,969.69,970.57
2019-05-29 11:00:00,970.23,971.53,970.16,970.18
2019-05-29 13:00:00,969.8,973.78,969.55,973.55
2019-05-29 14:00:00,974.8,974.96,971.86,972.35
2019-05-30 09:00:00,969.72,973.81,967.21,973.06
2019-05-30 10:00:00,973.01,973.34,972.2,973.08
2019-05-30 11:00:00,973.29,974.41,973.29,973.8
2019-05-30 13:00:00,974.14,974.56,972.28,972.53
2019-05-30 14:00:00,972.55,972.68,969.34,969.34
2019-05-31 09:00:00,968.53,969.52,967.01,967.9
2019-05-31 10:00:00,967.06,967.06,963.77,966.8
2019-05-31 11:00:00,966.66,966.97,966.18,966.77
2019-05-31 13:00:00,966.97,968.51,965.35,965.35
2019-05-31 14:00:00,965.19,965.19,959.88,959.88
2019-06-03 09:00:00,953.94,955.78,949.88,950.58
2019-06-03 10:00:00,950.19,952.27,947.7,952.27
2019-06-03 11:00:00,952.42,953.53,951.98,951.99
2019-06-03 13:00:00,951.41,954.37,950.65,953.71
2019-06-03 14:00:00,953.03,953.03,944.31,946.47
2019-06-04 09:00:00,946.54,950.93,944.32,944.84
2019-06-04 10:00:00,944.52,947.93,943.47,947.93
2019-06-04 11:00:00,948.42,950.14,947.91,950.14
2019-06-04 13:00:00,950.57,951.42,943.21,943.63
2019-06-04 14:00:00,943.9,951.16,943.9,951.16
2019-06-05 09:00:00,956.46,958.39,955.96,957.18
2019-06-05 10:00:00,957.21,957.21,953.6,954.44
2019-06-05 11:00:00,954.64,954.95,953.35,954.55
2019-06-05 13:00:00,954.15,955.78,952.62,952.75
2019-06-05 14:00:00,952.72,953.03,951.39,951.41
2019-06-06 09:00:00,951.41,951.41,949.99,950.93
2019-06-06 10:00:00,950.95,951.28,948.4,948.4
2019-06-06 11:00:00,947.25,947.81,946.68,946.68
2019-06-06 13:00:00,946.56,947.14,942.95,945.78
2019-06-06 14:00:00,945.82,948.21,940.03,948.21
2019-06-07 09:00:00,951.11,954.69,950.94,951.7
2019-06-07 10:00:00,952.8,952.86,950.94,951.52
2019-06-07 11:00:00,951.64,952.14,951.09,951.5
2019-06-07 13:00:00,951.54,955.36,950.98,954.69
2019-06-07 14:00:00,954.98,958.28,954.46,958.28
2019-06-10 09:00:00,963.78,965.99,963.78,963.78
2019-06-10 10:00:00,963.77,965.65,963.65,964.75
2019-06-10 11:00:00,964.69,964.91,963.6,963.6
2019-06-10 13:00:00,964.82,966.68,959.78,962.3
2019-06-10 14:00:00,962.38,962.9,960.5,962.9
2019-06-11 09:00:00,962.43,963.57,960.54,961.81
2019-06-11 10:00:00,961.65,961.65,959.98,961.62
2019-06-11 11:00:00,961.87,963.49,961.87,963.49
2019-06-11 13:00:00,963.4,964.51,963.4,964.19
2019-06-11 14:00:00,963.86,964.06,962.07,962.07
2019-06-12 09:00:00,960.6,960.6,958.0,959.09
2019-06-12 10:00:00,958.99,960.5,958.72,958.81
2019-06-12 11:00:00,958.59,958.89,957.7,957.7
2019-06-12 13:00:00,956.97,956.97,955.36,955.36
2019-06-12 14:00:00,955.23,955.88,953.83,954.17
2019-06-13 09:00:00,951.26,952.06,948.0,948.42
2019-06-13 10:00:00,948.12,950.03,947.89,948.77
2019-06-13 11:00:00,949.2,949.46,947.84,947.84
2019-06-13 13:00:00,947.15,949.09,946.45,949.09
2019-06-13 14:00:00,948.65,950.08,946.29,950.08
2019-06-14 09:00:00,948.65,953.77,948.65,953.77
2019-06-14 10:00:00,954.39,954.7,951.71,952.3
2019-06-14 11:00:00,952.6,954.0,952.59,953.83
2019-06-14 13:00:00,953.74,953.77,952.01,952.21
2019-06-14 14:00:00,952.1,952.53,951.64,952.53
2019-06-17 09:00:00,954.33,954.95,950.27,950.55
2019-06-17 10:00:00,951.49,952.15,946.75,946.78
2019-06-17 11:00:00,946.17,950.68,945.11,947.97
2019-06-17 13:00:00,947.2,947.2,944.47,946.23
2019-06-17 14:00:00,946.38,948.38,946.38,946.9
2019-06-18 09:00:00,947.0,947.09,944.15,944.54
2019-06-18 10:00:00,944.36,944.36,940.85,940.85
2019-06-18 11:00:00,939.77,942.59,939.77,942.34
2019-06-18 13:00:00,941.7,941.96,941.28,941.53
2019-06-18 14:00:00,941.57,944.01,941.12,944.01
2019-06-19 09:00:00,948.92,950.04,947.26,947.49
2019-06-19 10:00:00,947.36,948.89,947.26,947.62
2019-06-19 11:00:00,947.91,948.34,947.56,947.76
2019-06-19 13:00:00,947.78,948.94,946.83,947.11
2019-06-19 14:00:00,947.7,949.69,947.41,949.69
2019-06-20 09:00:00,949.48,951.91,948.97,949.8
2019-06-20 10:00:00,949.4,956.95,949.29,956.95
2019-06-20 11:00:00,956.08,958.82,955.95,958.13
2019-06-20 13:00:00,958.33,962.2,958.33,961.62
2019-06-20 14:00:00,961.78,962.33,959.18,959.18
2019-06-21 09:00:00,962.69,964.4,961.89,962.24
2019-06-21 10:00:00,962.64,962.72,961.11,961.88
2019-06-21 11:00:00,961.87,961.87,960.41,960.6
2019-06-21 13:00:00,960.66,961.28,960.37,960.67
2019-06-21 14:00:00,960.5,962.11,959.12,959.2
2019-06-24 09:00:00,960.29,962.0,959.9,959.95
2019-06-24 10:00:00,959.9,963.68,959.8,963.68
2019-06-24 11:00:00,964.0,965.44,964.0,964.75
2019-06-24 13:00:00,964.77,967.11,964.57,965.48
2019-06-24 14:00:00,965.37,965.37,962.63,962.85
2019-06-25 09:00:00,961.19,962.7,960.81,961.68
2019-06-25 10:00:00,962.09,962.51,960.06,962.51
2019-06-25 11:00:00,962.5,962.58,961.42,962.4
2019-06-25 13:00:00,962.54,963.19,960.88,960.96
2019-06-25 14:00:00,961.13,961.6,960.06,960.13
2019-06-26 09:00:00,960.13,960.77,958.38,960.77
2019-06-26 10:00:00,960.9,961.02,958.62,959.38
2019-06-26 11:00:00,959.63,962.46,959.63,962.25
2019-06-26 13:00:00,962.65,962.65,960.82,961.93
2019-06-26 14:00:00,961.42,961.42,959.13,959.13
2019-06-27 09:00:00,959.48,959.48,956.94,956.94
2019-06-27 10:00:00,956.88,958.04,955.87,956.53
2019-06-27 11:00:00,956.6,956.89,954.48,954.84
2019-06-27 13:00:00,954.62,955.81,950.96,950.96
2019-06-27 14:00:00,950.68,951.93,949.73,950.16
2019-06-28 09:00:00,944.53,949.32,944.53,946.48
2019-06-28 10:00:00,946.58,946.58,943.09,943.35
2019-06-28 11:00:00,943.07,943.1,939.12,940.93
2019-06-28 13:00:00,941.87,949.63,941.16,948.86
2019-06-28 14:00:00,948.52,949.94,947.81,949.94
2019-07-01 09:00:00,958.92,960.8,958.92,959.72
2019-07-01 10:00:00,959.7,960.91,958.85,958.9
2019-07-01 11:00:00,959.27,959.73,959.25,959.41
2019-07-01 13:00:00,959.87,964.35,959.87,963.98
2019-07-01 14:00:00,963.38,964.91,963.38,964.35
2019-07-02 09:00:00,965.37,966.73,963.11,963.16
2019-07-02 10:00:00,962.83,965.0,962.66,963.59
2019-07-02 11:00:00,963.68,964.11,962.32,962.32
2019-07-02 13:00:00,962.94,962.94,959.8,960.95
2019-07-02 14:00:00,960.74,965.41,960.74,961.98
2019-07-03 09:00:00,960.19,960.39,958.32,959.24
2019-07-03 10:00:00,958.64,961.67,957.08,960.78
2019-07-03 11:00:00,960.6,960.66,958.89,959.31
2019-07-03 13:00:00,958.72,959.96,957.02,959.96
2019-07-03 14:00:00,960.4,960.95,959.99,960.39
2019-07-04 09:00:00,961.78,966.18,961.69,965.15
2019-07-04 10:00:00,965.04,967.35,964.81,967.35
2019-07-04 11:00:00,967.55,969.17,967.47,969.16
2019-07-04 13:00:00,969.34,970.87,968.12,969.43
2019-07-04 14:00:00,968.8,973.04,967.45,973.04
2019-07-05 09:00:00,973.04,974.14,971.27,972.31
2019-07-05 10:00:00,972.33,974.32,970.34,971.65
2019-07-05 11:00:00,971.51,974.17,970.61,973.35
2019-07-05 13:00:00,973.26,973.43,972.2,972.46
2019-07-05 14:00:00,972.54,975.34,971.95,975.34
2019-07-08 09:00:00,972.83,972.83,970.51,971.89
2019-07-08 10:00:00,972.05,972.13,969.76,969.76
2019-07-08 11:00:00,969.86,969.86,968.53,969.38
2019-07-08 13:00:00,969.35,969.54,963.84,964.48
2019-07-08 14:00:00,965.36,968.22,965.36,968.14
2019-07-09 09:00:00,965.24,966.54,963.05,965.81
2019-07-09 10:00:00,965.46,965.52,963.44,964.82
2019-07-09 11:00:00,964.39,966.8,964.39,965.0
2019-07-09 13:00:00,965.07,968.94,963.96,967.16
2019-07-09 14:00:00,967.01,969.05,966.38,969.05
2019-07-10 09:00:00,971.19,974.13,971.19,973.13
2019-07-10 10:00:00,973.48,974.36,972.91,974.21
2019-07-10 11:00:00,974.22,974.63,973.3,973.35
2019-07-10 13:00:00,973.84,974.95,973.84,973.97
2019-07-10 14:00:00,973.88,974.66,972.95,974.18
2019-07-11 09:00:00,976.95,978.03,976.83,977.15
2019-07-11 10:00:00,977.05,977.06,975.03,976.27
2019-07-11 11:00:00,975.32,977.61,975.32,977.56
2019-07-11 13:00:00,976.7,980.02,976.08,979.08
2019-07-11 14:00:00,979.05,979.35,978.3,978.63
2019-07-12 09:00:00,980.11,982.1,977.81,978.61
2019-07-12 10:00:00,978.48,980.21,978.32,980.21
2019-07-12 11:00:00,980.4,981.16,979.83,981.16
2019-07-12 13:00:00,980.49,981.1,976.87,976.94
2019-07-12 14:00:00,977.04,977.62,974.32,975.4
2019-07-15 09:00:00,975.57,975.66,971.55,973.68
2019-07-15 10:00:00,973.18,975.19,972.68,973.08
2019-07-15 11:00:00,972.9,974.53,972.43,973.35
2019-07-15 13:00:00,972.94,975.18,972.8,973.49
2019-07-15 14:00:00,972.75,973.79,970.93,972.53
2019-07-16 09:00:00,975.05,978.24,975.05,977.5
2019-07-16 10:00:00,977.69,980.66,977.31,980.66
2019-07-16 11:00:00,980.86,981.63,977.87,977.98
2019-07-16 13:00:00,977.92,981.44,977.0,980.16
2019-07-16 14:00:00,980.28,982.11,979.75,982.11
2019-07-17 09:00:00,981.49,982.51,979.05,979.79
2019-07-17 10:00:00,980.02,984.66,980.02,984.66
2019-07-17 11:00:00,984.5,985.04,983.46,984.8
2019-07-17 13:00:00,984.79,985.59,982.48,982.48
2019-07-17 14:00:00,982.06,983.37,981.25,982.57
2019-07-18 09:00:00,979.16,979.49,977.75,979.49
2019-07-18 10:00:00,979.23,979.35,977.24,978.82
2019-07-18 11:00:00,978.42,978.72,977.58,978.3
2019-07-18 13:00:00,978.06,978.18,975.01,975.83
2019-07-18 14:00:00,976.04,978.24,975.55,976.05
2019-07-19 09:00:00,978.12,981.78,978.12,981.26
2019-07-19 10:00:00,981.2,982.39,980.48,981.39
2019-07-19 11:00:00,981.23,984.04,981.15,983.66
2019-07-19 13:00:00,983.86,986.12,982.34,982.49
2019-07-19 14:00:00,982.51,982.71,980.75,982.34
2019-07-22 09:00:00,981.17,984.16,980.56,983.87
2019-07-22 10:00:00,983.92,985.13,983.9,983.9
2019-07-22 11:00:00,983.11,983.8,982.2,983.05
2019-07-22 13:00:00,983.0,983.27,980.08,980.53
2019-07-22 14:00:00,980.94,982.86,980.22,982.04
2019-07-23 09:00:00,981.38,987.12,980.22,987.12
2019-07-23 10:00:00,987.0,987.51,985.39,986.84
2019-07-23 11:00:00,986.85,987.67,986.69,987.67
2019-07-23 13:00:00,987.95,989.2,987.84,989.17
2019-07-23 14:00:00,989.04,990.45,988.68,989.46
2019-07-24 09:00:00,993.01,994.85,992.24,993.79
2019-07-24 10:00:00,993.6,993.6,989.49,991.0
2019-07-24 11:00:00,991.47,991.58,988.26,988.41
2019-07-24 13:00:00,988.1,988.66,986.34,987.37
2019-07-24 14:00:00,987.61,988.59,987.61,988.41
2019-07-25 09:00:00,986.85,988.96,986.85,988.91
2019-07-25 10:00:00,988.95,994.5,988.94,994.43
2019-07-25 11:00:00,994.9,995.63,993.49,993.51
2019-07-25 13:00:00,994.07,996.5,993.53,996.05
2019-07-25 14:00:00,996.36,997.49,994.95,994.95
2019-07-26 09:00:00,994.8,996.34,993.33,994.51
2019-07-26 10:00:00,994.66,998.52,994.66,997.39
2019-07-26 11:00:00,997.37,997.51,993.91,994.02
2019-07-26 13:00:00,993.92,995.47,992.97,993.01
2019-07-26 14:00:00,993.33,995.25,993.33,993.35
2019-07-29 09:00:00,994.23,996.21,992.99,995.24
2019-07-29 10:00:00,995.06,995.21,993.25,993.48
2019-07-29 11:00:00,993.51,993.51,988.41,988.48
2019-07-29 13:00:00,988.29,993.65,988.29,993.62
2019-07-29 14:00:00,993.69,997.94,993.39,997.94
2019-07-30 09:00:00,1001.46,1002.77,998.58,998.58
2019-07-30 10:00:00,997.24,1000.67,996.66,997.1
2019-07-30 11:00:00,997.2,998.23,996.65,998.23
2019-07-30 13:00:00,997.85,997.85,994.51,996.14
2019-07-30 14:00:00,996.15,996.76,986.02,986.02
2019-07-31 09:00:00,986.0,987.92,983.1,983.1
2019-07-31 10:00:00,983.25,987.63,982.64,987.54
2019-07-31 11:00:00,987.34,989.04,987.12,989.04
2019-07-31 13:00:00,989.01,989.14,986.6,988.08
2019-07-31 14:00:00,988.12,993.4,987.73,991.66
2019-08-01 09:00:00,993.25,994.32,991.16,993.56
2019-08-01 10:00:00,993.68,993.72,990.88,993.33
2019-08-01 11:00:00,993.47,995.08,993.27,994.41
2019-08-01 13:00:00,994.36,995.94,994.07,995.0
2019-08-01 14:00:00,995.25,997.39,995.25,997.39
2019-08-02 09:00:00,987.55,990.73,985.69,988.26
2019-08-02 10:00:00,988.18,989.49,985.77,989.49
2019-08-02 11:00:00,989.3,990.45,987.42,990.45
2019-08-02 13:00:00,990.4,991.14,988.66,989.88
2019-08-02 14:00:00,990.79,991.39,989.49,991.1
2019-08-05 09:00:00,988.6,988.99,985.34,986.96
2019-08-05 10:00:00,986.94,986.95,983.39,984.11
2019-08-05 11:00:00,984.14,984.56,983.12,984.29
2019-08-05 13:00:00,983.42,983.42,978.25,978.25
2019-08-05 14:00:00,978.01,978.66,973.15,973.15
2019-08-06 09:00:00,960.29,960.8,958.39,958.94
2019-08-06 10:00:00,958.8,963.94,958.66,963.91
2019-08-06 11:00:00,964.02,965.41,963.36,963.96
2019-08-06 13:00:00,963.73,966.15,963.31,964.74
2019-08-06 14:00:00,964.28,964.8,960.45,964.61
2019-08-07 09:00:00,967.18,971.96,966.76,967.62
2019-08-07 10:00:00,967.09,967.53,965.75,966.51
2019-08-07 11:00:00,966.59,967.42,966.12,967.12
2019-08-07 13:00:00,967.16,967.16,961.64,964.11
2019-08-07 14:00:00,964.12,965.93,963.25,965.93
2019-08-08 09:00:00,965.93,967.65,964.8,965.54
2019-08-08 10:00:00,965.34,968.83,964.21,967.51
2019-08-08 11:00:00,967.52,969.88,967.29,969.88
2019-08-08 13:00:00,970.69,975.83,970.27,975.46
2019-08-08 14:00:00,975.37,975.72,973.9,975.24
2019-08-09 09:00:00,976.41,978.69,974.33,975.4
2019-08-09 10:00:00,975.45,977.58,974.9,976.29
2019-08-09 11:00:00,976.43,978.57,975.46,978.57
2019-08-09 13:00:00,978.55,978.64,975.12,975.35
2019-08-09 14:00:00,975.09,977.25,974.34,974.34
2019-08-12 09:00:00,975.38,977.63,974.6,975.03
2019-08-12 10:00:00,975.06,975.64,973.35,975.1
2019-08-12 11:00:00,974.89,975.92,974.86,975.78
2019-08-12 13:00:00,975.73,976.05,973.22,973.32
2019-08-12 14:00:00,973.67,976.01,973.26,975.31
2019-08-13 09:00:00,972.7,973.09,970.1,971.07
2019-08-13 10:00:00,971.04,971.41,969.84,971.1
2019-08-13 11:00:00,970.99,970.99,967.93,969.59
2019-08-13 13:00:00,968.75,969.29,964.03,964.03
2019-08-13 14:00:00,964.12,967.01,964.09,966.83
2019-08-14 09:00:00,975.88,975.99,972.99,973.36
2019-08-14 10:00:00,973.24,973.41,972.1,972.31
2019-08-14 11:00:00,971.93,972.05,971.1,971.1
2019-08-14 13:00:00,971.22,971.57,969.44,971.48
2019-08-14 14:00:00,971.8,974.32,968.91,968.91
2019-08-15 09:00:00,958.05,962.49,955.76,961.74
2019-08-15 10:00:00,961.8,968.02,961.8,967.86
2019-08-15 11:00:00,967.12,967.34,965.26,965.36
2019-08-15 13:00:00,964.71,966.66,963.77,966.66
2019-08-15 14:00:00,966.54,979.38,966.24,979.38
2019-08-16 09:00:00,974.88,978.59,974.88,978.09
2019-08-16 10:00:00,978.15,981.66,977.03,981.66
2019-08-16 11:00:00,982.09,983.69,981.82,982.03
2019-08-16 13:00:00,982.28,984.42,981.58,984.39
2019-08-16 14:00:00,984.51,985.61,980.0,980.0
2019-08-19 09:00:00,984.04,985.48,982.5,982.56
2019-08-19 10:00:00,982.61,983.24,981.26,982.03
2019-08-19 11:00:00,982.32,982.32,981.33,981.4
2019-08-19 13:00:00,981.28,981.64,979.18,979.8
2019-08-19 14:00:00,979.73,981.04,979.17,981.03
2019-08-20 09:00:00,983.94,984.06,982.69,983.32
2019-08-20 10:00:00,983.23,983.55,982.9,982.97
2019-08-20 11:00:00,982.94,982.99,981.75,982.0
2019-08-20 13:00:00,982.23,985.03,981.98,985.0
2019-08-20 14:00:00,984.79,985.35,983.48,984.67
2019-08-21 09:00:00,984.36,988.66,983.3,988.66
2019-08-21 10:00:00,989.57,991.83,989.52,990.88
2019-08-21 11:00:00,990.83,991.24,989.95,990.89
2019-08-21 13:00:00,990.33,995.44,990.33,994.29
2019-08-21 14:00:00,994.23,994.38,992.53,994.38
2019-08-22 09:00:00,996.41,998.01,995.38,996.41
2019-08-22 10:00:00,996.52,996.94,993.23,995.38
2019-08-22 11:00:00,995.23,995.68,994.86,994.93
2019-08-22 13:00:00,994.79,996.43,994.71,996.43
2019-08-22 14:00:00,996.66,998.67,996.47,997.26
2019-08-23 09:00:00,998.21,998.21,993.72,994.2
2019-08-23 10:00:00,994.25,995.84,994.08,994.15
2019-08-23 11:00:00,994.2,994.21,993.65,993.83
2019-08-23 13:00:00,994.03,994.27,990.83,991.47
2019-08-23 14:00:00,991.49,994.95,991.49,992.45
2019-08-26 09:00:00,983.8,984.61,981.83,982.18
2019-08-26 10:00:00,982.35,983.5,980.94,981.01
2019-08-26 11:00:00,981.02,981.25,979.24,979.76
2019-08-26 13:00:00,979.31,979.87,977.0,979.69
2019-08-26 14:00:00,979.92,983.41,979.78,982.88
2019-08-27 09:00:00,986.33,988.49,986.1,987.27
2019-08-27 10:00:00,987.56,988.47,986.46,986.53
2019-08-27 11:00:00,986.43,986.43,984.91,985.07
2019-08-27 13:00:00,985.0,985.74,982.58,983.36
2019-08-27 14:00:00,983.13,983.13,976.79,976.79
2019-08-28 09:00:00,977.1,981.35,977.1,978.39
2019-08-28 10:00:00,978.49,979.53,978.26,978.62
2019-08-28 11:00:00,978.59,978.59,977.64,978.02
2019-08-28 13:00:00,977.73,980.19,977.41,979.9
2019-08-28 14:00:00,979.84,979.99,977.26,977.26
2019-08-29 09:00:00,978.17,978.78,976.18,976.8
2019-08-29 10:00:00,976.83,976.97,973.69,973.69
2019-08-29 11:00:00,973.88,974.59,973.53,974.59
2019-08-29 13:00:00,974.33,974.96,973.34,973.38
2019-08-29 14:00:00,973.75,978.59,973.68,978.59
2019-08-30 09:00:00,980.25,983.1,980.25,981.63
2019-08-30 10:00:00,981.88,984.55,981.65,983.79
2019-08-30 11:00:00,983.78,984.27,983.56,983.99
2019-08-30 13:00:00,983.87,984.87,983.84,984.15
2019-08-30 14:00:00,984.44,984.51,982.08,984.06
2019-09-03 09:00:00,984.79,985.21,982.78,982.94
2019-09-03 10:00:00,983.0,983.0,981.73,982.8
2019-09-03 11:00:00,982.9,983.81,982.75,983.04
2019-09-03 13:00:00,982.99,983.83,980.97,981.04
2019-09-03 14:00:00,980.85,981.27,978.62,979.36
2019-09-04 09:00:00,977.97,978.73,973.37,974.22
2019-09-04 10:00:00,974.26,976.84,973.88,975.73
2019-09-04 11:00:00,976.0,976.97,975.75,976.78
2019-09-04 13:00:00,976.48,979.91,975.46,977.78
2019-09-04 14:00:00,977.92,978.25,976.69,977.63
2019-09-05 09:00:00,979.83,981.67,979.83,980.48
2019-09-05 10:00:00,980.4,980.43,978.5,979.75
2019-09-05 11:00:00,979.78,980.95,978.41,979.1
2019-09-05 13:00:00,979.39,980.03,978.34,980.03
2019-09-05 14:00:00,980.0,980.47,976.79,976.79
2019-09-06 09:00:00,977.83,978.73,976.59,976.59
2019-09-06 10:00:00,976.65,976.67,974.25,975.04
2019-09-06 11:00:00,975.23,975.47,974.29,974.57
2019-09-06 13:00:00,974.49,975.91,973.87,975.5
2019-09-06 14:00:00,975.48,975.63,974.08,974.08
2019-09-09 09:00:00,974.53,975.03,972.47,974.12
2019-09-09 10:00:00,973.9,974.63,973.18,974.26
2019-09-09 11:00:00,974.07,974.37,972.59,973.11
2019-09-09 13:00:00,973.27,973.71,972.52,973.52
2019-09-09 14:00:00,973.23,974.92,973.23,974.12
2019-09-10 09:00:00,974.62,977.26,973.78,977.26
2019-09-10 10:00:00,977.3,977.44,973.88,973.88
2019-09-10 11:00:00,973.86,973.86,969.95,970.98
2019-09-10 13:00:00,970.8,970.8,968.36,969.21
2019-09-10 14:00:00,969.62,971.93,969.62,970.26
2019-09-11 09:00:00,969.59,973.13,969.57,971.45
2019-09-11 10:00:00,971.56,971.76,968.09,968.18
2019-09-11 11:00:00,968.13,968.23,967.14,967.93
2019-09-11 13:00:00,967.62,969.68,967.49,968.17
2019-09-11 14:00:00,967.53,969.31,967.37,969.31
2019-09-12 09:00:00,972.39,974.85,972.39,973.53
2019-09-12 10:00:00,973.63,973.63,972.31,972.49
2019-09-12 11:00:00,972.46,973.27,972.46,972.98
2019-09-12 13:00:00,973.09,975.64,972.76,975.59
2019-09-12 14:00:00,975.58,976.07,974.09,976.07
2019-09-13 09:00:00,976.07,978.86,976.07,976.64
2019-09-13 10:00:00,976.85,978.18,975.95,977.4
2019-09-13 11:00:00,977.31,979.13,977.13,978.89
2019-09-13 13:00:00,979.08,986.65,979.08,986.65
2019-09-13 14:00:00,986.6,987.22,985.43,987.22
2019-09-16 09:00:00,987.07,989.58,986.72,989.58
2019-09-16 10:00:00,989.83,992.56,989.31,989.7
2019-09-16 11:00:00,989.78,990.94,989.78,990.6
2019-09-16 13:00:00,990.78,992.6,988.1,989.26
2019-09-16 14:00:00,989.39,989.86,988.01,989.86
2019-09-17 09:00:00,990.06,992.7,986.96,992.13
2019-09-17 10:00:00,992.11,992.24,989.1,990.03
2019-09-17 11:00:00,990.0,991.02,989.95,990.63
2019-09-17 13:00:00,991.18,996.04,991.03,995.98
2019-09-17 14:00:00,995.69,996.74,994.8,996.74
2019-09-18 09:00:00,995.75,998.4,994.45,997.66
2019-09-18 10:00:00,997.47,997.91,996.22,997.12
2019-09-18 11:00:00,997.27,997.59,995.68,995.74
2019-09-18 13:00:00,995.56,996.48,993.94,995.68
2019-09-18 14:00:00,995.71,995.71,994.32,995.15
2019-09-19 09:00:00,995.49,997.2,994.16,995.13
2019-09-19 10:00:00,994.63,994.85,992.58,992.58
2019-09-19 11:00:00,992.8,992.95,991.59,991.84
2019-09-19 13:00:00,991.97,993.05,990.55,993.05
2019-09-19 14:00:00,992.5,997.1,992.43,997.1
2019-09-20 09:00:00,997.6,998.47,996.37,996.47
2019-09-20 10:00:00,996.36,998.56,996.25,996.4
2019-09-20 11:00:00,996.29,996.29,994.58,994.75
2019-09-20 13:00:00,994.6,995.15,993.22,993.22
2019-09-20 14:00:00,993.13,993.59,990.36,990.36
2019-09-23 09:00:00,991.75,993.93,991.19,991.8
2019-09-23 10:00:00,992.02,992.81,991.56,992.6
2019-09-23 11:00:00,992.7,993.74,992.43,993.68
2019-09-23 13:00:00,993.5,993.98,991.85,992.08
2019-09-23 14:00:00,992.01,992.01,985.75,985.75
2019-09-24 09:00:00,986.33,987.58,984.94,985.63
2019-09-24 10:00:00,985.51,989.34,985.43,988.33
2019-09-24 11:00:00,988.37,990.02,988.31,990.02
2019-09-24 13:00:00,990.23,991.36,989.26,990.09
2019-09-24 14:00:00,989.76,989.76,987.66,988.13
2019-09-25 09:00:00,985.96,987.85,984.55,987.85
2019-09-25 10:00:00,987.72,988.19,984.13,984.38
2019-09-25 11:00:00,984.36,984.73,983.06,983.6
2019-09-25 13:00:00,984.17,986.68,983.7,986.55
2019-09-25 14:00:00,986.84,989.18,986.74,987.3
2019-09-26 09:00:00,988.7,991.66,988.7,989.69
2019-09-26 10:00:00,989.57,989.98,986.88,986.96
2019-09-26 11:00:00,986.8,988.22,986.35,988.22
2019-09-26 13:00:00,988.39,990.29,987.11,988.18
2019-09-26 14:00:00,988.09,990.75,987.23,990.75
2019-09-27 09:00:00,992.26,994.61,991.5,994.61
2019-09-27 10:00:00,995.38,996.33,994.79,995.8
2019-09-27 11:00:00,995.44,995.66,993.06,993.47
2019-09-27 13:00:00,993.78,997.74,993.6,995.48
2019-09-27 14:00:00,995.52,998.34,995.42,997.84
2019-09-30 09:00:00,999.92,1001.25,998.98,999.74
2019-09-30 10:00:00,999.72,1004.17,999.15,1002.81
2019-09-30 11:00:00,1002.62,1002.86,1002.29,1002.84
2019-09-30 13:00:00,1002.81,1003.61,1001.08,1001.89
2019-09-30 14:00:00,1001.69,1001.8,996.51,996.56
2019-10-01 09:00:00,997.87,998.27,996.83,997.76
2019-10-01 10:00:00,997.53,999.36,996.2,998.9
2019-10-01 11:00:00,998.95,999.72,998.61,998.85
2019-10-01 13:00:00,998.49,999.0,996.21,996.76
2019-10-01 14:00:00,997.26,999.59,996.23,999.59
2019-10-02 09:00:00,999.18,1000.93,996.46,996.61
2019-10-02 10:00:00,996.3,999.25,996.3,998.48
2019-10-02 11:00:00,998.55,998.56,994.71,994.71
2019-10-02 13:00:00,994.61,994.88,991.67,993.4
2019-10-02 14:00:00,992.85,994.25,989.63,991.19
2019-10-03 09:00:00,985.65,986.35,983.81,986.3
2019-10-03 10:00:00,986.33,986.88,983.35,983.74
2019-10-03 11:00:00,983.55,986.68,983.55,986.66
2019-10-03 13:00:00,986.73,989.96,984.47,989.96
2019-10-03 14:00:00,989.72,992.45,988.57,992.45
2019-10-04 09:00:00,993.69,994.81,991.03,993.71
2019-10-04 10:00:00,993.4,993.73,992.28,993.73
2019-10-04 11:00:00,993.76,993.76,991.84,991.89
2019-10-04 13:00:00,991.81,992.99,990.07,991.29
2019-10-04 14:00:00,991.27,991.34,987.59,987.59
2019-10-07 09:00:00,989.45,990.34,988.0,989.24
2019-10-07 10:00:00,989.42,989.57,987.31,988.72
2019-10-07 11:00:00,988.75,988.89,986.94,987.58
2019-10-07 13:00:00,987.71,988.61,984.76,986.17
2019-10-07 14:00:00,986.98,986.98,983.09,983.09
2019-10-08 09:00:00,983.62,985.12,982.14,983.53
2019-10-08 10:00:00,983.55,985.64,983.53,983.53
2019-10-08 11:00:00,983.58,983.7,981.89,982.85
2019-10-08 13:00:00,982.5,986.37,982.07,985.52
2019-10-08 14:00:00,985.19,988.51,985.19,988.22
2019-10-09 09:00:00,987.82,989.43,986.74,988.12
2019-10-09 10:00:00,988.07,990.15,987.8,989.88
2019-10-09 11:00:00,990.22,991.49,990.14,990.89
2019-10-09 13:00:00,990.99,992.0,989.39,989.39
2019-10-09 14:00:00,989.57,989.57,986.9,987.83
2019-10-10 09:00:00,988.81,990.89,988.8,989.9
2019-10-10 10:00:00,989.77,990.5,989.18,990.3
2019-10-10 11:00:00,990.34,990.71,989.65,990.01
2019-10-10 13:00:00,989.77,990.14,986.99,987.55
2019-10-10 14:00:00,987.89,988.38,986.93,987.38
2019-10-11 09:00:00,988.57,990.62,987.62,987.8
2019-10-11 10:00:00,987.95,989.37,987.95,988.47
2019-10-11 11:00:00,988.45,988.92,987.77,988.92
2019-10-11 13:00:00,988.67,991.59,988.67,991.26
2019-10-11 14:00:00,991.29,991.84,988.84,991.84
2019-10-14 09:00:00,994.61,995.56,992.5,994.63
2019-10-14 10:00:00,994.95,995.07,992.83,993.51
2019-10-14 11:00:00,993.54,995.67,993.38,995.67
2019-10-14 13:00:00,995.95,997.25,995.59,996.3
2019-10-14 14:00:00,995.97,996.18,993.57,993.57
2019-10-15 09:00:00,993.55,993.9,992.49,993.55
2019-10-15 10:00:00,993.51,993.51,991.45,991.45
2019-10-15 11:00:00,991.32,991.87,990.74,991.32
2019-10-15 13:00:00,991.33,994.75,991.33,993.76
2019-10-15 14:00:00,993.83,993.83,992.51,993.05
2019-10-16 09:00:00,995.75,996.59,994.81,995.79
2019-10-16 10:00:00,995.71,997.41,995.33,995.87
2019-10-16 11:00:00,996.0,996.21,995.59,995.99
2019-10-16 13:00:00,995.97,996.16,993.75,994.52
2019-10-16 14:00:00,994.81,994.97,993.42,994.46
2019-10-17 09:00:00,995.04,995.81,992.6,993.07
2019-10-17 10:00:00,992.67,992.82,991.35,991.81
2019-10-17 11:00:00,992.0,992.38,991.86,992.06
2019-10-17 13:00:00,991.46,994.02,991.19,994.02
2019-10-17 14:00:00,993.76,994.49,989.82,989.82
2019-10-18 09:00:00,992.0,993.03,990.16,992.67
2019-10-18 10:00:00,992.94,992.94,991.38,991.49
2019-10-18 11:00:00,991.62,991.62,990.54,990.99
2019-10-18 13:00:00,990.89,992.94,990.89,991.94
2019-10-18 14:00:00,991.81,991.82,988.41,989.2
2019-10-21 09:00:00,988.18,988.77,985.58,987.37
2019-10-21 10:00:00,987.83,988.82,987.45,987.66
2019-10-21 11:00:00,987.55,988.31,987.33,988.31
2019-10-21 13:00:00,988.03,988.21,984.91,986.2
2019-10-21 14:00:00,986.5,987.6,983.56,983.56
2019-10-22 09:00:00,983.52,986.52,983.52,984.65
2019-10-22 10:00:00,984.84,985.66,983.78,985.38
2019-10-22 11:00:00,985.34,987.06,984.98,987.06
2019-10-22 13:00:00,986.67,987.59,985.04,985.27
2019-10-22 14:00:00,985.89,987.58,985.43,987.19
2019-10-23 09:00:00,987.04,989.61,986.78,987.05
2019-10-23 10:00:00,987.19,987.19,986.21,986.31
2019-10-23 11:00:00,986.22,986.44,985.52,986.23
2019-10-23 13:00:00,985.92,987.16,985.92,986.39
2019-10-23 14:00:00,986.42,987.79,985.61,987.79
2019-10-24 09:00:00,988.85,989.22,987.66,988.02
2019-10-24 10:00:00,988.14,988.93,987.65,988.67
2019-10-24 11:00:00,988.82,989.78,988.82,989.78
2019-10-24 13:00:00,989.8,990.72,989.59,989.94
2019-10-24 14:00:00,989.98,993.6,989.98,993.6
2019-10-25 09:00:00,993.91,994.67,993.47,993.6
2019-10-25 10:00:00,993.69,994.56,992.91,994.55
2019-10-25 11:00:00,994.58,995.53,994.58,995.43
2019-10-25 13:00:00,995.25,995.53,993.87,995.51
2019-10-25 14:00:00,995.47,996.67,995.43,996.57
2019-10-28 09:00:00,998.27,999.56,997.49,998.57
2019-10-28 10:00:00,998.56,999.34,997.79,997.87
2019-10-28 11:00:00,997.83,997.83,997.12,997.12
2019-10-28 13:00:00,997.24,999.94,997.24,998.97
2019-10-28 14:00:00,998.76,998.89,996.48,996.48
2019-10-29 09:00:00,997.77,999.88,997.18,997.4
2019-10-29 10:00:00,997.13,999.03,997.04,997.8
2019-10-29 11:00:00,997.79,998.12,997.45,997.9
2019-10-29 13:00:00,997.92,998.08,996.55,997.17
2019-10-29 14:00:00,997.15,997.33,995.87,995.87
2019-10-30 09:00:00,996.83,998.59,994.86,998.52
2019-10-30 10:00:00,998.32,1000.1,998.04,999.49
2019-10-30 11:00:00,999.29,999.66,998.64,999.55
2019-10-30 13:00:00,999.49,1003.4,999.41,1002.27
2019-10-30 14:00:00,1002.22,1002.64,1000.28,1000.89
2019-10-31 09:00:00,1000.89,1004.4,1000.89,1003.05
2019-10-31 10:00:00,1002.94,1003.09,1000.61,1001.48
2019-10-31 11:00:00,1001.44,1001.85,1001.33,1001.77
2019-10-31 13:00:00,1001.78,1001.78,999.14,999.17
2019-10-31 14:00:00,999.06,999.58,998.58,998.82
2019-11-01 09:00:00,998.82,1002.22,998.82,1001.98
2019-11-01 10:00:00,1002.16,1008.78,1002.08,1008.12
2019-11-01 11:00:00,1008.23,1010.08,1008.23,1010.08
2019-11-01 13:00:00,1010.76,1013.78,1010.64,1013.78
2019-11-01 14:00:00,1013.61,1015.88,1013.61,1015.59
2019-11-04 09:00:00,1019.0,1021.78,1015.86,1019.18
2019-11-04 10:00:00,1019.39,1021.16,1018.57,1020.11
2019-11-04 11:00:00,1020.07,1021.98,1019.84,1021.9
2019-11-04 13:00:00,1021.86,1023.92,1021.86,1022.87
2019-11-04 14:00:00,1022.74,1022.95,1021.13,1022.43
2019-11-05 09:00:00,1022.77,1026.53,1021.63,1024.41
2019-11-05 10:00:00,1024.27,1024.27,1021.82,1023.38
2019-11-05 11:00:00,1023.58,1024.36,1023.51,1023.69
2019-11-05 13:00:00,1023.75,1025.19,1022.83,1025.0
2019-11-05 14:00:00,1024.84,1025.02,1023.97,1024.34
2019-11-06 09:00:00,1023.43,1028.97,1023.42,1025.89
2019-11-06 10:00:00,1026.14,1026.14,1024.8,1025.38
2019-11-06 11:00:00,1025.49,1026.44,1025.37,1026.21
2019-11-06 13:00:00,1026.47,1028.62,1026.05,1026.9
2019-11-06 14:00:00,1026.72,1026.81,1024.29,1024.91
2019-11-07 09:00:00,1023.49,1025.65,1023.49,1025.65
2019-11-07 10:00:00,1025.84,1025.91,1022.61,1023.73
2019-11-07 11:00:00,1023.93,1025.4,1023.84,1025.4
2019-11-07 13:00:00,1025.1,1028.45,1025.1,1025.9
2019-11-07 14:00:00,1025.78,1025.82,1023.68,1024.03
2019-11-08 09:00:00,1026.98,1027.39,1024.1,1024.1
2019-11-08 10:00:00,1023.99,1024.66,1021.94,1023.85
2019-11-08 11:00:00,1023.89,1024.67,1022.38,1023.12
2019-11-08 13:00:00,1023.0,1023.23,1021.11,1022.52
2019-11-08 14:00:00,1022.61,1023.07,1021.49,1022.49
2019-11-11 09:00:00,1023.32,1024.77,1022.51,1022.8
2019-11-11 10:00:00,1022.68,1023.62,1021.48,1023.62
2019-11-11 11:00:00,1023.63,1023.72,1022.19,1022.25
2019-11-11 13:00:00,1022.43,1022.83,1017.31,1017.47
2019-11-11 14:00:00,1016.86,1017.82,1016.35,1016.75
2019-11-12 09:00:00,1016.97,1020.1,1015.97,1018.47
2019-11-12 10:00:00,1018.25,1019.42,1017.21,1018.96
2019-11-12 11:00:00,1018.82,1021.0,1018.82,1021.0
2019-11-12 13:00:00,1021.18,1021.84,1017.12,1017.12
2019-11-12 14:00:00,1017.09,1018.42,1016.28,1018.33
2019-11-13 09:00:00,1019.07,1020.09,1018.69,1019.36
2019-11-13 10:00:00,1019.35,1019.53,1015.5,1015.5
2019-11-13 11:00:00,1015.1,1016.17,1014.06,1014.17
2019-11-13 13:00:00,1013.96,1014.74,1012.18,1012.44
2019-11-13 14:00:00,1012.26,1013.26,1010.8,1012.77
2019-11-14 09:00:00,1013.85,1016.71,1012.98,1014.73
2019-11-14 10:00:00,1014.77,1015.06,1013.81,1014.72
2019-11-14 11:00:00,1014.77,1015.14,1014.41,1014.95
2019-11-14 13:00:00,1014.41,1016.24,1010.6,1011.24
2019-11-14 14:00:00,1010.81,1012.78,1010.81,1012.3
2019-11-15 09:00:00,1012.93,1012.93,1005.1,1011.15
2019-11-15 10:00:00,1011.18,1015.16,1011.18,1014.95
2019-11-15 11:00:00,1014.23,1014.24,1011.92,1013.98
2019-11-15 13:00:00,1013.47,1014.59,1009.99,1010.7
2019-11-15 14:00:00,1010.87,1012.51,1010.03,1010.03
2019-11-18 09:00:00,1010.03,1012.09,1009.52,1009.52
2019-11-18 10:00:00,1009.49,1009.74,1006.15,1007.08
2019-11-18 11:00:00,1006.48,1006.48,1003.61,1004.88
2019-11-18 13:00:00,1004.57,1005.48,1003.37,1003.88
2019-11-18 14:00:00,1003.92,1004.33,1002.63,1002.91
2019-11-19 09:00:00,1002.89,1004.7,1002.23,1002.5
2019-11-19 10:00:00,1002.49,1006.53,1001.35,1005.88
2019-11-19 11:00:00,1005.94,1006.44,1004.82,1004.82
2019-11-19 13:00:00,1004.74,1006.78,1004.74,1006.54
2019-11-19 14:00:00,1006.53,1008.35,1005.98,1008.35
2019-11-20 09:00:00,1009.21,1009.21,1005.32,1005.96
2019-11-20 10:00:00,1005.93,1006.14,1004.19,1004.33
2019-11-20 11:00:00,1004.29,1004.33,1003.48,1004.33
2019-11-20 13:00:00,1003.79,1004.21,1000.65,1003.03
2019-11-20 14:00:00,1002.9,1002.9,1000.56,1000.56
2019-11-21 09:00:00,999.37,999.63,995.17,999.31
2019-11-21 10:00:00,998.99,998.99,995.4,995.46
2019-11-21 11:00:00,995.66,996.01,994.14,994.14
2019-11-21 13:00:00,994.0,994.96,992.45,994.18
2019-11-21 14:00:00,994.53,995.73,987.89,987.89
2019-11-22 09:00:00,992.73,993.7,991.87,993.09
2019-11-22 10:00:00,992.91,993.26,989.09,989.09
2019-11-22 11:00:00,988.57,988.57,980.66,983.14
2019-11-22 13:00:00,983.66,988.49,981.03,981.03
2019-11-22 14:00:00,980.83,980.83,971.03,977.78
2019-11-25 09:00:00,977.85,979.26,971.24,979.26
2019-11-25 10:00:00,979.6,979.6,977.13,978.35
2019-11-25 11:00:00,978.23,978.53,977.73,977.93
2019-11-25 13:00:00,977.63,977.68,971.68,974.04
2019-11-25 14:00:00,974.07,976.35,971.56,976.35
2019-11-26 09:00:00,976.35,981.96,976.35,980.06
2019-11-26 10:00:00,979.52,980.42,978.54,978.67
2019-11-26 11:00:00,978.64,979.06,977.93,978.09
2019-11-26 13:00:00,977.99,980.74,977.91,980.74
2019-11-26 14:00:00,980.36,981.19,976.79,976.79
2019-11-27 09:00:00,978.98,980.28,978.67,979.56
2019-11-27 10:00:00,979.27,982.66,979.27,982.09
2019-11-27 11:00:00,982.1,982.62,981.72,981.95
2019-11-27 13:00:00,982.37,982.76,978.79,979.91
2019-11-27 14:00:00,979.79,980.07,978.17,978.17
2019-11-28 09:00:00,977.66,979.17,974.71,975.42
2019-11-28 10:00:00,975.75,976.48,972.63,972.63
2019-11-28 11:00:00,972.68,972.77,970.43,970.47
2019-11-28 13:00:00,970.26,972.24,967.68,970.92
2019-11-28 14:00:00,970.66,970.66,968.99,970.39
2019-11-29 09:00:00,971.1,972.31,968.03,968.8
2019-11-29 10:00:00,968.73,971.53,968.27,971.53
2019-11-29 11:00:00,971.82,972.66,970.86,972.53
2019-11-29 13:00:00,972.51,972.89,971.18,971.37
2019-11-29 14:00:00,970.92,971.53,970.59,970.75
2019-12-02 09:00:00,971.42,972.91,970.68,970.82
2019-12-02 10:00:00,970.61,970.73,968.7,969.47
2019-12-02 11:00:00,969.49,969.69,968.98,969.61
2019-12-02 13:00:00,969.36,969.41,961.25,961.25
2019-12-02 14:00:00,961.08,961.08,958.3,959.31
2019-12-03 09:00:00,957.4,957.41,950.96,953.37
2019-12-03 10:00:00,953.21,957.48,952.8,955.88
2019-12-03 11:00:00,956.04,960.82,956.04,959.67
2019-12-03 13:00:00,960.69,960.81,955.71,955.81
2019-12-03 14:00:00,955.25,955.49,953.15,953.43
2019-12-04 09:00:00,952.51,956.27,950.13,955.29
2019-12-04 10:00:00,955.22,956.19,954.27,955.52
2019-12-04 11:00:00,955.6,956.04,953.41,953.88
2019-12-04 13:00:00,953.62,959.12,953.62,959.07
2019-12-04 14:00:00,958.97,965.9,958.97,965.9
2019-12-05 09:00:00,969.0,969.0,967.2,968.07
2019-12-05 10:00:00,968.12,969.53,966.5,966.75
2019-12-05 11:00:00,966.63,967.02,966.34,966.62
2019-12-05 13:00:00,966.31,966.37,963.64,963.64
2019-12-05 14:00:00,963.49,964.22,962.16,963.27
2019-12-06 09:00:00,962.38,964.22,960.99,961.91
2019-12-06 10:00:00,962.02,965.07,962.02,964.89
2019-12-06 11:00:00,964.73,965.35,964.05,965.1
2019-12-06 13:00:00,965.13,965.41,962.94,963.66
2019-12-06 14:00:00,964.11,964.32,963.41,963.56
2019-12-09 09:00:00,963.91,965.55,963.91,965.36
2019-12-09 10:00:00,965.5,966.86,965.39,966.72
2019-12-09 11:00:00,966.94,967.57,966.51,967.28
2019-12-09 13:00:00,967.23,967.53,962.59,963.11
2019-12-09 14:00:00,963.34,966.38,963.33,966.06
2019-12-10 09:00:00,965.92,966.58,961.4,961.4
2019-12-10 10:00:00,961.35,961.91,959.97,961.5
2019-12-10 11:00:00,961.59,962.75,960.86,962.75
2019-12-10 13:00:00,961.26,962.06,955.96,955.96
2019-12-10 14:00:00,955.41,960.3,955.14,960.3
2019-12-11 09:00:00,960.59,961.39,955.54,955.66
2019-12-11 10:00:00,955.41,956.14,954.56,955.99
2019-12-11 11:00:00,956.12,958.92,955.28,958.92
2019-12-11 13:00:00,958.55,958.58,956.5,957.14
2019-12-11 14:00:00,956.98,961.78,956.43,961.78
2019-12-12 09:00:00,963.39,965.32,963.09,963.36
2019-12-12 10:00:00,963.63,965.05,962.72,964.9
2019-12-12 11:00:00,965.14,965.53,964.36,965.47
2019-12-12 13:00:00,965.17,968.22,964.71,968.22
2019-12-12 14:00:00,968.06,968.39,966.61,968.17
2019-12-13 09:00:00,969.43,971.84,969.4,970.33
2019-12-13 10:00:00,970.25,970.44,968.9,969.66
2019-12-13 11:00:00,969.74,971.02,969.66,971.02
2019-12-13 13:00:00,970.75,970.75,966.02,967.23
2019-12-13 14:00:00,967.41,968.57,965.93,966.18
2019-12-16 09:00:00,966.0,966.0,961.11,962.52
2019-12-16 10:00:00,962.09,962.18,960.39,961.81
2019-12-16 11:00:00,961.79,962.48,960.78,962.48
2019-12-16 13:00:00,962.29,962.63,960.45,962.09
2019-12-16 14:00:00,962.04,964.76,961.47,961.47
2019-12-17 09:00:00,962.49,962.79,956.38,956.46
2019-12-17 10:00:00,956.28,959.0,956.28,959.0
2019-12-17 11:00:00,959.18,960.06,959.18,960.06
2019-12-17 13:00:00,959.49,959.94,956.63,956.63
2019-12-17 14:00:00,956.88,956.96,954.03,954.03
2019-12-18 09:00:00,951.52,954.14,951.2,953.25
2019-12-18 10:00:00,953.51,954.18,950.3,951.69
2019-12-18 11:00:00,951.73,952.49,950.71,952.49
2019-12-18 13:00:00,951.57,952.89,951.2,951.86
2019-12-18 14:00:00,951.76,952.13,949.86,951.13
2019-12-19 09:00:00,950.61,954.07,946.74,953.51
2019-12-19 10:00:00,953.92,955.85,952.96,953.53
2019-12-19 11:00:00,953.29,954.67,953.16,954.67
2019-12-19 13:00:00,954.46,954.91,952.05,953.38
2019-12-19 14:00:00,953.37,954.12,952.1,952.26
2019-12-20 09:00:00,953.55,955.15,952.71,953.98
2019-12-20 10:00:00,953.97,955.64,953.79,955.23
2019-12-20 11:00:00,955.36,955.77,954.81,955.22
2019-12-20 13:00:00,955.02,956.77,954.81,956.57
2019-12-20 14:00:00,956.28,957.52,955.83,956.41
2019-12-23 09:00:00,959.55,960.71,958.5,960.58
2019-12-23 10:00:00,960.34,960.5,958.07,958.72
2019-12-23 11:00:00,958.94,960.65,958.76,960.65
2019-12-23 13:00:00,960.27,960.44,958.41,959.21
2019-12-23 14:00:00,959.11,959.91,958.87,959.43
2019-12-24 09:00:00,959.43,959.43,955.49,957.63
2019-12-24 10:00:00,957.54,957.54,953.84,953.84
2019-12-24 11:00:00,953.91,956.04,953.29,955.7
2019-12-24 13:00:00,955.72,956.34,954.49,955.94
2019-12-24 14:00:00,955.97,958.88,955.91,958.88
2019-12-25 09:00:00,958.18,960.06,957.5,958.83
2019-12-25 10:00:00,958.85,962.56,957.97,962.38
2019-12-25 11:00:00,962.59,962.83,959.72,959.84
2019-12-25 13:00:00,960.1,960.76,959.28,960.09
2019-12-25 14:00:00,959.88,960.92,959.16,960.92
2019-12-26 09:00:00,960.67,962.11,958.22,961.37
2019-12-26 10:00:00,960.98,960.98,959.1,960.25
2019-12-26 11:00:00,960.21,961.59,960.21,961.41
2019-12-26 13:00:00,961.18,961.57,958.51,958.68
2019-12-26 14:00:00,958.13,959.38,957.43,958.59
2019-12-27 09:00:00,957.7,958.65,956.56,957.61
2019-12-27 10:00:00,957.41,957.41,954.7,954.83
2019-12-27 11:00:00,954.57,956.14,954.19,956.14
2019-12-27 13:00:00,955.94,957.84,954.65,957.84
2019-12-27 14:00:00,957.62,963.51,957.62,963.51
2019-12-30 09:00:00,962.89,966.52,962.47,966.23
2019-12-30 10:00:00,966.51,967.52,966.04,966.1
2019-12-30 11:00:00,966.02,966.09,965.14,965.88
2019-12-30 13:00:00,965.74,966.37,965.35,966.19
2019-12-30 14:00:00,965.79,965.79,964.02,965.03
2019-12-31 09:00:00,965.71,965.71,962.07,962.07
2019-12-31 10:00:00,962.28,962.61,960.89,961.12
2019-12-31 11:00:00,961.23,961.72,959.91,959.91
2019-12-31 13:00:00,960.46,960.79,958.23,960.7
2019-12-31 14:00:00,960.79,960.99,958.22,960.99
2020-01-02 09:00:00,960.26,964.25,959.67,962.78
2020-01-02 10:00:00,963.78,963.78,960.87,961.64
2020-01-02 11:00:00,961.54,963.47,961.53,963.03
2020-01-02 13:00:00,963.09,966.2,962.95,966.19
2020-01-02 14:00:00,966.22,966.67,965.06,966.67
2020-01-03 09:00:00,968.72,970.5,968.5,968.88
2020-01-03 10:00:00,968.86,970.88,968.61,969.81
2020-01-03 11:00:00,969.88,970.33,969.54,970.11
2020-01-03 13:00:00,969.77,969.98,968.28,969.09
2020-01-03 14:00:00,968.75,968.83,965.14,965.14
2020-01-06 09:00:00,962.79,963.2,959.47,959.47
2020-01-06 10:00:00,959.32,962.51,958.63,962.03
2020-01-06 11:00:00,961.89,961.9,960.26,961.82
2020-01-06 13:00:00,961.65,961.65,958.46,959.4
2020-01-06 14:00:00,959.25,959.25,955.59,955.79
2020-01-07 09:00:00,955.79,957.01,953.19,954.35
2020-01-07 10:00:00,954.09,956.43,953.9,956.43
2020-01-07 11:00:00,956.48,957.26,956.02,957.08
2020-01-07 13:00:00,956.76,959.46,956.7,957.73
2020-01-07 14:00:00,957.81,958.88,957.7,958.88
2020-01-08 09:00:00,954.13,954.42,950.41,951.16
2020-01-08 10:00:00,951.36,955.84,950.91,954.59
2020-01-08 11:00:00,954.69,954.7,948.01,948.01
2020-01-08 13:00:00,947.01,950.62,945.28,950.62
2020-01-08 14:00:00,950.79,951.63,948.98,948.98
2020-01-09 09:00:00,953.86,957.01,952.16,955.44
2020-01-09 10:00:00,955.55,957.09,955.24,956.78
2020-01-09 11:00:00,956.49,957.88,956.2,957.49
2020-01-09 13:00:00,957.45,960.73,957.29,959.64
2020-01-09 14:00:00,959.6,960.37,959.21,960.15
2020-01-10 09:00:00,961.17,963.37,961.17,962.55
2020-01-10 10:00:00,962.34,963.97,962.2,963.3
2020-01-10 11:00:00,963.74,964.87,963.6,964.57
2020-01-10 13:00:00,964.77,969.71,964.65,967.15
2020-01-10 14:00:00,966.7,968.54,963.95,968.54
2020-01-13 09:00:00,966.89,968.63,964.79,968.46
2020-01-13 10:00:00,968.2,968.2,966.19,967.06
2020-01-13 11:00:00,967.05,967.79,966.95,967.4
2020-01-13 13:00:00,967.37,967.77,966.31,966.74
2020-01-13 14:00:00,966.88,967.02,965.58,965.84
2020-01-14 09:00:00,966.26,968.17,965.76,967.48
2020-01-14 10:00:00,967.76,968.85,967.2,967.2
2020-01-14 11:00:00,966.94,968.39,966.94,968.03
2020-01-14 13:00:00,968.28,968.73,967.41,967.48
2020-01-14 14:00:00,967.45,967.65,967.0,967.0
2020-01-15 09:00:00,967.69,967.69,965.2,966.29
2020-01-15 10:00:00,966.13,967.55,966.02,966.66
2020-01-15 11:00:00,966.63,966.91,966.21,966.79
2020-01-15 13:00:00,966.62,966.68,964.84,965.38
2020-01-15 14:00:00,965.45,967.56,965.03,967.56
2020-01-16 09:00:00,967.2,970.66,967.17,970.16
2020-01-16 10:00:00,970.07,972.09,969.82,971.84
2020-01-16 11:00:00,971.79,974.7,971.63,974.7
2020-01-16 13:00:00,974.39,974.46,972.7,973.97
2020-01-16 14:00:00,973.83,974.31,972.67,974.31
2020-01-17 09:00:00,976.28,980.02,975.29,976.14
2020-01-17 10:00:00,976.73,977.48,975.59,976.33
2020-01-17 11:00:00,976.39,977.32,975.9,976.31
2020-01-17 13:00:00,976.57,977.39,973.79,977.12
2020-01-17 14:00:00,977.16,978.96,976.94,978.96
2020-01-20 09:00:00,978.23,979.85,977.59,977.7
2020-01-20 10:00:00,977.27,978.14,975.93,976.82
2020-01-20 11:00:00,976.93,978.43,976.93,978.05
2020-01-20 13:00:00,978.17,978.17,976.13,976.67
2020-01-20 14:00:00,976.65,978.63,976.42,978.63
2020-01-21 09:00:00,978.82,982.75,978.82,982.41
2020-01-21 10:00:00,982.47,983.67,981.57,983.24
2020-01-21 11:00:00,982.98,984.45,982.9,984.45
2020-01-21 13:00:00,984.58,985.09,983.74,984.83
2020-01-21 14:00:00,984.96,986.37,984.63,986.37
2020-01-22 09:00:00,986.52,989.14,983.92,988.69
2020-01-22 10:00:00,989.05,989.05,986.73,988.4
2020-01-22 11:00:00,988.57,988.7,987.29,987.75
2020-01-22 13:00:00,988.16,990.84,987.48,990.3
2020-01-22 14:00:00,990.29,991.46,989.4,991.46
2020-01-30 09:00:00,975.15,977.72,973.21,973.26
2020-01-30 10:00:00,973.12,973.12,966.81,966.81
2020-01-30 11:00:00,967.3,967.34,958.81,958.82
2020-01-30 13:00:00,958.16,962.27,954.0,959.7
2020-01-30 14:00:00,959.76,962.09,959.03,959.58
2020-01-31 09:00:00,959.58,960.96,950.05,951.98
2020-01-31 10:00:00,954.05,956.23,952.08,954.94
2020-01-31 11:00:00,955.02,956.11,955.01,955.15
2020-01-31 13:00:00,955.01,955.36,943.18,947.63
2020-01-31 14:00:00,947.88,947.88,936.62,936.62
2020-02-03 09:00:00,916.6,916.6,891.85,906.06
2020-02-03 10:00:00,909.05,912.04,899.34,900.12
2020-02-03 11:00:00,899.14,907.63,899.14,907.01
2020-02-03 13:00:00,906.9,929.05,906.9,929.05
2020-02-03 14:00:00,929.9,930.37,925.15,928.14
2020-02-04 09:00:00,929.42,934.91,926.17,928.27
2020-02-04 10:00:00,928.68,928.68,919.33,923.55
2020-02-04 11:00:00,923.91,926.65,923.91,925.53
2020-02-04 13:00:00,925.83,929.9,922.27,922.64
2020-02-04 14:00:00,923.29,929.09,922.95,929.09
2020-02-05 09:00:00,934.75,936.33,926.07,926.07
2020-02-05 10:00:00,925.99,930.43,925.92,929.14
2020-02-05 11:00:00,928.66,928.7,927.58,928.68
2020-02-05 13:00:00,928.51,928.51,921.89,922.22
2020-02-05 14:00:00,922.63,927.35,922.14,925.91
2020-02-06 09:00:00,926.66,931.92,925.21,929.78
2020-02-06 10:00:00,929.71,930.21,927.93,928.85
2020-02-06 11:00:00,929.03,933.41,928.45,933.41
2020-02-06 13:00:00,933.81,937.31,932.58,933.86
2020-02-06 14:00:00,933.29,938.54,933.29,938.54
2020-02-07 09:00:00,938.61,943.48,935.94,941.77
2020-02-07 10:00:00,941.94,941.98,937.57,940.54
2020-02-07 11:00:00,940.69,940.69,938.64,939.28
2020-02-07 13:00:00,939.4,940.37,936.21,939.73
2020-02-07 14:00:00,939.64,940.75,938.5,940.75
2020-02-10 09:00:00,934.38,934.38,926.61,931.32
2020-02-10 10:00:00,931.02,935.46,930.0,934.52
2020-02-10 11:00:00,934.16,934.16,932.87,934.12
2020-02-10 13:00:00,933.79,935.87,933.41,933.67
2020-02-10 14:00:00,933.63,933.63,930.73,930.73
2020-02-11 09:00:00,930.73,934.82,930.73,934.5
2020-02-11 10:00:00,933.89,936.04,933.57,934.68
2020-02-11 11:00:00,934.4,934.47,933.64,934.47
2020-02-11 13:00:00,934.58,935.79,933.94,934.08
2020-02-11 14:00:00,934.11,934.67,931.81,934.67
2020-02-12 09:00:00,940.72,941.31,937.34,940.11
2020-02-12 10:00:00,940.42,941.8,939.76,940.81
2020-02-12 11:00:00,940.65,940.65,939.44,939.86
2020-02-12 13:00:00,940.05,943.11,940.02,942.44
2020-02-12 14:00:00,941.76,941.96,937.68,937.68
2020-02-13 09:00:00,937.19,939.1,934.55,937.33
2020-02-13 10:00:00,937.7,938.51,937.24,937.44
2020-02-13 11:00:00,937.27,937.34,935.12,936.31
2020-02-13 13:00:00,935.84,936.15,934.47,935.89
2020-02-13 14:00:00,935.34,938.42,935.34,938.24
2020-02-14 09:00:00,939.28,940.59,936.47,938.23
2020-02-14 10:00:00,938.6,939.4,937.42,938.05
2020-02-14 11:00:00,937.78,940.31,937.58,940.29
2020-02-14 13:00:00,940.3,940.65,936.79,937.44
2020-02-14 14:00:00,937.35,939.54,936.58,937.45
2020-02-17 09:00:00,938.52,938.52,935.38,936.7
2020-02-17 10:00:00,936.13,937.79,935.43,936.74
2020-02-17 11:00:00,936.49,936.49,933.44,934.07
2020-02-17 13:00:00,934.1,935.48,932.92,932.92
2020-02-17 14:00:00,932.91,935.5,931.66,934.77
2020-02-18 09:00:00,934.47,934.98,928.99,931.41
2020-02-18 10:00:00,931.4,932.37,929.96,932.27
2020-02-18 11:00:00,932.3,932.41,931.53,931.56
2020-02-18 13:00:00,931.87,931.87,928.07,928.07
2020-02-18 14:00:00,927.95,928.92,926.01,927.93
2020-02-19 09:00:00,926.41,931.66,925.86,931.04
2020-02-19 10:00:00,930.95,930.95,928.69,928.84
2020-02-19 11:00:00,929.2,929.2,927.06,927.25
2020-02-19 13:00:00,927.76,928.41,926.66,926.98
2020-02-19 14:00:00,926.49,928.76,926.24,928.76
2020-02-20 09:00:00,933.69,937.36,932.33,932.33
2020-02-20 10:00:00,931.92,933.69,931.76,933.15
2020-02-20 11:00:00,932.99,933.08,931.34,931.68
2020-02-20 13:00:00,931.8,932.63,930.41,931.83
2020-02-20 14:00:00,931.71,938.13,931.71,938.13
2020-02-21 09:00:00,938.13,938.13,934.98,936.67
2020-02-21 10:00:00,937.23,940.53,936.73,938.88
2020-02-21 11:00:00,938.55,938.9,937.05,937.05
2020-02-21 13:00:00,937.27,937.6,933.44,933.44
2020-02-21 14:00:00,933.0,934.52,932.32,933.09
2020-02-24 09:00:00,917.49,917.49,909.4,912.33
2020-02-24 10:00:00,912.39,915.02,909.95,909.95
2020-02-24 11:00:00,909.88,909.96,905.12,908.36
2020-02-24 13:00:00,907.9,911.14,906.71,907.91
2020-02-24 14:00:00,908.05,908.36,903.34,903.34
2020-02-25 09:00:00,893.95,903.67,893.95,898.93
2020-02-25 10:00:00,899.1,899.63,895.3,897.01
2020-02-25 11:00:00,897.54,899.96,897.54,899.47
2020-02-25 13:00:00,899.59,903.9,899.59,901.95
2020-02-25 14:00:00,902.1,909.67,901.81,909.67
2020-02-26 09:00:00,901.51,903.27,897.95,901.27
2020-02-26 10:00:00,901.39,903.17,900.07,901.79
2020-02-26 11:00:00,901.34,901.37,898.86,899.63
2020-02-26 13:00:00,899.12,899.12,894.25,896.88
2020-02-26 14:00:00,896.48,896.57,895.21,895.97
2020-02-27 09:00:00,892.15,897.14,889.38,889.38
2020-02-27 10:00:00,889.64,892.93,889.14,891.43
2020-02-27 11:00:00,891.37,893.39,891.37,893.35
2020-02-27 13:00:00,893.19,895.04,892.08,895.04
2020-02-27 14:00:00,895.08,899.34,894.73,898.44
2020-02-28 09:00:00,885.47,887.07,881.45,884.94
2020-02-28 10:00:00,884.75,885.14,876.9,878.89
2020-02-28 11:00:00,878.79,880.34,878.79,880.34
2020-02-28 13:00:00,879.39,879.39,872.46,876.04
2020-02-28 14:00:00,876.05,882.19,875.98,882.19
2020-03-02 09:00:00,878.43,881.71,878.12,879.25
2020-03-02 10:00:00,879.76,883.7,877.31,883.08
2020-03-02 11:00:00,882.95,883.58,881.31,881.31
2020-03-02 13:00:00,880.54,885.42,879.5,884.0
2020-03-02 14:00:00,884.22,886.45,884.22,884.43
2020-03-03 09:00:00,895.39,896.39,890.35,890.78
2020-03-03 10:00:00,890.81,893.38,890.64,893.02
2020-03-03 11:00:00,892.81,892.81,891.73,891.95
2020-03-03 13:00:00,892.38,892.38,890.06,890.74
2020-03-03 14:00:00,890.81,893.7,890.61,890.61
2020-03-04 09:00:00,887.85,888.48,882.83,884.38
2020-03-04 10:00:00,884.47,887.88,884.47,885.69
2020-03-04 11:00:00,885.81,885.81,884.84,885.23
2020-03-04 13:00:00,885.57,887.85,885.11,886.77
2020-03-04 14:00:00,886.9,889.85,885.79,889.37
2020-03-05 09:00:00,892.71,896.71,892.71,896.71
2020-03-05 10:00:00,896.84,897.12,895.57,896.57
2020-03-05 11:00:00,896.85,898.03,896.08,896.22
2020-03-05 13:00:00,897.08,898.43,895.05,895.05
2020-03-05 14:00:00,894.42,895.29,891.2,893.31
2020-03-06 09:00:00,888.96,888.96,883.78,885.89
2020-03-06 10:00:00,885.27,885.96,882.72,883.56
2020-03-06 11:00:00,883.77,884.62,883.51,883.97
2020-03-06 13:00:00,883.92,887.85,882.71,887.35
2020-03-06 14:00:00,887.5,891.44,887.5,891.44
2020-03-09 09:00:00,875.8,875.8,845.9,851.41
2020-03-09 10:00:00,850.94,852.21,841.67,841.67
2020-03-09 11:00:00,841.77,841.82,839.71,839.85
2020-03-09 13:00:00,839.3,839.3,835.88,836.22
2020-03-09 14:00:00,836.07,836.07,834.67,835.49
2020-03-10 09:00:00,813.83,816.65,806.63,816.65
2020-03-10 10:00:00,817.24,828.94,817.24,826.43
2020-03-10 11:00:00,825.96,834.03,825.71,833.82
2020-03-10 13:00:00,834.48,843.28,831.82,831.97
2020-03-10 14:00:00,832.03,837.5,829.45,837.5
2020-03-11 09:00:00,843.52,844.94,832.34,832.34
2020-03-11 10:00:00,832.22,832.22,825.21,826.76
2020-03-11 11:00:00,826.66,826.67,821.35,821.35
2020-03-11 13:00:00,819.23,819.31,794.54,798.87
2020-03-11 14:00:00,797.91,811.35,797.91,811.35
2020-03-12 09:00:00,778.06,778.06,765.15,766.69
2020-03-12 10:00:00,766.58,768.1,764.62,764.92
2020-03-12 11:00:00,764.89,766.58,763.38,765.45
2020-03-12 13:00:00,763.56,763.56,762.12,763.07
2020-03-12 14:00:00,762.99,769.25,762.94,769.25
2020-03-13 09:00:00,750.56,750.56,723.42,725.54
2020-03-13 10:00:00,725.52,737.38,724.3,731.09
2020-03-13 11:00:00,730.89,735.93,730.89,735.93
2020-03-13 13:00:00,738.43,763.32,738.43,750.14
2020-03-13 14:00:00,750.85,764.69,750.11,761.78
2020-03-16 09:00:00,758.28,758.59,737.58,746.73
2020-03-16 10:00:00,746.49,756.36,746.49,750.09
2020-03-16 11:00:00,749.92,753.43,749.83,753.28
2020-03-16 13:00:00,752.39,752.39,745.0,745.56
2020-03-16 14:00:00,745.23,747.86,737.85,747.86
2020-03-17 09:00:00,724.07,734.43,721.84,734.43
2020-03-17 10:00:00,735.44,742.58,732.92,738.44
2020-03-17 11:00:00,738.64,741.36,738.03,740.94
2020-03-17 13:00:00,740.81,740.89,731.94,735.12
2020-03-17 14:00:00,735.61,750.03,734.6,745.78
2020-03-18 09:00:00,747.4,752.65,744.66,749.5
2020-03-18 10:00:00,749.65,749.65,745.37,748.08
2020-03-18 11:00:00,748.42,752.58,748.41,752.58
2020-03-18 13:00:00,750.66,750.66,742.12,743.11
2020-03-18 14:00:00,743.43,748.38,743.16,747.66
2020-03-19 09:00:00,732.35,733.43,717.96,720.71
2020-03-19 10:00:00,720.43,725.28,720.07,721.9
2020-03-19 11:00:00,721.96,721.96,719.82,720.36
2020-03-19 13:00:00,720.34,720.34,714.02,718.84
2020-03-19 14:00:00,720.23,728.11,720.23,725.94
2020-03-20 09:00:00,728.55,729.35,718.06,718.58
2020-03-20 10:00:00,718.44,720.86,717.3,717.3
2020-03-20 11:00:00,716.48,716.57,713.77,713.89
2020-03-20 13:00:00,713.44,713.59,709.99,712.34
2020-03-20 14:00:00,712.12,718.12,709.73,709.73
2020-03-23 09:00:00,694.77,694.77,671.66,673.03
2020-03-23 10:00:00,672.81,672.87,667.6,668.08
2020-03-23 11:00:00,668.09,668.12,667.0,667.18
2020-03-23 13:00:00,667.12,667.12,664.23,664.31
2020-03-23 14:00:00,664.61,666.59,664.38,666.59
2020-03-24 09:00:00,666.59,666.59,652.27,657.63
2020-03-24 10:00:00,657.45,666.28,657.45,663.27
2020-03-24 11:00:00,662.53,662.53,654.92,656.51
2020-03-24 13:00:00,656.59,661.73,655.99,660.37
2020-03-24 14:00:00,660.41,660.66,659.21,659.21
2020-03-25 09:00:00,669.76,677.25,667.58,673.62
2020-03-25 10:00:00,673.86,675.75,672.4,675.14
2020-03-25 11:00:00,675.47,678.71,675.2,675.41
2020-03-25 13:00:00,676.3,689.07,676.25,686.54
2020-03-25 14:00:00,686.86,690.25,686.28,690.25
2020-03-26 09:00:00,689.0,692.43,680.1,692.43
2020-03-26 10:00:00,693.52,700.76,692.95,699.28
2020-03-26 11:00:00,699.3,699.3,695.07,695.33
2020-03-26 13:00:00,695.17,699.4,692.64,694.87
2020-03-26 14:00:00,694.78,696.87,693.65,694.21
2020-03-27 09:00:00,692.54,692.54,682.52,689.45
2020-03-27 10:00:00,690.52,698.53,689.63,697.81
2020-03-27 11:00:00,697.85,701.99,696.3,701.78
2020-03-27 13:00:00,702.3,703.22,692.03,692.29
2020-03-27 14:00:00,691.88,697.81,691.88,696.06
2020-03-30 09:00:00,663.91,665.56,657.36,661.11
2020-03-30 10:00:00,661.13,661.13,659.04,659.36
2020-03-30 11:00:00,659.3,659.59,658.7,659.17
2020-03-30 13:00:00,659.4,663.22,659.4,661.53
2020-03-30 14:00:00,661.4,662.94,660.54,662.26
2020-03-31 09:00:00,669.74,674.11,669.52,674.11
2020-03-31 10:00:00,673.66,678.64,673.66,675.76
2020-03-31 11:00:00,676.19,678.13,675.62,678.02
2020-03-31 13:00:00,673.46,673.46,649.1,662.38
2020-03-31 14:00:00,662.98,662.98,659.46,662.53
2020-04-01 09:00:00,658.8,675.35,657.41,675.35
2020-04-01 10:00:00,675.26,684.96,675.04,681.17
2020-04-01 11:00:00,681.3,682.35,680.37,680.37
2020-04-01 13:00:00,679.98,679.98,677.4,678.36
2020-04-01 14:00:00,678.18,681.52,678.18,680.23
2020-04-03 09:00:00,687.92,694.39,687.92,692.0
2020-04-03 10:00:00,691.6,693.82,690.98,691.42
2020-04-03 11:00:00,691.64,693.07,691.17,692.0
2020-04-03 13:00:00,692.62,697.65,692.62,696.66
2020-04-03 14:00:00,696.56,701.8,694.59,701.8
2020-04-06 09:00:00,716.22,728.07,715.39,725.5
2020-04-06 10:00:00,726.09,726.37,718.04,720.23
2020-04-06 11:00:00,720.14,727.08,720.14,726.91
2020-04-06 13:00:00,727.7,732.56,726.01,730.66
2020-04-06 14:00:00,731.06,736.75,731.06,736.75
2020-04-07 09:00:00,744.97,746.55,730.28,736.2
2020-04-07 10:00:00,735.01,744.61,734.23,740.64
2020-04-07 11:00:00,740.84,743.49,738.09,743.49
2020-04-07 13:00:00,744.21,745.4,741.71,745.4
2020-04-07 14:00:00,745.21,749.13,745.21,746.69
2020-04-08 09:00:00,740.03,740.03,730.12,735.9
2020-04-08 10:00:00,736.29,742.54,736.29,739.56
2020-04-08 11:00:00,739.21,739.34,736.3,737.45
2020-04-08 13:00:00,737.73,741.0,737.53,740.99
2020-04-08 14:00:00,741.08,748.36,741.08,748.02
2020-04-09 09:00:00,751.08,761.91,751.08,756.04
2020-04-09 10:00:00,757.08,760.11,755.27,759.95
2020-04-09 11:00:00,760.24,760.47,758.87,759.75
2020-04-09 13:00:00,760.03,765.87,759.99,764.11
2020-04-09 14:00:00,763.91,763.96,758.43,760.33
2020-04-10 09:00:00,759.08,763.38,751.59,760.36
2020-04-10 10:00:00,759.79,764.36,758.14,762.93
2020-04-10 11:00:00,762.99,763.15,762.25,762.49
2020-04-10 13:00:00,762.71,763.22,753.74,753.87
2020-04-10 14:00:00,753.34,759.94,753.34,757.94
2020-04-13 09:00:00,762.99,767.93,762.53,766.71
2020-04-13 10:00:00,766.53,774.62,766.5,772.2
2020-04-13 11:00:00,772.31,772.32,768.59,768.59
2020-04-13 13:00:00,768.49,769.54,765.84,765.84
2020-04-13 14:00:00,765.87,766.57,763.58,765.79
2020-04-14 09:00:00,769.01,769.53,767.71,768.42
2020-04-14 10:00:00,768.56,768.56,763.19,763.39
2020-04-14 11:00:00,763.46,763.53,756.07,759.03
2020-04-14 13:00:00,758.46,758.82,753.85,758.74
2020-04-14 14:00:00,758.92,767.41,758.92,767.41
2020-04-15 09:00:00,768.05,772.36,768.01,771.71
2020-04-15 10:00:00,771.83,773.11,770.78,773.11
2020-04-15 11:00:00,773.15,776.12,773.15,775.74
2020-04-15 13:00:00,776.28,779.52,774.95,775.07
2020-04-15 14:00:00,774.94,777.22,774.94,777.22
2020-04-16 09:00:00,773.11,775.12,770.91,773.8
2020-04-16 10:00:00,773.92,775.52,772.89,775.52
2020-04-16 11:00:00,775.4,777.43,775.2,777.23
2020-04-16 13:00:00,777.44,781.06,776.25,776.7
2020-04-16 14:00:00,776.24,780.7,775.93,780.7
2020-04-17 09:00:00,786.96,790.95,783.74,784.88
2020-04-17 10:00:00,785.15,786.54,784.21,786.54
2020-04-17 11:00:00,786.34,787.66,786.12,787.3
2020-04-17 13:00:00,787.67,790.26,787.67,790.23
2020-04-17 14:00:00,790.11,790.11,789.12,789.6
2020-04-20 09:00:00,796.17,797.08,788.6,788.6
2020-04-20 10:00:00,788.19,792.16,786.73,791.34
2020-04-20 11:00:00,791.63,795.2,791.63,795.15
2020-04-20 13:00:00,795.36,797.49,795.03,795.03
2020-04-20 14:00:00,795.27,795.64,794.27,794.97
2020-04-21 09:00:00,794.97,794.97,781.07,789.27
2020-04-21 10:00:00,789.04,789.25,780.69,780.69
2020-04-21 11:00:00,780.46,780.46,767.7,768.7
2020-04-21 13:00:00,768.09,769.27,761.96,766.7
2020-04-21 14:00:00,767.18,768.18,766.84,766.84
2020-04-22 09:00:00,752.8,763.08,749.97,763.08
2020-04-22 10:00:00,763.9,763.93,757.78,761.07
2020-04-22 11:00:00,761.23,768.81,760.41,768.81
2020-04-22 13:00:00,769.62,774.94,768.52,770.69
2020-04-22 14:00:00,770.64,772.37,768.92,768.92
2020-04-23 09:00:00,768.92,785.6,768.92,780.39
2020-04-23 10:00:00,779.92,780.29,771.88,776.02
2020-04-23 11:00:00,776.26,776.26,773.06,774.47
2020-04-23 13:00:00,774.43,775.69,774.0,775.03
2020-04-23 14:00:00,775.01,775.85,773.91,773.91
2020-04-24 09:00:00,777.28,778.3,767.31,768.8
2020-04-24 10:00:00,768.9,773.06,768.87,773.06
2020-04-24 11:00:00,773.09,773.9,772.25,773.36
2020-04-24 13:00:00,774.05,774.22,771.87,774.22
2020-04-24 14:00:00,774.27,777.28,774.27,776.66
2020-04-27 09:00:00,780.65,785.74,778.81,778.81
2020-04-27 10:00:00,778.73,779.57,777.48,778.32
2020-04-27 11:00:00,778.27,778.57,773.45,773.88
2020-04-27 13:00:00,774.15,775.03,772.1,772.25
2020-04-27 14:00:00,772.55,773.05,770.77,770.77
2020-04-28 09:00:00,773.31,776.13,765.62,769.28
2020-04-28 10:00:00,768.88,768.88,764.06,765.77
2020-04-28 11:00:00,765.72,766.24,764.58,765.15
2020-04-28 13:00:00,765.09,772.42,763.66,772.42
2020-04-28 14:00:00,772.37,772.37,767.21,767.21
2020-04-29 09:00:00,768.59,771.43,768.59,771.43
2020-04-29 10:00:00,771.42,772.62,769.16,769.16
2020-04-29 11:00:00,769.37,769.9,768.19,768.26
2020-04-29 13:00:00,769.4,772.42,768.91,771.78
2020-04-29 14:00:00,771.61,771.92,769.11,769.11
2020-05-04 09:00:00,766.14,766.45,761.64,765.62
2020-05-04 10:00:00,765.63,769.73,765.57,767.91
2020-05-04 11:00:00,767.87,768.11,767.26,768.11
2020-05-04 13:00:00,768.05,769.06,765.73,765.91
2020-05-04 14:00:00,765.62,765.83,762.47,762.47
2020-05-05 09:00:00,763.22,767.03,760.82,761.97
2020-05-05 10:00:00,761.96,762.17,760.04,760.23
2020-05-05 11:00:00,760.58,761.88,760.58,761.88
2020-05-05 13:00:00,762.04,765.05,761.99,764.91
2020-05-05 14:00:00,764.73,765.65,764.0,764.16
2020-05-06 09:00:00,767.3,769.91,765.37,765.63
2020-05-06 10:00:00,765.55,769.73,765.55,769.24
2020-05-06 11:00:00,769.2,775.18,769.16,775.15
2020-05-06 13:00:00,775.45,778.51,775.45,777.64
2020-05-06 14:00:00,777.73,782.59,777.72,782.59
2020-05-07 09:00:00,785.08,786.91,785.08,786.45
2020-05-07 10:00:00,786.23,792.1,786.04,791.54
2020-05-07 11:00:00,790.99,791.41,789.73,790.37
2020-05-07 13:00:00,790.23,791.5,790.07,790.79
2020-05-07 14:00:00,791.04,796.54,791.04,796.54
2020-05-08 09:00:00,800.32,807.7,800.2,807.7
2020-05-08 10:00:00,808.03,809.64,806.78,809.64
2020-05-08 11:00:00,809.77,819.16,809.77,819.16
2020-05-08 13:00:00,819.54,825.72,818.54,818.54
2020-05-08 14:00:00,818.11,818.11,812.52,813.73
2020-05-11 09:00:00,818.26,821.85,812.48,817.04
2020-05-11 10:00:00,817.24,822.18,817.24,821.31
2020-05-11 11:00:00,821.57,824.52,821.21,824.42
2020-05-11 13:00:00,824.47,827.01,821.72,823.02
2020-05-11 14:00:00,823.55,828.33,823.29,828.33
2020-05-12 09:00:00,827.29,830.63,819.66,830.54
2020-05-12 10:00:00,830.42,831.2,826.35,830.17
2020-05-12 11:00:00,829.76,829.77,826.75,827.05
2020-05-12 13:00:00,827.22,835.09,827.22,835.09
2020-05-12 14:00:00,835.22,835.95,834.96,835.32
2020-05-13 09:00:00,835.32,835.32,815.13,827.19
2020-05-13 10:00:00,826.87,835.93,824.54,835.93
2020-05-13 11:00:00,835.75,836.26,832.96,833.43
2020-05-13 13:00:00,834.05,839.59,831.6,832.85
2020-05-13 14:00:00,833.14,835.45,832.63,834.21
2020-05-14 09:00:00,830.97,832.16,826.17,830.56
2020-05-14 10:00:00,830.39,831.36,828.64,830.24
2020-05-14 11:00:00,830.38,831.32,830.17,831.32
2020-05-14 13:00:00,831.17,836.19,830.45,834.96
2020-05-14 14:00:00,834.8,834.8,831.78,832.4
2020-05-15 09:00:00,835.42,838.47,830.77,834.76
2020-05-15 10:00:00,834.61,834.88,827.88,827.88
2020-05-15 11:00:00,828.03,832.38,827.98,831.64
2020-05-15 13:00:00,831.84,832.32,824.59,825.36
2020-05-15 14:00:00,825.46,829.73,825.46,827.03
2020-05-18 09:00:00,827.49,828.26,823.08,827.59
2020-05-18 10:00:00,827.35,831.71,825.53,831.62
2020-05-18 11:00:00,831.83,831.83,829.51,830.9
2020-05-18 13:00:00,831.12,837.61,831.12,834.92
2020-05-18 14:00:00,834.83,837.01,834.24,837.01
2020-05-19 09:00:00,852.14,852.14,848.92,850.13
2020-05-19 10:00:00,850.46,852.52,849.34,852.52
2020-05-19 11:00:00,852.64,852.95,851.81,852.78
2020-05-19 13:00:00,852.84,854.25,848.75,848.75
2020-05-19 14:00:00,848.62,848.62,844.15,845.92
2020-05-20 09:00:00,843.26,848.91,842.21,847.68
2020-05-20 10:00:00,847.67,849.31,845.97,847.12
2020-05-20 11:00:00,847.23,847.81,846.93,847.65
2020-05-20 13:00:00,847.79,851.21,847.65,850.86
2020-05-20 14:00:00,851.03,852.91,850.91,852.91
2020-05-21 09:00:00,854.93,860.21,854.93,856.42
2020-05-21 10:00:00,856.5,858.55,855.97,857.2
2020-05-21 11:00:00,857.43,858.26,857.32,857.91
2020-05-21 13:00:00,858.0,860.1,857.69,858.27
2020-05-21 14:00:00,858.41,862.73,854.04,862.73
2020-05-22 09:00:00,859.29,860.22,854.71,859.7
2020-05-22 10:00:00,859.83,860.65,858.07,858.28
2020-05-22 11:00:00,858.44,858.75,855.55,856.19
2020-05-22 13:00:00,854.95,856.68,852.08,855.06
2020-05-22 14:00:00,854.71,854.81,852.74,852.74
2020-05-25 09:00:00,852.9,854.65,849.12,853.54
2020-05-25 10:00:00,853.41,854.7,852.11,854.69
2020-05-25 11:00:00,854.6,858.26,854.55,857.99
2020-05-25 13:00:00,858.11,860.45,857.98,858.65
2020-05-25 14:00:00,858.77,859.06,857.79,859.04
2020-05-26 09:00:00,861.47,864.47,860.22,860.4
2020-05-26 10:00:00,860.5,863.67,860.26,863.32
2020-05-26 11:00:00,863.4,864.29,863.18,864.15
2020-05-26 13:00:00,864.52,867.61,864.52,867.61
2020-05-26 14:00:00,867.51,869.65,867.51,869.13
2020-05-27 09:00:00,869.13,875.35,869.13,870.05
2020-05-27 10:00:00,870.02,874.6,869.82,873.73
2020-05-27 11:00:00,873.58,874.02,872.6,872.64
2020-05-27 13:00:00,872.58,872.88,867.02,868.77
2020-05-27 14:00:00,868.5,868.59,857.48,857.48
2020-05-28 09:00:00,858.97,862.24,856.48,860.68
2020-05-28 10:00:00,860.38,865.24,859.81,865.24
2020-05-28 11:00:00,865.72,866.17,861.48,861.48
2020-05-28 13:00:00,861.5,864.47,861.5,862.43
2020-05-28 14:00:00,861.41,862.48,860.82,861.39
2020-05-29 09:00:00,861.59,864.42,859.26,863.68
2020-05-29 10:00:00,863.67,864.42,861.11,863.09
2020-05-29 11:00:00,862.96,864.39,862.96,863.91
2020-05-29 13:00:00,863.71,864.83,862.51,864.18
2020-05-29 14:00:00,864.32,866.95,864.32,864.47
2020-06-01 09:00:00,868.97,873.33,868.97,872.16
2020-06-01 10:00:00,872.05,874.92,871.88,874.26
2020-06-01 11:00:00,874.28,874.89,874.06,874.26
2020-06-01 13:00:00,875.08,877.53,874.87,877.53
2020-06-01 14:00:00,877.25,878.67,877.25,878.67
2020-06-02 09:00:00,879.23,882.73,877.47,880.02
2020-06-02 10:00:00,880.05,881.01,878.01,880.47
2020-06-02 11:00:00,880.52,881.18,879.63,880.29
2020-06-02 13:00:00,880.57,882.21,878.08,878.08
2020-06-02 14:00:00,877.88,877.88,874.53,874.8
2020-06-03 09:00:00,876.73,878.87,875.0,875.67
2020-06-03 10:00:00,875.61,876.98,874.01,876.74
2020-06-03 11:00:00,877.16,878.03,876.85,877.6
2020-06-03 13:00:00,877.78,878.58,877.45,877.45
2020-06-03 14:00:00,877.77,881.17,877.63,881.17
2020-06-04 09:00:00,883.22,888.13,883.22,885.38
2020-06-04 10:00:00,885.51,887.16,885.25,886.58
2020-06-04 11:00:00,886.14,886.88,885.73,886.53
2020-06-04 13:00:00,886.86,888.32,886.76,887.53
2020-06-04 14:00:00,887.43,887.43,883.9,883.9
2020-06-05 09:00:00,883.4,885.1,878.5,882.7
2020-06-05 10:00:00,882.31,883.94,882.29,883.45
2020-06-05 11:00:00,883.94,884.23,883.31,883.58
2020-06-05 13:00:00,883.78,885.71,883.78,885.71
2020-06-05 14:00:00,885.58,886.59,884.8,886.22
2020-06-08 09:00:00,888.7,898.15,888.7,898.15
2020-06-08 10:00:00,898.44,901.66,898.44,901.54
2020-06-08 11:00:00,901.79,903.3,901.47,903.3
2020-06-08 13:00:00,903.73,905.65,898.91,898.91
2020-06-08 14:00:00,898.74,900.47,898.07,899.92
2020-06-09 09:00:00,902.26,903.92,898.87,902.73
2020-06-09 10:00:00,903.01,904.67,901.49,904.27
2020-06-09 11:00:00,904.53,904.85,903.27,903.57
2020-06-09 13:00:00,903.59,904.89,901.31,901.31
2020-06-09 14:00:00,900.72,901.37,899.22,899.43
2020-06-10 09:00:00,898.78,898.78,890.3,892.17
2020-06-10 10:00:00,892.25,897.75,892.25,896.33
2020-06-10 11:00:00,895.97,901.83,895.97,901.09
2020-06-10 13:00:00,901.19,902.69,898.72,899.04
2020-06-10 14:00:00,899.15,900.69,899.15,900.0
2020-06-11 09:00:00,900.48,902.87,899.53,900.99
2020-06-11 10:00:00,901.08,903.7,899.96,903.37
2020-06-11 11:00:00,903.24,903.24,898.68,898.68
2020-06-11 13:00:00,898.07,898.07,890.81,890.88
2020-06-11 14:00:00,890.52,890.52,867.37,867.37
2020-06-12 09:00:00,841.85,858.85,841.85,849.08
2020-06-12 10:00:00,848.17,857.04,841.44,857.04
2020-06-12 11:00:00,857.38,860.13,855.15,855.15
2020-06-12 13:00:00,855.14,858.03,854.06,854.39
2020-06-12 14:00:00,853.74,863.52,852.11,863.52
2020-06-15 09:00:00,867.52,868.16,854.21,858.7
2020-06-15 10:00:00,859.34,861.45,859.0,860.72
2020-06-15 11:00:00,860.49,860.84,858.14,858.53
2020-06-15 13:00:00,858.2,858.2,838.72,841.07
2020-06-15 14:00:00,840.63,840.63,832.47,832.47
2020-06-16 09:00:00,848.86,850.24,844.67,849.55
2020-06-16 10:00:00,849.69,854.4,848.14,852.25
2020-06-16 11:00:00,852.57,853.08,850.35,850.81
2020-06-16 13:00:00,851.36,858.7,851.36,854.39
2020-06-16 14:00:00,854.41,856.36,854.04,856.13
2020-06-17 09:00:00,861.05,861.05,852.36,856.76
2020-06-17 10:00:00,856.43,859.52,856.43,857.63
2020-06-17 11:00:00,856.82,856.82,855.79,855.79
2020-06-17 13:00:00,855.65,855.65,852.27,853.57
2020-06-17 14:00:00,853.8,856.11,853.56,854.44
2020-06-18 09:00:00,850.92,854.13,847.49,853.66
2020-06-18 10:00:00,852.46,856.82,852.46,855.84
2020-06-18 11:00:00,855.96,856.14,854.86,854.89
2020-06-18 13:00:00,855.5,858.03,855.11,856.36
2020-06-18 14:00:00,856.51,857.98,855.27,855.27
2020-06-19 09:00:00,857.77,861.6,857.77,860.81
2020-06-19 10:00:00,860.53,860.83,859.49,860.83
2020-06-19 11:00:00,860.56,860.93,859.38,860.02
2020-06-19 13:00:00,860.12,862.1,860.12,861.56
2020-06-19 14:00:00,861.52,868.56,861.39,868.56
2020-06-22 09:00:00,871.56,872.94,869.68,872.31
2020-06-22 10:00:00,872.36,872.36,868.17,870.04
2020-06-22 11:00:00,869.86,871.18,869.82,870.82
2020-06-22 13:00:00,871.0,871.0,867.37,869.38
2020-06-22 14:00:00,869.16,871.28,868.78,871.28
2020-06-23 09:00:00,871.12,873.2,870.77,871.53
2020-06-23 10:00:00,871.46,871.75,869.51,871.75
2020-06-23 11:00:00,871.7,872.52,871.25,871.5
2020-06-23 13:00:00,871.7,871.88,869.19,869.19
2020-06-23 14:00:00,868.82,868.9,864.02,868.2
2020-06-24 09:00:00,868.2,873.13,868.2,870.64
2020-06-24 10:00:00,870.73,870.73,866.79,866.89
2020-06-24 11:00:00,866.69,868.06,866.22,867.72
2020-06-24 13:00:00,867.65,867.93,863.13,863.97
2020-06-24 14:00:00,863.83,863.83,857.58,859.71
2020-06-25 09:00:00,851.09,855.78,849.65,854.33
2020-06-25 10:00:00,854.58,855.09,851.15,851.91
2020-06-25 11:00:00,851.96,853.0,851.9,852.3
2020-06-25 13:00:00,852.08,856.13,852.08,854.56
2020-06-25 14:00:00,854.5,856.23,854.5,854.59
2020-06-26 09:00:00,859.07,862.59,858.75,858.75
2020-06-26 10:00:00,859.05,859.24,857.18,857.74
2020-06-26 11:00:00,857.4,857.89,857.24,857.75
2020-06-26 13:00:00,857.29,857.43,850.66,851.1
2020-06-26 14:00:00,850.92,853.82,850.77,851.98
2020-06-29 09:00:00,846.26,846.53,839.9,842.89
2020-06-29 10:00:00,843.0,843.0,831.49,835.7
2020-06-29 11:00:00,835.77,836.15,832.73,833.31
2020-06-29 13:00:00,832.94,832.94,826.0,832.06
2020-06-29 14:00:00,832.08,833.48,829.36,829.36
2020-06-30 09:00:00,836.72,840.31,832.61,832.74
2020-06-30 10:00:00,833.13,837.31,833.13,835.94
2020-06-30 11:00:00,836.3,836.43,835.43,835.84
2020-06-30 13:00:00,835.8,836.1,822.31,822.31
2020-06-30 14:00:00,822.1,829.27,821.92,825.11
2020-07-01 09:00:00,827.67,832.51,826.38,827.57
2020-07-01 10:00:00,828.55,831.34,827.39,829.99
2020-07-01 11:00:00,830.23,834.37,830.17,834.2
2020-07-01 13:00:00,834.34,840.76,833.93,840.76
2020-07-01 14:00:00,840.93,844.26,840.93,843.49
2020-07-02 09:00:00,845.66,845.66,840.26,842.89
2020-07-02 10:00:00,842.37,842.88,839.14,840.29
2020-07-02 11:00:00,840.03,840.39,839.53,839.53
2020-07-02 13:00:00,839.76,841.85,838.48,841.77
2020-07-02 14:00:00,841.45,843.97,841.06,842.38
2020-07-03 09:00:00,845.26,846.92,843.25,846.51
2020-07-03 10:00:00,846.46,847.36,845.28,845.56
2020-07-03 11:00:00,846.07,846.43,845.78,846.28
2020-07-03 13:00:00,846.88,848.16,846.6,846.92
2020-07-03 14:00:00,846.82,848.08,846.73,847.61
2020-07-06 09:00:00,851.47,853.9,850.31,850.95
2020-07-06 10:00:00,851.38,852.07,850.04,851.81
2020-07-06 11:00:00,851.51,857.94,851.51,857.94
2020-07-06 13:00:00,857.99,861.85,857.99,860.05
2020-07-06 14:00:00,859.75,861.61,859.46,861.16
2020-07-07 09:00:00,865.46,868.16,865.46,866.29
2020-07-07 10:00:00,866.04,870.63,866.04,868.79
2020-07-07 11:00:00,868.99,868.99,868.16,868.47
2020-07-07 13:00:00,868.77,869.27,865.98,866.97
2020-07-07 14:00:00,867.38,867.38,863.42,863.42
2020-07-08 09:00:00,861.75,864.16,859.98,861.25
2020-07-08 10:00:00,861.42,865.58,861.42,864.5
2020-07-08 11:00:00,864.48,865.08,863.77,864.38
2020-07-08 13:00:00,864.26,864.41,862.22,863.18
2020-07-08 14:00:00,863.11,864.78,863.01,864.5
2020-07-09 09:00:00,867.66,870.43,867.45,870.14
2020-07-09 10:00:00,870.01,873.21,869.87,873.19
2020-07-09 11:00:00,873.84,874.96,873.71,874.8
2020-07-09 13:00:00,875.18,876.38,873.61,874.38
2020-07-09 14:00:00,874.49,878.36,874.3,876.46
2020-07-10 09:00:00,873.7,878.53,873.7,874.84
2020-07-10 10:00:00,874.98,877.25,874.9,877.18
2020-07-10 11:00:00,876.87,877.06,873.14,873.14
2020-07-10 13:00:00,872.36,872.36,867.59,871.06
2020-07-10 14:00:00,871.3,872.2,870.74,871.21
2020-07-13 09:00:00,874.85,876.83,873.99,874.44
2020-07-13 10:00:00,874.39,874.65,872.18,872.18
2020-07-13 11:00:00,872.39,872.64,871.54,871.76
2020-07-13 13:00:00,872.04,873.21,870.4,870.4
2020-07-13 14:00:00,870.23,870.23,866.99,868.72
2020-07-14 09:00:00,865.01,866.36,863.39,863.59
2020-07-14 10:00:00,863.67,864.72,861.48,862.42
2020-07-14 11:00:00,862.9,863.43,861.06,861.79
2020-07-14 13:00:00,861.61,866.3,860.28,866.3
2020-07-14 14:00:00,865.97,868.11,865.97,868.11
2020-07-15 09:00:00,872.8,876.69,872.8,873.95
2020-07-15 10:00:00,874.12,876.31,873.62,873.62
2020-07-15 11:00:00,873.7,873.7,872.41,873.07
2020-07-15 13:00:00,873.38,874.65,871.64,872.01
2020-07-15 14:00:00,871.96,872.58,869.91,869.91
2020-07-16 09:00:00,871.81,872.66,870.41,872.22
2020-07-16 10:00:00,871.91,872.57,871.13,871.52
2020-07-16 11:00:00,871.19,871.5,869.44,869.55
2020-07-16 13:00:00,869.69,870.55,869.25,870.55
2020-07-16 14:00:00,870.71,876.83,870.25,876.83
2020-07-17 09:00:00,873.48,874.67,872.07,874.06
2020-07-17 10:00:00,874.43,874.43,872.81,873.38
2020-07-17 11:00:00,873.47,873.47,872.15,872.61
2020-07-17 13:00:00,872.56,875.07,872.46,872.9
2020-07-17 14:00:00,872.73,873.12,871.89,872.02
2020-07-20 09:00:00,870.66,871.64,867.76,868.49
2020-07-20 10:00:00,868.42,868.76,867.44,867.57
2020-07-20 11:00:00,867.35,867.58,864.76,864.96
2020-07-20 13:00:00,865.04,867.18,864.77,866.26
2020-07-20 14:00:00,866.03,866.38,861.4,861.4
2020-07-21 09:00:00,863.94,864.7,858.85,860.45
2020-07-21 10:00:00,860.66,862.57,860.54,860.98
2020-07-21 11:00:00,860.86,861.08,856.94,857.69
2020-07-21 13:00:00,857.53,860.51,857.44,860.51
2020-07-21 14:00:00,860.6,862.67,860.16,861.69
2020-07-22 09:00:00,862.8,864.0,862.31,863.29
2020-07-22 10:00:00,863.37,863.37,861.56,861.81
2020-07-22 11:00:00,861.75,862.15,861.08,861.58
2020-07-22 13:00:00,861.22,861.37,859.86,859.86
2020-07-22 14:00:00,859.27,859.27,854.97,855.08
2020-07-23 09:00:00,854.92,857.22,851.97,853.13
2020-07-23 10:00:00,853.27,856.35,853.23,854.39
2020-07-23 11:00:00,854.6,855.21,854.31,854.57
2020-07-23 13:00:00,854.53,854.67,852.06,853.09
2020-07-23 14:00:00,853.34,856.75,853.34,856.75
2020-07-24 09:00:00,854.23,854.57,848.12,849.29
2020-07-24 10:00:00,848.0,848.52,840.94,842.79
2020-07-24 11:00:00,843.28,843.69,837.63,837.88
2020-07-24 13:00:00,837.65,837.65,816.65,832.2
2020-07-24 14:00:00,832.18,832.18,827.87,829.16
2020-07-27 09:00:00,794.14,808.17,794.14,808.14
2020-07-27 10:00:00,808.45,808.74,798.49,798.51
2020-07-27 11:00:00,797.97,797.97,788.92,789.38
2020-07-27 13:00:00,788.27,788.27,780.64,781.53
2020-07-27 14:00:00,781.26,785.17,781.26,785.17
2020-07-28 09:00:00,786.72,793.39,786.67,791.84
2020-07-28 10:00:00,792.81,797.94,791.12,791.16
2020-07-28 11:00:00,791.48,794.27,791.32,794.06
2020-07-28 13:00:00,794.27,809.63,794.27,809.63
2020-07-28 14:00:00,809.56,814.4,808.46,813.36
2020-07-29 09:00:00,800.39,800.39,783.42,783.42
2020-07-29 10:00:00,782.99,790.69,782.11,785.86
2020-07-29 11:00:00,785.82,785.95,784.54,785.43
2020-07-29 13:00:00,784.25,789.93,779.82,788.45
2020-07-29 14:00:00,788.81,793.84,788.81,790.84
2020-07-30 09:00:00,796.22,801.68,794.88,798.93
2020-07-30 10:00:00,798.88,798.88,797.33,798.63
2020-07-30 11:00:00,798.39,798.89,797.79,798.08
2020-07-30 13:00:00,798.11,802.97,797.35,802.63
2020-07-30 14:00:00,802.45,802.86,801.13,801.13
2020-07-31 09:00:00,787.78,800.37,786.98,796.32
2020-07-31 10:00:00,796.16,803.26,795.35,802.06
2020-07-31 11:00:00,801.62,803.53,801.62,803.41
2020-07-31 13:00:00,803.33,803.55,798.37,798.37
2020-07-31 14:00:00,799.24,799.82,797.5,798.39
2020-08-03 09:00:00,796.86,804.32,796.47,803.41
2020-08-03 10:00:00,803.53,811.52,802.7,811.52
2020-08-03 11:00:00,812.03,812.03,809.66,809.66
2020-08-03 13:00:00,809.82,814.84,809.66,814.6
2020-08-03 14:00:00,814.62,814.65,812.18,814.65
2020-08-04 09:00:00,822.86,824.84,821.9,823.7
2020-08-04 10:00:00,824.23,824.23,820.35,822.14
2020-08-04 11:00:00,822.09,822.23,820.2,821.35
2020-08-04 13:00:00,821.57,823.29,821.35,822.48
2020-08-04 14:00:00,822.24,827.57,822.12,827.57
2020-08-05 09:00:00,827.54,832.93,820.74,831.23
2020-08-05 10:00:00,831.37,835.14,831.26,835.14
2020-08-05 11:00:00,834.94,835.7,834.13,834.5
2020-08-05 13:00:00,834.51,838.01,834.51,837.0
2020-08-05 14:00:00,837.09,839.52,836.96,837.8
2020-08-06 09:00:00,838.01,842.35,833.56,838.55
2020-08-06 10:00:00,839.19,839.89,836.48,838.66
2020-08-06 11:00:00,838.76,839.3,838.38,838.61
2020-08-06 13:00:00,838.68,844.16,837.65,842.54
2020-08-06 14:00:00,841.99,843.36,840.04,840.04
2020-08-07 09:00:00,840.65,841.06,838.78,840.99
2020-08-07 10:00:00,841.12,844.33,840.83,840.85
2020-08-07 11:00:00,841.9,841.9,836.84,838.63
2020-08-07 13:00:00,838.59,840.5,837.83,840.48
2020-08-07 14:00:00,840.75,841.46,840.34,841.46
2020-08-10 09:00:00,845.11,848.04,845.11,847.11
2020-08-10 10:00:00,847.07,848.02,845.64,846.12
2020-08-10 11:00:00,845.95,847.26,845.82,846.94
2020-08-10 13:00:00,847.41,849.52,847.41,849.0
2020-08-10 14:00:00,849.06,849.06,843.2,843.2
2020-08-11 09:00:00,847.61,847.61,841.7,844.3
2020-08-11 10:00:00,844.26,844.26,840.51,840.67
2020-08-11 11:00:00,840.57,842.51,840.35,842.51
2020-08-11 13:00:00,842.08,844.57,842.08,843.59
2020-08-11 14:00:00,843.45,843.96,842.54,843.08
2020-08-12 09:00:00,844.19,848.54,844.08,846.43
2020-08-12 10:00:00,846.66,846.75,844.64,844.91
2020-08-12 11:00:00,844.96,845.11,844.1,844.33
2020-08-12 13:00:00,844.67,845.57,842.88,845.57
2020-08-12 14:00:00,845.66,847.24,845.37,846.92
2020-08-13 09:00:00,849.96,852.76,849.96,850.86
2020-08-13 10:00:00,850.89,851.29,849.86,851.14
2020-08-13 11:00:00,851.06,853.3,851.0,853.3
2020-08-13 13:00:00,853.44,854.83,852.31,852.62
2020-08-13 14:00:00,852.64,855.19,852.62,855.05
2020-08-14 09:00:00,854.29,856.53,852.27,856.25
2020-08-14 10:00:00,856.65,860.32,856.65,859.22
2020-08-14 11:00:00,859.65,859.85,855.84,855.84
2020-08-14 13:00:00,855.2,855.48,852.16,852.16
2020-08-14 14:00:00,852.06,852.06,848.38,850.74
2020-08-17 09:00:00,848.08,852.05,847.12,849.63
2020-08-17 10:00:00,850.07,850.3,843.6,844.42
2020-08-17 11:00:00,844.4,845.14,843.12,844.3
2020-08-17 13:00:00,844.05,849.3,841.62,849.3
2020-08-17 14:00:00,849.34,850.15,847.51,850.15
2020-08-18 09:00:00,850.15,851.06,846.73,848.75
2020-08-18 10:00:00,848.82,850.44,847.91,849.95
2020-08-18 11:00:00,849.98,850.52,849.7,849.8
2020-08-18 13:00:00,849.38,849.68,846.42,846.83
2020-08-18 14:00:00,846.92,847.32,845.0,846.43
2020-08-19 09:00:00,847.19,849.52,846.22,849.52
2020-08-19 10:00:00,849.63,849.75,848.05,849.75
2020-08-19 11:00:00,849.82,851.59,849.82,851.28
2020-08-19 13:00:00,851.22,853.15,851.12,852.51
2020-08-19 14:00:00,852.39,852.39,851.21,851.21
2020-08-20 09:00:00,851.21,856.99,851.21,856.91
2020-08-20 10:00:00,856.73,856.73,851.87,852.64
2020-08-20 11:00:00,852.14,853.05,850.19,850.96
2020-08-20 13:00:00,850.86,852.05,848.42,848.5
2020-08-20 14:00:00,848.03,848.9,847.44,848.21
2020-08-21 09:00:00,849.99,852.63,849.89,850.02
2020-08-21 10:00:00,849.84,853.64,849.69,852.56
2020-08-21 11:00:00,852.42,852.72,852.05,852.07
2020-08-21 13:00:00,852.01,856.45,851.88,855.41
2020-08-21 14:00:00,855.3,856.01,854.49,854.78
2020-08-24 09:00:00,860.35,863.78,860.35,863.78
2020-08-24 10:00:00,864.06,866.71,864.06,864.8
2020-08-24 11:00:00,864.59,865.75,864.07,865.75
2020-08-24 13:00:00,865.86,868.64,865.86,866.44
2020-08-24 14:00:00,866.55,868.68,866.43,868.68
2020-08-25 09:00:00,870.92,875.73,870.92,873.23
2020-08-25 10:00:00,873.21,874.55,871.59,874.55
2020-08-25 11:00:00,874.52,876.36,874.52,875.42
2020-08-25 13:00:00,875.81,877.57,874.38,877.54
2020-08-25 14:00:00,877.51,877.54,874.12,874.12
2020-08-26 09:00:00,873.62,875.44,871.78,875.02
2020-08-26 10:00:00,875.2,875.7,873.04,873.43
2020-08-26 11:00:00,873.58,876.08,873.44,876.08
2020-08-26 13:00:00,876.35,876.97,875.53,875.53
2020-08-26 14:00:00,875.58,875.58,873.28,873.47
2020-08-27 09:00:00,872.38,874.85,872.29,874.85
2020-08-27 10:00:00,874.82,875.71,872.32,873.07
2020-08-27 11:00:00,873.24,873.78,872.97,873.78
2020-08-27 13:00:00,873.62,874.97,871.93,874.34
2020-08-27 14:00:00,874.49,875.21,874.16,874.71
2020-08-28 09:00:00,878.79,880.47,877.7,879.05
2020-08-28 10:00:00,879.18,881.87,879.12,881.72
2020-08-28 11:00:00,882.03,882.15,881.46,881.67
2020-08-28 13:00:00,881.15,885.52,880.94,885.52
2020-08-28 14:00:00,885.48,885.86,878.98,878.98
2020-08-31 09:00:00,882.13,888.44,882.13,883.45
2020-08-31 10:00:00,882.96,885.15,882.57,885.11
2020-08-31 11:00:00,885.19,885.28,883.9,884.27
2020-08-31 13:00:00,883.91,885.07,882.53,882.53
2020-08-31 14:00:00,881.91,881.97,879.26,881.65
2020-09-01 09:00:00,882.4,884.28,880.79,883.8
2020-09-01 10:00:00,883.88,885.96,883.32,885.81
2020-09-01 11:00:00,885.77,887.99,885.54,887.99
2020-09-01 13:00:00,887.85,889.92,887.52,888.88
2020-09-01 14:00:00,889.41,892.51,888.95,891.73
2020-09-03 09:00:00,898.25,900.89,897.82,898.27
2020-09-03 10:00:00,898.76,902.08,898.55,899.52
2020-09-03 11:00:00,899.49,899.75,896.26,899.19
2020-09-03 13:00:00,899.13,900.84,897.73,900.84
2020-09-03 14:00:00,901.12,904.32,900.7,903.97
2020-09-04 09:00:00,896.02,900.95,893.86,898.46
2020-09-04 10:00:00,898.75,902.45,898.14,901.94
2020-09-04 11:00:00,901.57,901.57,898.95,899.46
2020-09-04 13:00:00,899.36,903.11,899.04,902.41
2020-09-04 14:00:00,902.69,903.06,901.52,901.54
2020-09-07 09:00:00,903.85,905.8,902.03,904.77
2020-09-07 10:00:00,904.3,904.57,902.91,903.35
2020-09-07 11:00:00,903.27,905.41,903.27,905.41
2020-09-07 13:00:00,905.63,905.63,899.08,899.25
2020-09-07 14:00:00,898.73,898.73,888.25,888.25
2020-09-08 09:00:00,891.61,894.58,889.5,892.03
2020-09-08 10:00:00,891.9,892.0,884.88,885.55
2020-09-08 11:00:00,885.84,888.59,885.82,888.13
2020-09-08 13:00:00,888.45,892.09,886.75,887.7
2020-09-08 14:00:00,887.68,891.5,887.42,890.14
2020-09-09 09:00:00,883.68,886.3,882.83,885.63
2020-09-09 10:00:00,885.66,885.81,881.57,883.97
2020-09-09 11:00:00,883.81,884.79,883.16,884.6
2020-09-09 13:00:00,884.88,888.74,882.84,888.19
2020-09-09 14:00:00,888.38,892.4,888.38,889.32
2020-09-10 09:00:00,895.29,896.43,891.47,892.12
2020-09-10 10:00:00,892.23,893.0,890.23,890.78
2020-09-10 11:00:00,890.73,895.83,890.73,894.99
2020-09-10 13:00:00,895.94,896.78,892.19,892.27
2020-09-10 14:00:00,892.08,893.85,888.82,888.82
2020-09-11 09:00:00,888.82,888.82,884.67,886.41
2020-09-11 10:00:00,886.07,888.94,886.07,888.81
2020-09-11 11:00:00,888.91,889.81,888.0,888.0
2020-09-11 13:00:00,888.97,889.92,888.18,889.86
2020-09-11 14:00:00,889.64,890.98,888.58,888.97
2020-09-14 09:00:00,891.89,894.59,891.89,894.36
2020-09-14 10:00:00,894.28,895.15,893.81,893.91
2020-09-14 11:00:00,893.78,894.9,893.33,894.9
2020-09-14 13:00:00,894.31,895.31,893.18,893.75
2020-09-14 14:00:00,893.57,895.26,893.57,894.57
2020-09-15 09:00:00,896.61,897.57,894.66,895.17
2020-09-15 10:00:00,895.27,898.74,894.95,897.45
2020-09-15 11:00:00,897.28,898.28,896.92,898.03
2020-09-15 13:00:00,898.22,898.5,897.38,897.81
2020-09-15 14:00:00,897.8,897.8,895.61,896.26
2020-09-16 09:00:00,897.43,897.43,894.63,895.99
2020-09-16 10:00:00,895.7,897.5,895.41,897.08
2020-09-16 11:00:00,897.0,897.05,895.79,896.14
2020-09-16 13:00:00,895.82,897.58,895.06,896.71
2020-09-16 14:00:00,896.85,897.47,896.04,897.47
2020-09-17 09:00:00,897.47,898.48,895.58,897.1
2020-09-17 10:00:00,897.22,899.41,897.1,898.49
2020-09-17 11:00:00,898.75,898.93,898.32,898.49
2020-09-17 13:00:00,898.45,898.85,890.93,893.16
2020-09-17 14:00:00,893.67,897.49,892.44,894.04
2020-09-18 09:00:00,896.08,897.59,895.82,897.24
2020-09-18 10:00:00,897.22,899.24,896.84,899.24
2020-09-18 11:00:00,899.15,899.25,898.44,898.99
2020-09-18 13:00:00,898.85,899.7,898.21,899.66
2020-09-18 14:00:00,899.77,902.11,899.14,900.95
2020-09-21 09:00:00,904.5,908.37,904.5,908.11
2020-09-21 10:00:00,908.09,909.75,907.68,908.35
2020-09-21 11:00:00,908.49,908.99,907.96,908.99
2020-09-21 13:00:00,908.95,909.78,907.83,907.83
2020-09-21 14:00:00,907.82,908.06,905.67,907.94
2020-09-22 09:00:00,905.9,906.43,902.47,904.21
2020-09-22 10:00:00,904.55,908.14,904.47,907.73
2020-09-22 11:00:00,907.6,909.18,907.13,908.57
2020-09-22 13:00:00,908.75,909.69,904.67,905.76
2020-09-22 14:00:00,905.67,906.84,905.67,906.19
2020-09-23 09:00:00,908.97,912.38,908.97,910.77
2020-09-23 10:00:00,910.81,913.52,910.81,911.69
2020-09-23 11:00:00,911.72,911.72,910.34,910.62
2020-09-23 13:00:00,910.6,912.7,910.4,911.62
2020-09-23 14:00:00,911.71,912.5,910.85,912.5
2020-09-24 09:00:00,910.53,912.3,907.32,912.25
2020-09-24 10:00:00,912.1,912.17,910.74,911.58
2020-09-24 11:00:00,911.71,913.55,911.56,913.55
2020-09-24 13:00:00,913.67,914.51,909.55,909.63
2020-09-24 14:00:00,909.6,910.84,908.58,908.58
2020-09-25 09:00:00,910.78,911.3,908.59,908.59
2020-09-25 10:00:00,908.41,911.29,908.08,909.84
2020-09-25 11:00:00,909.72,909.93,908.79,909.01
2020-09-25 13:00:00,909.11,909.68,905.56,906.61
2020-09-25 14:00:00,906.72,909.25,906.72,908.27
2020-09-28 09:00:00,911.2,913.12,910.74,911.01
2020-09-28 10:00:00,910.67,913.26,910.04,912.81
2020-09-28 11:00:00,912.69,912.75,911.58,911.72
2020-09-28 13:00:00,912.04,913.27,912.01,912.58
2020-09-28 14:00:00,912.6,913.6,912.28,912.5
2020-09-29 09:00:00,916.63,917.11,913.04,913.21
2020-09-29 10:00:00,913.25,917.49,913.25,917.14
2020-09-29 11:00:00,916.99,916.99,914.49,914.79
2020-09-29 13:00:00,915.16,915.34,911.23,911.23
2020-09-29 14:00:00,911.13,911.13,903.98,903.98
2020-09-30 09:00:00,904.34,906.82,900.74,903.05
2020-09-30 10:00:00,903.15,903.84,901.12,903.57
2020-09-30 11:00:00,903.59,903.62,902.51,902.63
2020-09-30 13:00:00,902.83,905.17,900.44,905.17
2020-09-30 14:00:00,905.33,907.0,905.21,905.21
2020-10-01 09:00:00,910.13,911.79,909.21,909.44
2020-10-01 10:00:00,909.74,911.47,909.13,911.08
2020-10-01 11:00:00,911.24,912.2,910.82,912.19
2020-10-01 13:00:00,912.5,914.06,911.92,912.21
2020-10-01 14:00:00,912.28,914.09,911.04,914.09
2020-10-02 09:00:00,914.09,916.4,914.09,916.4
2020-10-02 10:00:00,916.67,916.67,912.79,912.79
2020-10-02 11:00:00,912.52,914.27,911.59,914.27
2020-10-02 13:00:00,911.81,911.81,897.72,905.11
2020-10-02 14:00:00,904.87,909.91,904.87,909.91
2020-10-05 09:00:00,913.77,915.55,912.84,912.85
2020-10-05 10:00:00,912.55,914.39,910.96,910.96
2020-10-05 11:00:00,911.2,912.48,911.17,912.12
2020-10-05 13:00:00,912.28,914.22,912.28,913.35
2020-10-05 14:00:00,913.38,915.07,913.38,914.68
2020-10-06 09:00:00,918.11,918.93,915.88,917.43
2020-10-06 10:00:00,917.21,918.13,914.34,914.45
2020-10-06 11:00:00,913.95,915.14,912.77,914.56
2020-10-06 13:00:00,914.73,915.97,914.22,915.97
2020-10-06 14:00:00,915.93,916.89,915.63,915.67
2020-10-07 09:00:00,913.62,916.81,912.69,915.36
2020-10-07 10:00:00,915.34,918.81,914.3,918.52
2020-10-07 11:00:00,918.15,919.42,918.15,918.86
2020-10-07 13:00:00,918.96,923.57,918.92,922.99
2020-10-07 14:00:00,923.02,923.02,918.73,919.72
2020-10-08 09:00:00,922.08,922.08,916.95,920.06
2020-10-08 10:00:00,920.17,921.32,919.01,919.3
2020-10-08 11:00:00,919.04,919.04,917.0,917.31
2020-10-08 13:00:00,917.26,918.71,913.89,916.98
2020-10-08 14:00:00,916.87,918.91,916.65,918.84
2020-10-09 09:00:00,919.48,921.63,917.7,919.47
2020-10-09 10:00:00,919.46,920.94,918.94,920.94
2020-10-09 11:00:00,921.02,921.99,920.58,921.61
2020-10-09 13:00:00,922.39,923.7,921.79,923.17
2020-10-09 14:00:00,922.98,924.0,922.05,924.0
2020-10-12 09:00:00,930.78,932.86,928.87,931.28
2020-10-12 10:00:00,931.1,931.23,928.99,928.99
2020-10-12 11:00:00,929.17,932.83,929.05,932.83
2020-10-12 13:00:00,932.64,933.13,927.95,927.95
2020-10-12 14:00:00,928.14,928.32,923.28,925.83
2020-10-13 09:00:00,926.76,927.21,923.78,926.72
2020-10-13 10:00:00,926.83,927.04,925.36,925.76
2020-10-13 11:00:00,925.57,926.88,924.31,926.88
2020-10-13 13:00:00,927.22,930.96,927.22,929.55
2020-10-13 14:00:00,929.93,930.65,929.42,929.86
2020-10-14 09:00:00,931.89,936.22,931.89,935.49
2020-10-14 10:00:00,935.68,938.04,935.45,935.68
2020-10-14 11:00:00,935.59,936.39,935.34,936.14
2020-10-14 13:00:00,936.04,939.05,936.04,937.31
2020-10-14 14:00:00,937.24,940.18,937.1,940.18
2020-10-15 09:00:00,945.28,945.93,939.99,940.97
2020-10-15 10:00:00,940.31,940.58,939.35,939.78
2020-10-15 11:00:00,939.62,939.9,938.7,939.53
2020-10-15 13:00:00,939.44,944.33,939.44,943.73
2020-10-15 14:00:00,943.74,944.26,939.86,942.76
2020-10-16 09:00:00,944.03,944.55,935.98,942.42
2020-10-16 10:00:00,942.45,944.44,941.09,943.92
2020-10-16 11:00:00,943.39,946.18,943.39,945.95
2020-10-16 13:00:00,946.08,946.23,942.74,942.74
2020-10-16 14:00:00,942.82,943.57,939.56,943.3
2020-10-19 09:00:00,945.01,946.29,943.5,944.77
2020-10-19 10:00:00,945.25,946.15,945.09,945.95
2020-10-19 11:00:00,946.09,946.16,945.24,945.53
2020-10-19 13:00:00,945.34,945.65,941.92,942.82
2020-10-19 14:00:00,942.92,943.85,942.87,943.69
2020-10-20 09:00:00,941.0,942.77,939.23,940.03
2020-10-20 10:00:00,940.32,943.17,939.47,941.46
2020-10-20 11:00:00,941.11,941.57,940.29,941.54
2020-10-20 13:00:00,941.98,942.51,937.32,940.03
2020-10-20 14:00:00,940.65,944.54,940.65,944.42
2020-10-21 09:00:00,947.16,948.08,945.46,947.88
2020-10-21 10:00:00,947.9,948.2,945.67,946.03
2020-10-21 11:00:00,945.85,946.46,943.82,943.82
2020-10-21 13:00:00,943.91,946.0,942.39,945.24
2020-10-21 14:00:00,945.1,945.24,939.0,939.03
2020-10-22 09:00:00,938.06,938.8,935.83,938.67
2020-10-22 10:00:00,938.08,938.28,933.78,935.24
2020-10-22 11:00:00,935.89,938.14,935.84,936.74
2020-10-22 13:00:00,936.64,941.46,936.37,940.01
2020-10-22 14:00:00,939.92,949.9,938.85,949.9
2020-10-23 09:00:00,953.45,957.71,953.14,957.52
2020-10-23 10:00:00,957.75,958.37,955.34,957.29
2020-10-23 11:00:00,957.3,957.75,956.29,957.18
2020-10-23 13:00:00,957.57,958.81,956.79,958.56
2020-10-23 14:00:00,958.19,961.26,957.18,961.26
2020-10-26 09:00:00,967.52,969.79,966.11,968.71
2020-10-26 10:00:00,968.65,968.84,967.03,967.83
2020-10-26 11:00:00,967.88,968.77,967.82,968.7
2020-10-26 13:00:00,968.99,970.15,966.39,966.39
2020-10-26 14:00:00,966.22,967.68,950.8,950.8
2020-10-27 09:00:00,950.8,954.67,950.8,952.96
2020-10-27 10:00:00,952.81,952.81,947.81,948.79
2020-10-27 11:00:00,948.78,954.05,948.78,953.59
2020-10-27 13:00:00,953.87,954.72,948.31,948.31
2020-10-27 14:00:00,948.18,950.24,946.28,946.47
2020-10-28 09:00:00,942.82,946.04,942.07,944.46
2020-10-28 10:00:00,944.05,946.91,943.05,943.26
2020-10-28 11:00:00,943.21,943.21,937.48,939.38
2020-10-28 13:00:00,938.46,942.1,936.46,937.88
2020-10-28 14:00:00,938.19,939.08,921.05,921.05
2020-10-29 09:00:00,916.49,923.13,916.49,920.63
2020-10-29 10:00:00,921.15,921.37,914.48,918.36
2020-10-29 11:00:00,918.62,923.53,918.4,921.53
2020-10-29 13:00:00,921.35,925.84,921.2,922.66
2020-10-29 14:00:00,922.98,923.74,914.33,919.08
2020-10-30 09:00:00,925.41,926.32,918.15,919.65
2020-10-30 10:00:00,919.78,919.78,918.11,918.68
2020-10-30 11:00:00,918.4,921.05,918.28,920.15
2020-10-30 13:00:00,919.07,919.07,912.37,914.62
2020-10-30 14:00:00,914.55,925.47,911.2,925.47
2020-11-02 09:00:00,926.09,928.35,924.14,928.35
2020-11-02 10:00:00,928.6,929.81,926.75,926.75
2020-11-02 11:00:00,926.69,927.13,925.91,927.07
2020-11-02 13:00:00,926.84,930.24,925.77,930.24
2020-11-02 14:00:00,930.37,933.68,928.28,933.68
2020-11-03 09:00:00,936.73,937.57,934.66,935.31
2020-11-03 10:00:00,934.96,936.42,934.4,935.11
2020-11-03 11:00:00,935.39,936.33,935.11,935.75
2020-11-03 13:00:00,936.0,936.0,932.18,932.18
2020-11-03 14:00:00,933.5,936.84,933.5,935.41
2020-11-04 09:00:00,935.41,937.62,933.86,934.93
2020-11-04 10:00:00,934.79,940.32,934.58,939.95
2020-11-04 11:00:00,939.93,940.75,939.59,939.59
2020-11-04 13:00:00,939.37,942.92,939.37,942.92
2020-11-04 14:00:00,942.86,943.56,939.76,939.76
2020-11-05 09:00:00,940.32,943.44,938.87,941.94
2020-11-05 10:00:00,941.42,943.27,941.42,941.83
2020-11-05 11:00:00,942.0,945.43,942.0,944.77
2020-11-05 13:00:00,945.17,945.51,941.5,942.75
2020-11-05 14:00:00,942.76,943.34,937.75,937.75
2020-11-06 09:00:00,939.73,941.2,938.48,939.62
2020-11-06 10:00:00,939.84,940.53,937.43,937.88
2020-11-06 11:00:00,938.04,939.13,936.28,936.51
2020-11-06 13:00:00,936.52,937.29,934.63,937.29
2020-11-06 14:00:00,937.27,939.18,937.2,938.29
2020-11-09 09:00:00,942.15,945.22,942.15,944.22
2020-11-09 10:00:00,943.87,946.53,943.8,946.32
2020-11-09 11:00:00,946.2,947.87,946.08,947.25
2020-11-09 13:00:00,947.48,948.08,946.02,946.56
2020-11-09 14:00:00,946.45,951.99,945.19,951.99
2020-11-10 09:00:00,962.68,963.47,959.16,960.08
2020-11-10 10:00:00,959.73,959.74,955.41,957.44
2020-11-10 11:00:00,957.53,958.33,957.04,958.29
2020-11-10 13:00:00,958.47,961.01,957.95,961.01
2020-11-10 14:00:00,960.88,961.11,951.9,951.9
2020-11-11 09:00:00,954.46,955.0,952.68,954.7
2020-11-11 10:00:00,953.65,956.21,952.99,956.21
2020-11-11 11:00:00,956.06,956.65,953.33,953.84
2020-11-11 13:00:00,954.18,954.85,949.26,950.39
2020-11-11 14:00:00,950.84,954.2,947.61,952.22
2020-11-12 09:00:00,953.97,957.29,953.62,957.29
2020-11-12 10:00:00,957.02,958.55,956.57,957.52
2020-11-12 11:00:00,957.51,957.51,955.03,955.9
2020-11-12 13:00:00,956.37,957.71,954.82,957.45
2020-11-12 14:00:00,957.46,959.28,956.88,959.28
2020-11-13 09:00:00,959.56,962.28,959.13,961.37
2020-11-13 10:00:00,961.62,962.12,960.53,961.15
2020-11-13 11:00:00,961.05,962.54,960.82,962.46
2020-11-13 13:00:00,962.49,964.09,962.39,963.88
2020-11-13 14:00:00,963.93,966.29,963.93,966.29
2020-11-16 09:00:00,970.11,972.98,968.53,968.53
2020-11-16 10:00:00,968.32,969.35,962.18,965.34
2020-11-16 11:00:00,965.23,965.29,958.47,958.47
2020-11-16 13:00:00,958.79,966.72,958.79,963.23
2020-11-16 14:00:00,963.09,963.86,950.5,950.79
2020-11-17 09:00:00,955.52,956.07,953.22,954.6
2020-11-17 10:00:00,954.95,957.25,954.95,955.97
2020-11-17 11:00:00,955.81,957.45,955.73,957.16
2020-11-17 13:00:00,957.56,961.62,956.4,961.62
2020-11-17 14:00:00,961.43,968.9,961.4,968.9
2020-11-18 09:00:00,969.48,972.92,966.32,970.86
2020-11-18 10:00:00,970.71,972.19,968.54,970.2
2020-11-18 11:00:00,970.1,972.26,969.24,971.91
2020-11-18 13:00:00,971.95,972.57,967.0,971.69
2020-11-18 14:00:00,972.4,974.3,968.23,973.53
2020-11-19 09:00:00,975.32,977.03,974.33,976.62
2020-11-19 10:00:00,976.46,979.83,975.03,979.23
2020-11-19 11:00:00,979.28,979.67,977.13,978.7
2020-11-19 13:00:00,978.13,982.44,977.08,977.83
2020-11-19 14:00:00,978.06,983.26,977.27,983.26
2020-11-20 09:00:00,984.71,986.04,980.72,984.6
2020-11-20 10:00:00,985.03,986.23,984.37,984.37
2020-11-20 11:00:00,984.31,984.76,982.65,982.96
2020-11-20 13:00:00,983.1,988.12,983.0,985.59
2020-11-20 14:00:00,985.54,990.0,985.54,990.0
2020-11-23 09:00:00,991.87,992.45,985.38,991.36
2020-11-23 10:00:00,991.38,991.44,988.32,989.26
2020-11-23 11:00:00,989.73,991.97,989.56,991.72
2020-11-23 13:00:00,991.99,992.82,990.31,991.08
2020-11-23 14:00:00,991.48,995.9,991.29,994.19
2020-11-24 09:00:00,996.55,997.82,990.36,993.15
2020-11-24 10:00:00,993.32,997.99,993.32,996.79
2020-11-24 11:00:00,996.47,996.47,989.66,989.66
2020-11-24 13:00:00,989.1,991.97,984.92,988.43
2020-11-24 14:00:00,988.44,995.76,988.42,995.76
2020-11-25 09:00:00,1000.39,1001.72,997.53,999.45
2020-11-25 10:00:00,999.09,1000.64,997.31,1000.64
2020-11-25 11:00:00,1001.01,1001.54,1000.49,1000.85
2020-11-25 13:00:00,1000.73,1001.56,996.8,1000.99
2020-11-25 14:00:00,1001.04,1002.31,999.94,999.94
2020-11-26 09:00:00,999.24,1002.72,994.91,999.81
2020-11-26 10:00:00,999.94,1001.95,997.94,997.94
2020-11-26 11:00:00,997.44,999.74,995.89,999.74
2020-11-26 13:00:00,999.63,1003.53,998.79,1001.91
2020-11-26 14:00:00,1002.09,1005.97,1001.13,1005.97
2020-11-27 09:00:00,1006.68,1008.9,1006.68,1006.91
2020-11-27 10:00:00,1006.6,1008.18,1005.66,1008.0
2020-11-27 11:00:00,1008.33,1008.57,1006.58,1006.65
2020-11-27 13:00:00,1006.5,1007.36,1004.0,1005.74
2020-11-27 14:00:00,1005.58,1010.22,1005.58,1010.22
2020-11-30 09:00:00,1011.82,1012.5,1008.23,1010.68
2020-11-30 10:00:00,1010.78,1010.92,1006.95,1008.14
2020-11-30 11:00:00,1007.97,1009.44,1007.97,1009.44
2020-11-30 13:00:00,1009.68,1009.68,1004.93,1005.95
2020-11-30 14:00:00,1005.69,1009.32,1002.61,1003.08
2020-12-01 09:00:00,988.71,995.76,988.71,995.6
2020-12-01 10:00:00,995.81,999.58,995.81,996.1
2020-12-01 11:00:00,996.09,996.81,996.02,996.55
2020-12-01 13:00:00,996.99,1004.17,996.6,1004.17
2020-12-01 14:00:00,1004.57,1008.87,1004.57,1008.87
2020-12-02 09:00:00,1008.77,1011.36,1007.97,1010.47
2020-12-02 10:00:00,1010.78,1012.21,1010.77,1011.99
2020-12-02 11:00:00,1012.04,1012.07,1007.91,1008.58
2020-12-02 13:00:00,1007.93,1015.86,1007.93,1015.44
2020-12-02 14:00:00,1015.24,1015.24,1013.46,1014.32
2020-12-03 09:00:00,1016.73,1017.73,1014.06,1015.15
2020-12-03 10:00:00,1015.1,1017.41,1015.01,1016.43
2020-12-03 11:00:00,1016.33,1016.36,1014.41,1014.53
2020-12-03 13:00:00,1014.55,1018.55,1014.52,1018.55
2020-12-03 14:00:00,1018.64,1020.35,1018.6,1019.8
2020-12-04 09:00:00,1019.8,1022.5,1018.94,1022.27
2020-12-04 10:00:00,1022.6,1024.21,1020.55,1020.55
2020-12-04 11:00:00,1019.99,1021.94,1018.67,1020.62
2020-12-04 13:00:00,1021.85,1024.05,1021.26,1024.05
2020-12-04 14:00:00,1024.15,1025.17,1021.06,1021.49
2020-12-07 09:00:00,1024.34,1026.47,1023.23,1024.75
2020-12-07 10:00:00,1024.76,1024.79,1022.14,1023.4
2020-12-07 11:00:00,1023.16,1025.3,1023.12,1025.2
2020-12-07 13:00:00,1025.5,1029.51,1025.5,1028.67
2020-12-07 14:00:00,1028.49,1030.41,1028.01,1029.98
2020-12-08 09:00:00,1029.98,1032.05,1028.24,1031.39
2020-12-08 10:00:00,1031.26,1032.58,1029.51,1029.51
2020-12-08 11:00:00,1029.2,1029.21,1025.63,1027.58
2020-12-08 13:00:00,1027.91,1030.49,1027.7,1028.77
2020-12-08 14:00:00,1028.74,1032.03,1028.45,1029.26
2020-12-09 09:00:00,1029.26,1032.44,1029.26,1032.44
2020-12-09 10:00:00,1032.26,1034.31,1032.26,1033.2
2020-12-09 11:00:00,1033.59,1034.98,1033.28,1034.98
2020-12-09 13:00:00,1034.91,1038.62,1034.91,1038.62
2020-12-09 14:00:00,1038.28,1039.55,1036.65,1039.13
2020-12-10 09:00:00,1041.65,1043.85,1040.96,1041.39
2020-12-10 10:00:00,1041.55,1044.1,1041.55,1043.04
2020-12-10 11:00:00,1042.95,1043.29,1039.24,1039.25
2020-12-10 13:00:00,1038.8,1041.04,1036.53,1039.9
2020-12-10 14:00:00,1040.04,1040.04,1030.91,1030.91
2020-12-11 09:00:00,1033.19,1034.45,1030.06,1031.85
2020-12-11 10:00:00,1031.95,1035.18,1031.38,1035.03
2020-12-11 11:00:00,1034.9,1038.15,1034.9,1035.95
2020-12-11 13:00:00,1035.71,1040.31,1035.71,1039.97
2020-12-11 14:00:00,1039.93,1045.96,1039.93,1045.96
2020-12-14 09:00:00,1048.97,1052.24,1048.97,1052.14
2020-12-14 10:00:00,1052.29,1053.96,1050.45,1053.0
2020-12-14 11:00:00,1053.04,1053.1,1052.53,1052.53
2020-12-14 13:00:00,1052.79,1056.04,1052.79,1056.0
2020-12-14 14:00:00,1056.36,1064.09,1056.05,1064.09
2020-12-15 09:00:00,1062.02,1065.38,1058.0,1061.71
2020-12-15 10:00:00,1061.4,1067.45,1061.4,1064.91
2020-12-15 11:00:00,1064.24,1064.27,1061.68,1063.27
2020-12-15 13:00:00,1063.1,1065.11,1054.45,1054.45
2020-12-15 14:00:00,1054.48,1057.8,1052.01,1055.27
2020-12-16 09:00:00,1058.34,1060.84,1057.21,1058.13
2020-12-16 10:00:00,1058.57,1063.98,1058.57,1063.98
2020-12-16 11:00:00,1064.05,1064.05,1063.05,1063.55
2020-12-16 13:00:00,1063.51,1066.69,1060.97,1063.99
2020-12-16 14:00:00,1064.2,1066.99,1063.22,1066.99
2020-12-17 09:00:00,1065.85,1065.85,1055.45,1058.81
2020-12-17 10:00:00,1058.11,1062.62,1057.81,1061.8
2020-12-17 11:00:00,1061.7,1061.88,1055.97,1056.18
2020-12-17 13:00:00,1055.43,1058.48,1051.42,1057.69
2020-12-17 14:00:00,1057.68,1057.97,1051.59,1051.77
2020-12-18 09:00:00,1055.75,1060.13,1055.75,1057.77
2020-12-18 10:00:00,1057.86,1063.21,1057.86,1061.03
2020-12-18 11:00:00,1060.81,1063.2,1060.81,1062.49
2020-12-18 13:00:00,1062.5,1065.21,1062.5,1065.21
2020-12-18 14:00:00,1065.1,1068.56,1065.1,1067.46
2020-12-21 09:00:00,1071.62,1076.7,1071.62,1076.55
2020-12-21 10:00:00,1076.64,1081.6,1076.64,1080.76
2020-12-21 11:00:00,1081.01,1081.01,1073.34,1073.34
2020-12-21 13:00:00,1072.91,1077.01,1070.86,1076.7
2020-12-21 14:00:00,1076.78,1081.08,1076.65,1081.08
2020-12-22 09:00:00,1081.85,1083.96,1077.06,1081.72
2020-12-22 10:00:00,1081.84,1083.23,1080.55,1082.64
2020-12-22 11:00:00,1082.87,1083.56,1078.36,1078.7
2020-12-22 13:00:00,1078.67,1082.9,1078.67,1082.39
2020-12-22 14:00:00,1082.58,1084.23,1082.58,1083.45
2020-12-23 09:00:00,1087.89,1088.99,1084.46,1086.41
2020-12-23 10:00:00,1086.66,1088.17,1086.19,1087.91
2020-12-23 11:00:00,1087.77,1092.16,1087.77,1091.42
2020-12-23 13:00:00,1091.51,1094.09,1077.92,1078.92
2020-12-23 14:00:00,1078.96,1079.91,1078.44,1078.9
2020-12-24 09:00:00,1083.83,1084.76,1066.18,1066.18
2020-12-24 10:00:00,1063.03,1070.84,1046.89,1061.97
2020-12-24 11:00:00,1060.27,1067.3,1057.13,1063.36
2020-12-24 13:00:00,1063.45,1068.11,1063.45,1066.45
2020-12-24 14:00:00,1066.52,1067.85,1066.52,1067.52
2020-12-25 09:00:00,1068.83,1070.88,1061.83,1070.88
2020-12-25 10:00:00,1071.61,1075.26,1070.17,1074.28
2020-12-25 11:00:00,1074.43,1075.03,1073.43,1074.45
2020-12-25 13:00:00,1074.9,1082.55,1074.9,1081.73
2020-12-25 14:00:00,1081.69,1084.42,1080.8,1084.42
2020-12-28 09:00:00,1094.37,1095.23,1090.16,1090.22
2020-12-28 10:00:00,1090.41,1093.46,1090.14,1093.4
2020-12-28 11:00:00,1093.52,1096.11,1093.29,1094.9
2020-12-28 13:00:00,1094.57,1094.57,1083.9,1090.38
2020-12-28 14:00:00,1090.62,1092.6,1090.62,1091.33
2020-12-29 09:00:00,1090.49,1095.46,1087.93,1095.46
2020-12-29 10:00:00,1095.57,1096.02,1092.28,1094.48
2020-12-29 11:00:00,1094.63,1099.74,1094.61,1098.9
2020-12-29 13:00:00,1099.24,1102.79,1095.81,1096.72
2020-12-29 14:00:00,1096.9,1099.49,1096.85,1099.49
2020-12-30 09:00:00,1099.78,1106.74,1099.78,1103.95
2020-12-30 10:00:00,1104.05,1108.83,1104.05,1108.15
2020-12-30 11:00:00,1108.29,1108.29,1104.53,1104.53
2020-12-30 13:00:00,1104.54,1105.35,1100.62,1100.62
2020-12-30 14:00:00,1100.48,1100.5,1094.91,1097.54
2020-12-31 09:00:00,1098.25,1101.96,1098.25,1099.45
2020-12-31 10:00:00,1099.63,1099.63,1096.27,1098.0
2020-12-31 11:00:00,1098.58,1100.75,1098.46,1100.31
2020-12-31 13:00:00,1100.52,1105.33,1100.44,1102.47
2020-12-31 14:00:00,1102.41,1104.86,1100.54,1103.87
2021-01-04 09:00:00,1113.77,1117.61,1113.59,1114.76
2021-01-04 10:00:00,1115.02,1118.2,1114.44,1118.2
2021-01-04 11:00:00,1117.83,1119.44,1117.83,1118.86
2021-01-04 13:00:00,1119.22,1124.65,1119.22,1124.65
2021-01-04 14:00:00,1124.73,1126.43,1118.12,1120.47
2021-01-05 09:00:00,1116.96,1125.24,1116.49,1125.24
2021-01-05 10:00:00,1125.86,1129.6,1125.03,1128.28
2021-01-05 11:00:00,1128.24,1130.11,1127.13,1129.84
2021-01-05 13:00:00,1129.88,1134.45,1129.88,1133.64
2021-01-05 14:00:00,1133.36,1133.36,1131.61,1132.55
2021-01-06 09:00:00,1139.12,1140.6,1133.7,1139.63
2021-01-06 10:00:00,1139.78,1147.0,1139.55,1146.12
2021-01-06 11:00:00,1147.07,1148.12,1145.73,1147.47
2021-01-06 13:00:00,1147.54,1152.85,1138.98,1139.5
2021-01-06 14:00:00,1139.42,1143.21,1139.42,1143.21
2021-01-07 09:00:00,1147.26,1151.77,1143.44,1151.77
2021-01-07 10:00:00,1151.29,1152.49,1147.79,1151.95
2021-01-07 11:00:00,1151.15,1151.64,1148.36,1149.33
2021-01-07 13:00:00,1149.52,1154.52,1149.41,1153.61
2021-01-07 14:00:00,1154.37,1156.49,1154.37,1156.49
2021-01-08 09:00:00,1164.1,1171.08,1164.1,1170.99
2021-01-08 10:00:00,1170.91,1176.33,1170.91,1176.09
2021-01-08 11:00:00,1176.29,1176.31,1163.2,1163.2
2021-01-08 13:00:00,1161.91,1171.09,1160.48,1166.09
2021-01-08 14:00:00,1166.05,1167.69,1166.03,1167.69
2021-01-11 09:00:00,1176.47,1184.47,1176.47,1180.2
2021-01-11 10:00:00,1179.61,1182.79,1175.0,1182.71
2021-01-11 11:00:00,1182.97,1186.45,1182.97,1185.01
2021-01-11 13:00:00,1185.31,1186.02,1183.65,1183.8
2021-01-11 14:00:00,1183.78,1184.89,1183.78,1184.89
2021-01-12 09:00:00,1190.38,1190.38,1179.24,1185.69
2021-01-12 10:00:00,1186.46,1191.29,1185.18,1189.14
2021-01-12 11:00:00,1189.55,1189.55,1187.23,1187.98
2021-01-12 13:00:00,1187.94,1192.06,1187.94,1191.35
2021-01-12 14:00:00,1191.61,1192.28,1190.32,1192.28
2021-01-13 09:00:00,1197.32,1200.82,1192.23,1194.06
2021-01-13 10:00:00,1194.86,1198.02,1194.52,1194.76
2021-01-13 11:00:00,1194.65,1198.53,1194.65,1195.9
2021-01-13 13:00:00,1197.19,1197.24,1183.18,1183.41
2021-01-13 14:00:00,1183.31,1186.05,1183.22,1186.05
2021-01-14 09:00:00,1189.48,1190.5,1178.84,1180.38
2021-01-14 10:00:00,1181.24,1189.79,1181.24,1187.66
2021-01-14 11:00:00,1188.07,1188.73,1184.6,1184.76
2021-01-14 13:00:00,1184.71,1185.71,1182.31,1183.27
2021-01-14 14:00:00,1183.98,1187.4,1183.94,1187.4
2021-01-15 09:00:00,1188.84,1197.74,1188.84,1194.91
2021-01-15 10:00:00,1195.08,1195.7,1190.33,1190.73
2021-01-15 11:00:00,1190.67,1192.99,1190.67,1191.31
2021-01-15 13:00:00,1192.07,1194.22,1191.15,1192.34
2021-01-15 14:00:00,1192.71,1194.2,1192.71,1194.2
2021-01-18 09:00:00,1198.79,1199.2,1192.95,1196.94
2021-01-18 10:00:00,1197.1,1198.31,1193.34,1197.13
2021-01-18 11:00:00,1197.18,1197.68,1193.27,1193.76
2021-01-18 13:00:00,1194.11,1200.85,1194.11,1196.21
2021-01-18 14:00:00,1197.36,1198.35,1190.33,1191.94
2021-01-19 09:00:00,1189.91,1189.91,1183.49,1187.71
2021-01-19 10:00:00,1187.68,1187.74,1149.46,1149.46
2021-01-19 11:00:00,1146.68,1146.68,1117.17,1117.23
2021-01-19 13:00:00,1117.51,1131.53,1117.51,1131.45
2021-01-19 14:00:00,1131.51,1133.74,1126.21,1131.0
2021-01-20 09:00:00,1136.5,1142.48,1113.2,1113.2
2021-01-20 10:00:00,1098.05,1138.07,1098.05,1110.66
2021-01-20 11:00:00,1111.29,1130.65,1111.29,1130.36
2021-01-20 13:00:00,1131.53,1136.7,1127.1,1129.73
2021-01-20 14:00:00,1129.77,1134.68,1129.65,1134.68
2021-01-21 09:00:00,1146.86,1147.24,1132.66,1140.03
2021-01-21 10:00:00,1140.54,1147.96,1139.41,1147.96
2021-01-21 11:00:00,1149.28,1150.21,1144.07,1145.11
2021-01-21 13:00:00,1145.27,1156.08,1145.04,1155.74
2021-01-21 14:00:00,1155.98,1164.21,1155.74,1164.21
2021-01-22 09:00:00,1166.77,1174.04,1161.43,1167.34
2021-01-22 10:00:00,1167.54,1175.72,1167.54,1174.14
2021-01-22 11:00:00,1174.04,1174.04,1167.74,1167.74
2021-01-22 13:00:00,1167.68,1170.51,1161.91,1168.95
2021-01-22 14:00:00,1168.77,1168.87,1164.18,1166.78
2021-01-25 09:00:00,1164.2,1171.15,1162.8,1164.14
2021-01-25 10:00:00,1164.6,1168.25,1164.33,1167.42
2021-01-25 11:00:00,1167.2,1168.91,1167.13,1168.91
2021-01-25 13:00:00,1169.09,1172.18,1168.37,1169.76
2021-01-25 14:00:00,1169.08,1169.08,1164.85,1166.05
2021-01-26 09:00:00,1164.97,1164.97,1146.86,1157.4
2021-01-26 10:00:00,1156.99,1158.1,1150.8,1151.46
2021-01-26 11:00:00,1150.96,1150.96,1121.03,1127.7
2021-01-26 13:00:00,1129.91,1138.02,1125.6,1133.38
2021-01-26 14:00:00,1134.17,1136.12,1131.49,1136.12
2021-01-27 09:00:00,1122.41,1131.18,1122.32,1130.98
2021-01-27 10:00:00,1131.88,1132.99,1105.28,1105.28
2021-01-27 11:00:00,1104.95,1121.98,1104.95,1113.39
2021-01-27 13:00:00,1112.94,1114.3,1088.86,1094.67
2021-01-27 14:00:00,1094.29,1097.17,1091.75,1097.17
2021-01-28 09:00:00,1041.71,1052.16,1038.34,1038.34
2021-01-28 10:00:00,1037.07,1050.46,1032.07,1042.0
2021-01-28 11:00:00,1042.21,1042.21,1026.27,1026.27
2021-01-28 13:00:00,1026.66,1026.66,1022.77,1023.28
2021-01-28 14:00:00,1023.25,1023.94,1022.97,1023.94
2021-01-29 09:00:00,998.33,1041.77,998.33,1029.89
2021-01-29 10:00:00,1029.44,1062.08,1021.54,1062.08
2021-01-29 11:00:00,1064.16,1076.11,1055.58,1055.58
2021-01-29 13:00:00,1057.92,1067.7,1057.43,1066.37
2021-01-29 14:00:00,1066.45,1069.09,1056.61,1056.61
2021-02-01 09:00:00,1056.61,1074.52,1056.61,1068.14
2021-02-01 10:00:00,1067.85,1067.99,1061.91,1064.94
2021-02-01 11:00:00,1064.44,1064.44,1039.1,1058.17
2021-02-01 13:00:00,1056.57,1059.76,1046.72,1046.72
2021-02-01 14:00:00,1045.09,1050.25,1035.51,1035.51
2021-02-02 09:00:00,1036.95,1041.34,1029.36,1037.74
2021-02-02 10:00:00,1038.33,1046.96,1037.84,1046.96
2021-02-02 11:00:00,1047.35,1056.14,1047.35,1053.74
2021-02-02 13:00:00,1055.18,1074.91,1053.38,1070.05
2021-02-02 14:00:00,1068.14,1075.53,1066.66,1075.53
2021-02-03 09:00:00,1084.87,1097.57,1082.95,1095.66
2021-02-03 10:00:00,1094.38,1098.56,1090.74,1092.75
2021-02-03 11:00:00,1092.74,1095.73,1092.47,1095.41
2021-02-03 13:00:00,1095.23,1108.89,1095.23,1108.89
2021-02-03 14:00:00,1109.12,1113.24,1107.03,1111.29
2021-02-04 09:00:00,1112.97,1115.0,1098.85,1111.91
2021-02-04 10:00:00,1111.66,1117.88,1111.66,1116.02
2021-02-04 11:00:00,1116.53,1117.12,1103.34,1106.37
2021-02-04 13:00:00,1106.28,1113.95,1103.06,1113.43
2021-02-04 14:00:00,1113.2,1114.03,1110.32,1112.19
2021-02-05 09:00:00,1114.79,1118.64,1112.19,1116.27
2021-02-05 10:00:00,1116.0,1117.97,1115.08,1116.98
2021-02-05 11:00:00,1116.91,1120.97,1116.91,1120.92
2021-02-05 13:00:00,1121.81,1125.18,1120.46,1121.05
2021-02-05 14:00:00,1121.1,1126.91,1121.1,1126.91
2021-02-08 09:00:00,1127.06,1127.06,1116.09,1116.09
2021-02-08 10:00:00,1115.62,1118.2,1100.17,1100.17
2021-02-08 11:00:00,1076.15,1098.28,1075.34,1091.27
2021-02-08 13:00:00,1088.56,1090.01,1075.1,1078.98
2021-02-08 14:00:00,1079.67,1083.33,1079.67,1083.18
2021-02-09 09:00:00,1090.88,1094.34,1083.31,1083.31
2021-02-09 10:00:00,1082.77,1094.43,1078.98,1093.26
2021-02-09 11:00:00,1092.59,1105.36,1091.31,1105.36
2021-02-09 13:00:00,1106.11,1112.78,1106.11,1112.78
2021-02-09 14:00:00,1112.82,1114.93,1112.08,1114.93
2021-02-17 09:00:00,1127.46,1137.72,1127.46,1136.2
2021-02-17 10:00:00,1137.52,1143.05,1137.16,1140.7
2021-02-17 11:00:00,1140.83,1143.03,1140.83,1142.78
2021-02-17 13:00:00,1142.87,1151.54,1142.87,1149.79
2021-02-17 14:00:00,1149.75,1155.78,1149.55,1155.78
2021-02-18 09:00:00,1157.1,1163.04,1148.66,1159.14
2021-02-18 10:00:00,1159.87,1166.46,1159.87,1166.46
2021-02-18 11:00:00,1166.33,1167.8,1162.25,1162.25
2021-02-18 13:00:00,1161.89,1168.51,1159.66,1168.51
2021-02-18 14:00:00,1167.74,1174.38,1164.93,1174.38
2021-02-19 09:00:00,1160.65,1171.34,1157.6,1171.34
2021-02-19 10:00:00,1171.52,1178.18,1169.73,1171.76
2021-02-19 11:00:00,1171.69,1173.03,1169.78,1169.93
2021-02-19 13:00:00,1169.2,1176.41,1169.11,1173.43
2021-02-19 14:00:00,1173.27,1173.5,1172.89,1173.5
2021-02-22 09:00:00,1173.57,1179.76,1172.9,1176.94
2021-02-22 10:00:00,1176.39,1182.67,1173.99,1179.3
2021-02-22 11:00:00,1179.76,1180.46,1178.81,1180.01
2021-02-22 13:00:00,1180.21,1182.26,1169.12,1173.98
2021-02-22 14:00:00,1174.72,1177.18,1171.03,1175.04
2021-02-23 09:00:00,1174.57,1177.02,1170.23,1177.02
2021-02-23 10:00:00,1176.72,1177.12,1168.32,1173.53
2021-02-23 11:00:00,1173.67,1176.13,1173.67,1174.71
2021-02-23 13:00:00,1174.95,1178.32,1170.65,1178.32
2021-02-23 14:00:00,1177.92,1184.32,1174.13,1177.64
2021-02-24 09:00:00,1184.32,1185.58,1180.07,1180.48
2021-02-24 10:00:00,1180.64,1180.74,1176.83,1179.69
2021-02-24 11:00:00,1179.58,1179.87,1177.86,1177.98
2021-02-24 13:00:00,1176.65,1176.65,1154.36,1157.65
2021-02-24 14:00:00,1158.0,1163.0,1157.86,1162.01
2021-02-25 09:00:00,1169.97,1169.97,1165.51,1168.11
2021-02-25 10:00:00,1168.1,1168.1,1158.3,1166.02
2021-02-25 11:00:00,1166.06,1166.48,1160.34,1160.94
2021-02-25 13:00:00,1161.34,1163.4,1155.74,1161.45
2021-02-25 14:00:00,1162.72,1166.01,1158.81,1165.43
2021-02-26 09:00:00,1148.88,1156.6,1148.88,1155.65
2021-02-26 10:00:00,1155.63,1162.24,1154.87,1160.81
2021-02-26 11:00:00,1160.36,1160.36,1155.62,1158.15
2021-02-26 13:00:00,1157.21,1168.38,1152.76,1168.31
2021-02-26 14:00:00,1168.86,1169.28,1166.01,1168.47
2021-03-01 09:00:00,1176.93,1180.21,1174.45,1179.49
2021-03-01 10:00:00,1179.37,1183.33,1178.47,1181.05
2021-03-01 11:00:00,1181.43,1182.38,1178.13,1178.82
2021-03-01 13:00:00,1179.19,1186.82,1179.19,1185.72
2021-03-01 14:00:00,1185.45,1186.17,1185.2,1186.17
2021-03-02 09:00:00,1196.16,1196.16,1189.3,1194.21
2021-03-02 10:00:00,1193.68,1193.68,1182.13,1182.29
2021-03-02 11:00:00,1182.52,1189.54,1182.52,1186.35
2021-03-02 13:00:00,1186.09,1186.09,1181.99,1184.26
2021-03-02 14:00:00,1184.44,1186.61,1182.79,1186.61
2021-03-03 09:00:00,1184.73,1186.8,1180.25,1185.31
2021-03-03 10:00:00,1185.15,1189.18,1184.66,1185.76
2021-03-03 11:00:00,1185.54,1185.67,1182.11,1182.11
2021-03-03 13:00:00,1182.39,1186.23,1182.39,1186.04
2021-03-03 14:00:00,1186.35,1186.95,1186.19,1186.95
2021-03-04 09:00:00,1191.78,1191.9,1185.52,1188.33
2021-03-04 10:00:00,1187.91,1188.47,1182.06,1182.06
2021-03-04 11:00:00,1176.21,1176.21,1160.43,1160.43
2021-03-04 13:00:00,1160.12,1165.75,1159.48,1165.23
2021-03-04 14:00:00,1165.29,1168.52,1165.29,1168.52
2021-03-05 09:00:00,1164.19,1164.19,1155.6,1155.6
2021-03-05 10:00:00,1156.22,1169.56,1156.22,1166.75
2021-03-05 11:00:00,1166.79,1166.79,1164.39,1165.95
2021-03-05 13:00:00,1165.75,1169.41,1164.37,1167.98
2021-03-05 14:00:00,1168.03,1169.51,1167.85,1168.69
2021-03-08 09:00:00,1180.33,1181.25,1172.8,1174.3
2021-03-08 10:00:00,1173.92,1173.92,1169.18,1169.39
2021-03-08 11:00:00,1169.34,1172.37,1169.06,1172.09
2021-03-08 13:00:00,1172.29,1172.56,1164.02,1166.64
2021-03-08 14:00:00,1166.7,1168.36,1166.7,1168.27
2021-03-09 09:00:00,1160.96,1160.96,1151.84,1158.52
2021-03-09 10:00:00,1158.64,1158.84,1150.94,1157.67
2021-03-09 11:00:00,1157.44,1162.83,1156.6,1162.78
2021-03-09 13:00:00,1163.14,1166.42,1159.57,1160.84
2021-03-09 14:00:00,1160.82,1161.97,1160.24,1161.97
2021-03-10 09:00:00,1163.86,1165.0,1154.89,1161.58
2021-03-10 10:00:00,1161.97,1168.34,1158.17,1164.97
2021-03-10 11:00:00,1164.96,1166.73,1163.52,1166.36
2021-03-10 13:00:00,1166.72,1170.04,1166.72,1169.26
2021-03-10 14:00:00,1169.02,1170.59,1168.84,1170.08
2021-03-11 09:00:00,1170.08,1183.73,1170.08,1182.16
2021-03-11 10:00:00,1182.45,1182.45,1180.03,1181.46
2021-03-11 11:00:00,1181.85,1181.85,1176.49,1176.59
2021-03-11 13:00:00,1176.64,1181.14,1176.64,1180.63
2021-03-11 14:00:00,1180.8,1181.73,1180.44,1181.73
2021-03-12 09:00:00,1185.21,1185.92,1180.36,1180.36
2021-03-12 10:00:00,1180.51,1186.52,1180.48,1184.37
2021-03-12 11:00:00,1184.21,1184.69,1183.25,1183.8
2021-03-12 13:00:00,1183.85,1184.39,1178.14,1179.67
2021-03-12 14:00:00,1179.64,1181.96,1179.56,1181.56
2021-03-15 09:00:00,1183.89,1184.55,1178.8,1183.68
2021-03-15 10:00:00,1183.92,1186.06,1181.68,1183.19
2021-03-15 11:00:00,1182.63,1183.27,1182.04,1182.73
2021-03-15 13:00:00,1182.9,1185.37,1181.61,1183.51
2021-03-15 14:00:00,1183.78,1184.56,1182.78,1184.56
2021-03-16 09:00:00,1184.91,1184.91,1179.62,1182.73
2021-03-16 10:00:00,1182.77,1183.6,1173.32,1173.32
2021-03-16 11:00:00,1172.96,1178.51,1171.76,1178.08
2021-03-16 13:00:00,1177.99,1179.76,1175.66,1179.65
2021-03-16 14:00:00,1179.7,1179.9,1178.52,1179.9
2021-03-17 09:00:00,1178.64,1180.03,1176.63,1179.22
2021-03-17 10:00:00,1179.24,1182.58,1179.24,1182.0
2021-03-17 11:00:00,1181.87,1181.87,1176.26,1179.26
2021-03-17 13:00:00,1179.23,1184.9,1178.98,1184.37
2021-03-17 14:00:00,1184.35,1186.09,1184.09,1186.09
2021-03-18 09:00:00,1196.6,1198.28,1191.94,1195.71
2021-03-18 10:00:00,1195.58,1197.75,1194.99,1194.99
2021-03-18 11:00:00,1195.15,1195.5,1193.69,1195.5
2021-03-18 13:00:00,1195.19,1197.08,1192.24,1196.92
2021-03-18 14:00:00,1196.58,1200.94,1195.51,1200.94
2021-03-19 09:00:00,1195.47,1199.67,1194.12,1198.42
2021-03-19 10:00:00,1197.35,1198.07,1195.84,1195.88
2021-03-19 11:00:00,1195.79,1195.79,1191.96,1194.39
2021-03-19 13:00:00,1194.63,1196.81,1193.44,1196.81
2021-03-19 14:00:00,1196.73,1196.9,1194.05,1194.05
2021-03-22 09:00:00,1200.05,1200.21,1195.73,1197.5
2021-03-22 10:00:00,1197.35,1197.53,1189.31,1195.08
2021-03-22 11:00:00,1195.51,1197.02,1193.68,1193.86
2021-03-22 13:00:00,1193.91,1195.41,1190.72,1192.41
2021-03-22 14:00:00,1192.42,1194.43,1191.99,1194.43
2021-03-23 09:00:00,1190.28,1191.47,1185.77,1187.1
2021-03-23 10:00:00,1186.75,1188.49,1179.7,1179.7
2021-03-23 11:00:00,1178.91,1184.49,1177.1,1182.08
2021-03-23 13:00:00,1182.09,1183.54,1180.17,1180.9
2021-03-23 14:00:00,1180.85,1183.45,1180.6,1183.45
2021-03-24 09:00:00,1169.42,1174.2,1166.82,1171.71
2021-03-24 10:00:00,1170.65,1171.34,1166.6,1166.6
2021-03-24 11:00:00,1166.61,1166.61,1155.23,1155.23
2021-03-24 13:00:00,1154.22,1163.23,1154.22,1163.19
2021-03-24 14:00:00,1163.24,1163.92,1161.41,1161.81
2021-03-25 09:00:00,1164.41,1167.41,1154.44,1157.63
2021-03-25 10:00:00,1158.28,1170.76,1158.13,1168.06
2021-03-25 11:00:00,1167.99,1168.93,1166.8,1167.32
2021-03-25 13:00:00,1167.49,1168.99,1160.57,1161.21
2021-03-25 14:00:00,1160.96,1163.1,1160.96,1163.1
2021-03-26 09:00:00,1162.71,1165.76,1158.48,1162.3
2021-03-26 10:00:00,1162.54,1163.49,1142.55,1142.55
2021-03-26 11:00:00,1138.92,1150.71,1137.9,1148.46
2021-03-26 13:00:00,1149.34,1160.31,1149.34,1160.31
2021-03-26 14:00:00,1160.44,1162.21,1159.01,1162.21
2021-03-29 09:00:00,1169.65,1171.52,1165.78,1169.36
2021-03-29 10:00:00,1169.24,1173.12,1169.19,1170.43
2021-03-29 11:00:00,1170.3,1170.3,1166.53,1167.19
2021-03-29 13:00:00,1167.53,1171.44,1167.02,1170.65
2021-03-29 14:00:00,1170.19,1175.77,1170.19,1175.68
2021-03-30 09:00:00,1179.64,1179.64,1172.85,1176.93
2021-03-30 10:00:00,1176.68,1181.33,1176.68,1181.33
2021-03-30 11:00:00,1181.06,1183.61,1180.99,1182.08
2021-03-30 13:00:00,1182.62,1185.35,1181.53,1184.98
2021-03-30 14:00:00,1185.1,1187.29,1185.1,1186.36
2021-03-31 09:00:00,1186.36,1191.83,1186.36,1191.83
2021-03-31 10:00:00,1192.06,1196.45,1191.04,1192.54
2021-03-31 11:00:00,1192.81,1192.82,1188.7,1190.06
2021-03-31 13:00:00,1190.22,1190.75,1186.4,1189.33
2021-03-31 14:00:00,1189.37,1191.44,1189.33,1191.44
2021-04-01 09:00:00,1194.59,1199.98,1192.83,1199.98
2021-04-01 10:00:00,1200.1,1205.92,1200.01,1205.92
2021-04-01 11:00:00,1206.1,1210.94,1205.31,1210.94
2021-04-01 13:00:00,1211.28,1217.26,1211.28,1215.02
2021-04-01 14:00:00,1214.87,1216.57,1214.76,1216.1
2021-04-02 09:00:00,1225.76,1226.84,1221.77,1225.87
2021-04-02 10:00:00,1225.94,1228.29,1223.91,1226.6
2021-04-02 11:00:00,1226.43,1226.43,1221.07,1224.04
2021-04-02 13:00:00,1224.31,1225.12,1222.46,1224.79
2021-04-02 14:00:00,1224.88,1224.88,1223.42,1224.45
2021-04-05 09:00:00,1245.28,1245.28,1233.28,1239.18
2021-04-05 10:00:00,1239.36,1239.72,1229.16,1229.16
2021-04-05 11:00:00,1228.64,1236.66,1228.18,1236.54
2021-04-05 13:00:00,1236.35,1236.35,1234.54,1235.63
2021-04-05 14:00:00,1235.54,1236.29,1234.19,1236.05
2021-04-06 09:00:00,1233.37,1240.56,1231.14,1236.21
2021-04-06 10:00:00,1236.45,1244.63,1236.39,1236.39
2021-04-06 11:00:00,1236.64,1240.42,1236.59,1236.81
2021-04-06 13:00:00,1236.8,1240.0,1236.5,1238.8
2021-04-06 14:00:00,1239.05,1240.55,1237.98,1239.96
2021-04-07 09:00:00,1237.39,1238.69,1233.63,1233.63
2021-04-07 10:00:00,1233.19,1240.94,1232.52,1240.67
2021-04-07 11:00:00,1240.65,1241.02,1239.55,1240.45
2021-04-07 13:00:00,1240.16,1241.3,1239.35,1241.18
2021-04-07 14:00:00,1241.3,1242.38,1239.68,1242.38
2021-04-08 09:00:00,1242.38,1246.4,1238.8,1238.8
2021-04-08 10:00:00,1238.16,1239.29,1233.36,1233.76
2021-04-08 11:00:00,1233.64,1234.55,1232.56,1233.96
2021-04-08 13:00:00,1233.62,1234.84,1232.46,1232.84
2021-04-08 14:00:00,1232.88,1234.89,1232.26,1234.89
2021-04-09 09:00:00,1231.51,1232.26,1227.6,1229.93
2021-04-09 10:00:00,1229.75,1234.98,1229.69,1231.11
2021-04-09 11:00:00,1231.33,1231.59,1229.79,1230.07
2021-04-09 13:00:00,1229.99,1231.32,1229.74,1230.48
2021-04-09 14:00:00,1230.24,1231.88,1228.98,1231.66
2021-04-12 09:00:00,1236.79,1238.15,1232.35,1235.87
2021-04-12 10:00:00,1235.61,1239.66,1234.3,1239.53
2021-04-12 11:00:00,1239.45,1243.76,1239.45,1242.46
2021-04-12 13:00:00,1242.3,1251.26,1242.3,1251.26
2021-04-12 14:00:00,1251.77,1252.45,1250.77,1252.45
2021-04-13 09:00:00,1262.44,1264.43,1258.07,1260.18
2021-04-13 10:00:00,1260.15,1268.02,1255.09,1255.09
2021-04-13 11:00:00,1253.23,1259.24,1247.66,1255.93
2021-04-13 13:00:00,1256.35,1256.35,1247.79,1247.79
2021-04-13 14:00:00,1247.72,1249.48,1247.72,1248.33
2021-04-14 09:00:00,1240.9,1245.68,1233.01,1240.65
2021-04-14 10:00:00,1240.14,1250.39,1239.03,1244.11
2021-04-14 11:00:00,1243.75,1244.74,1242.31,1243.75
2021-04-14 13:00:00,1244.15,1250.83,1244.15,1250.83
2021-04-14 14:00:00,1250.88,1255.87,1250.88,1255.87
2021-04-15 09:00:00,1262.25,1265.87,1259.78,1259.78
2021-04-15 10:00:00,1259.52,1263.76,1257.59,1262.55
2021-04-15 11:00:00,1262.35,1262.43,1256.83,1257.72
2021-04-15 13:00:00,1257.25,1257.25,1249.69,1250.82
2021-04-15 14:00:00,1250.85,1251.78,1247.25,1247.25
2021-04-16 09:00:00,1245.06,1254.61,1243.41,1248.23
2021-04-16 10:00:00,1247.81,1253.71,1247.81,1251.9
2021-04-16 11:00:00,1251.69,1252.05,1240.49,1240.49
2021-04-16 13:00:00,1238.45,1238.45,1227.14,1231.47
2021-04-16 14:00:00,1232.4,1238.71,1232.4,1238.71
2021-04-19 09:00:00,1243.58,1245.24,1233.77,1242.4
2021-04-19 10:00:00,1242.09,1247.75,1238.21,1244.92
2021-04-19 11:00:00,1245.04,1247.18,1243.37,1243.37
2021-04-19 13:00:00,1243.34,1254.08,1243.28,1254.08
2021-04-19 14:00:00,1253.9,1260.58,1251.44,1260.58
2021-04-20 09:00:00,1267.74,1275.73,1267.74,1275.57
2021-04-20 10:00:00,1275.49,1275.49,1269.94,1270.6
2021-04-20 11:00:00,1270.58,1277.3,1270.47,1277.3
2021-04-20 13:00:00,1277.51,1286.32,1267.27,1267.27
2021-04-20 14:00:00,1266.66,1276.98,1261.28,1268.28
2021-04-22 09:00:00,1264.31,1271.98,1258.27,1268.53
2021-04-22 10:00:00,1268.07,1268.15,1260.12,1263.2
2021-04-22 11:00:00,1263.02,1263.02,1260.18,1261.55
2021-04-22 13:00:00,1261.58,1262.0,1252.07,1254.62
2021-04-22 14:00:00,1254.45,1254.45,1227.82,1227.82
2021-04-23 09:00:00,1227.18,1230.45,1217.22,1220.67
2021-04-23 10:00:00,1219.96,1231.25,1219.96,1225.16
2021-04-23 11:00:00,1225.01,1225.01,1216.15,1222.71
2021-04-23 13:00:00,1223.38,1236.99,1223.02,1233.4
2021-04-23 14:00:00,1233.7,1248.53,1233.57,1248.53
2021-04-26 09:00:00,1251.25,1251.25,1239.39,1240.97
2021-04-26 10:00:00,1240.85,1242.82,1231.08,1234.54
2021-04-26 11:00:00,1234.78,1236.26,1223.02,1228.18
2021-04-26 13:00:00,1228.92,1228.92,1214.14,1214.14
2021-04-26 14:00:00,1214.19,1226.86,1214.19,1215.77
2021-04-27 09:00:00,1213.84,1220.26,1204.14,1212.4
2021-04-27 10:00:00,1213.01,1220.96,1213.01,1217.27
2021-04-27 11:00:00,1217.21,1217.21,1212.27,1215.72
2021-04-27 13:00:00,1215.53,1220.38,1214.23,1216.79
2021-04-27 14:00:00,1216.83,1219.75,1215.72,1219.75
2021-04-28 09:00:00,1220.26,1225.68,1217.49,1223.89
2021-04-28 10:00:00,1224.15,1228.52,1223.8,1225.34
2021-04-28 11:00:00,1225.52,1229.36,1225.52,1228.77
2021-04-28 13:00:00,1229.15,1230.91,1221.42,1222.75
2021-04-28 14:00:00,1223.23,1229.55,1220.02,1229.55
2021-04-29 09:00:00,1234.91,1237.58,1232.92,1234.61
2021-04-29 10:00:00,1234.75,1237.66,1233.5,1236.32
2021-04-29 11:00:00,1236.68,1238.37,1236.6,1237.73
2021-04-29 13:00:00,1237.63,1237.83,1231.25,1231.64
2021-04-29 14:00:00,1231.77,1239.39,1231.54,1239.39
2021-05-04 09:00:00,1222.08,1225.95,1212.56,1221.35
2021-05-04 10:00:00,1222.36,1233.06,1222.36,1229.99
2021-05-04 11:00:00,1230.06,1230.93,1229.39,1229.43
2021-05-04 13:00:00,1230.03,1237.05,1229.95,1235.57
2021-05-04 14:00:00,1235.73,1242.8,1234.66,1242.2
2021-05-05 09:00:00,1244.69,1252.71,1244.69,1252.71
2021-05-05 10:00:00,1253.02,1257.99,1253.02,1257.99
2021-05-05 11:00:00,1258.74,1260.2,1258.39,1259.0
2021-05-05 13:00:00,1259.7,1265.93,1256.73,1256.73
2021-05-05 14:00:00,1255.97,1260.82,1255.97,1256.43
2021-05-06 09:00:00,1255.42,1261.49,1252.62,1259.0
2021-05-06 10:00:00,1258.93,1259.15,1252.01,1256.41
2021-05-06 11:00:00,1256.17,1257.9,1255.74,1257.31
2021-05-06 13:00:00,1257.19,1257.26,1246.64,1251.58
2021-05-06 14:00:00,1251.78,1255.16,1250.57,1250.57
2021-05-07 09:00:00,1245.48,1250.5,1244.32,1244.75
2021-05-07 10:00:00,1244.57,1247.29,1242.53,1245.74
2021-05-07 11:00:00,1245.97,1245.97,1236.5,1236.92
2021-05-07 13:00:00,1236.32,1240.35,1231.92,1237.93
2021-05-07 14:00:00,1237.83,1243.56,1237.64,1241.81
2021-05-10 09:00:00,1239.96,1244.79,1236.85,1238.63
2021-05-10 10:00:00,1238.64,1247.97,1238.64,1244.48
2021-05-10 11:00:00,1244.25,1250.28,1244.25,1250.17
2021-05-10 13:00:00,1250.87,1258.75,1250.87,1254.21
2021-05-10 14:00:00,1254.46,1259.58,1254.46,1259.58
2021-05-11 09:00:00,1265.11,1266.41,1262.18,1264.44
2021-05-11 10:00:00,1264.94,1266.94,1261.77,1263.45
2021-05-11 11:00:00,1263.61,1265.32,1262.71,1265.31
2021-05-11 13:00:00,1264.84,1272.55,1264.84,1268.28
2021-05-11 14:00:00,1267.95,1267.95,1256.04,1256.04
2021-05-12 09:00:00,1251.97,1259.13,1251.55,1255.1
2021-05-12 10:00:00,1254.71,1258.38,1249.18,1249.86
2021-05-12 11:00:00,1251.12,1253.76,1250.88,1253.52
2021-05-12 13:00:00,1254.71,1261.54,1254.38,1261.54
2021-05-12 14:00:00,1261.44,1269.09,1260.79,1269.09
2021-05-13 09:00:00,1262.98,1271.44,1262.9,1269.63
2021-05-13 10:00:00,1270.01,1271.4,1263.38,1266.26
2021-05-13 11:00:00,1266.28,1272.8,1266.06,1272.8
2021-05-13 13:00:00,1273.49,1273.49,1267.18,1269.87
2021-05-13 14:00:00,1269.54,1270.39,1261.99,1261.99
2021-05-14 09:00:00,1266.43,1269.88,1263.19,1266.74
2021-05-14 10:00:00,1267.13,1271.45,1266.61,1270.3
2021-05-14 11:00:00,1270.0,1270.14,1264.71,1264.9
2021-05-14 13:00:00,1265.23,1266.19,1259.97,1263.34
2021-05-14 14:00:00,1262.91,1266.4,1262.52,1266.36
2021-05-17 09:00:00,1272.55,1277.83,1271.44,1271.44
2021-05-17 10:00:00,1270.85,1273.47,1264.78,1268.98
2021-05-17 11:00:00,1268.69,1268.69,1263.45,1263.81
2021-05-17 13:00:00,1264.21,1267.78,1258.83,1258.83
2021-05-17 14:00:00,1258.59,1263.87,1258.5,1258.7
2021-05-18 09:00:00,1259.57,1261.4,1253.95,1258.03
2021-05-18 10:00:00,1257.33,1262.22,1256.6,1259.22
2021-05-18 11:00:00,1259.26,1259.26,1254.08,1254.08
2021-05-18 13:00:00,1253.33,1255.03,1249.02,1253.77
2021-05-18 14:00:00,1253.67,1255.49,1250.91,1252.68
2021-05-19 09:00:00,1254.78,1255.77,1250.58,1253.17
2021-05-19 10:00:00,1253.08,1255.34,1251.63,1254.67
2021-05-19 11:00:00,1254.17,1257.82,1253.8,1256.97
2021-05-19 13:00:00,1256.75,1259.23,1255.25,1259.23
2021-05-19 14:00:00,1259.15,1262.71,1259.11,1262.49
2021-05-20 09:00:00,1264.62,1267.59,1261.83,1264.43
2021-05-20 10:00:00,1263.89,1264.94,1255.78,1256.35
2021-05-20 11:00:00,1257.0,1260.71,1257.0,1259.14
2021-05-20 13:00:00,1259.62,1264.39,1259.62,1264.2
2021-05-20 14:00:00,1265.12,1278.22,1265.12,1278.22
2021-05-21 09:00:00,1272.84,1275.95,1268.46,1275.05
2021-05-21 10:00:00,1274.76,1281.64,1273.78,1281.64
2021-05-21 11:00:00,1282.06,1286.33,1282.06,1282.75
2021-05-21 13:00:00,1283.13,1289.03,1279.56,1279.56
2021-05-21 14:00:00,1279.57,1283.93,1279.57,1283.93
2021-05-24 09:00:00,1287.5,1295.0,1287.36,1295.0
2021-05-24 10:00:00,1295.12,1296.61,1289.08,1289.08
2021-05-24 11:00:00,1289.21,1294.59,1289.21,1294.59
2021-05-24 13:00:00,1295.2,1299.83,1294.31,1296.06
2021-05-24 14:00:00,1296.38,1299.53,1295.54,1297.98
2021-05-25 09:00:00,1299.19,1304.85,1297.23,1301.97
2021-05-25 10:00:00,1301.91,1304.77,1298.27,1304.55
2021-05-25 11:00:00,1304.38,1305.1,1302.46,1305.1
2021-05-25 13:00:00,1305.15,1308.3,1305.15,1306.57
2021-05-25 14:00:00,1306.26,1308.58,1306.26,1308.58
2021-05-26 09:00:00,1308.04,1312.1,1304.68,1308.83
2021-05-26 10:00:00,1308.96,1315.26,1308.78,1312.34
2021-05-26 11:00:00,1312.01,1312.72,1309.73,1310.02
2021-05-26 13:00:00,1310.05,1314.69,1309.8,1314.69
2021-05-26 14:00:00,1314.82,1317.3,1313.44,1316.7
2021-05-27 09:00:00,1318.42,1318.42,1313.63,1313.96
2021-05-27 10:00:00,1313.94,1319.67,1313.94,1318.91
2021-05-27 11:00:00,1319.18,1319.47,1310.56,1310.56
2021-05-27 13:00:00,1308.9,1308.9,1299.99,1302.54
2021-05-27 14:00:00,1301.97,1303.98,1301.64,1303.57
2021-05-28 09:00:00,1307.79,1308.73,1300.06,1308.15
2021-05-28 10:00:00,1308.08,1313.18,1302.77,1313.18
2021-05-28 11:00:00,1313.38,1314.97,1310.77,1314.97
2021-05-28 13:00:00,1315.28,1323.09,1315.28,1320.19
2021-05-28 14:00:00,1320.01,1322.14,1318.38,1320.46
2021-05-31 09:00:00,1326.65,1327.1,1320.36,1320.36
2021-05-31 10:00:00,1316.09,1320.23,1307.56,1320.23
2021-05-31 11:00:00,1320.17,1320.9,1316.32,1319.37
2021-05-31 13:00:00,1319.39,1326.84,1319.3,1326.69
2021-05-31 14:00:00,1326.76,1328.05,1326.44,1328.05
2021-06-01 09:00:00,1329.47,1334.44,1328.84,1329.25
2021-06-01 10:00:00,1329.41,1346.05,1329.41,1346.05
2021-06-01 11:00:00,1346.34,1346.34,1337.78,1337.78
2021-06-01 13:00:00,1346.34,1346.34,1337.78,1337.78
2021-06-01 14:00:00,1346.34,1346.34,1337.78,1337.78
2021-06-02 09:00:00,1337.78,1338.72,1330.82,1338.72
2021-06-02 10:00:00,1339.13,1344.98,1339.13,1344.98
2021-06-02 11:00:00,1335.0,1335.0,1335.0,1335.0
2021-06-02 13:00:00,1334.26,1335.79,1333.88,1335.79
2021-06-02 14:00:00,1338.56,1341.03,1338.54,1340.78
2021-06-03 09:00:00,1345.21,1351.5,1345.21,1347.38
2021-06-03 10:00:00,1347.6,1355.52,1347.08,1355.52
2021-06-03 11:00:00,1356.28,1357.36,1356.28,1357.28
2021-06-03 13:00:00,1357.79,1366.0,1357.79,1363.43
2021-06-03 14:00:00,1363.25,1364.28,1362.06,1364.28
2021-06-04 09:00:00,1367.06,1367.06,1366.68,1366.77
2021-06-04 10:00:00,1370.99,1370.99,1370.99,1370.99
2021-06-04 11:00:00,1361.42,1361.42,1361.42,1361.42
2021-06-04 13:00:00,1361.22,1369.11,1360.42,1369.11
2021-06-04 14:00:00,1368.95,1374.05,1368.88,1374.05
2021-06-07 09:00:00,1374.59,1375.74,1374.59,1375.74
2021-06-07 10:00:00,1374.59,1375.74,1374.59,1375.74
2021-06-07 11:00:00,1349.79,1349.79,1348.34,1348.34
2021-06-07 13:00:00,1347.21,1357.84,1347.21,1356.75
2021-06-07 14:00:00,1357.53,1359.16,1356.56,1358.78
2021-06-08 09:00:00,1355.36,1364.48,1355.36,1364.48
2021-06-08 10:00:00,1355.36,1364.48,1355.36,1364.48
2021-06-08 11:00:00,1347.63,1347.63,1347.63,1347.63
2021-06-08 13:00:00,1346.05,1346.05,1346.05,1346.05
2021-06-08 14:00:00,1329.54,1329.54,1318.11,1319.88
2021-06-09 09:00:00,1323.52,1326.69,1312.08,1312.08
2021-06-09 10:00:00,1313.83,1313.83,1313.83,1313.83
2021-06-09 11:00:00,1323.9,1323.9,1320.57,1320.92
2021-06-09 13:00:00,1321.92,1339.14,1321.92,1338.64
2021-06-09 14:00:00,1338.04,1338.04,1332.9,1332.9
2021-06-10 09:00:00,1332.9,1336.71,1323.43,1330.04
2021-06-10 10:00:00,1330.9,1335.32,1322.75,1322.83
2021-06-10 11:00:00,1322.54,1330.73,1322.34,1324.28
2021-06-10 13:00:00,1323.54,1330.44,1317.49,1326.97
2021-06-10 14:00:00,1326.54,1330.57,1323.58,1323.58
2021-06-11 09:00:00,1326.79,1331.29,1322.08,1330.16
2021-06-11 10:00:00,1329.83,1340.24,1328.17,1338.43
2021-06-11 11:00:00,1338.7,1346.52,1338.14,1346.52
2021-06-11 13:00:00,1347.55,1352.47,1344.6,1345.79
2021-06-11 14:00:00,1346.08,1351.74,1346.08,1351.74
2021-06-14 09:00:00,1352.73,1361.22,1352.73,1355.49
2021-06-14 10:00:00,1354.42,1366.04,1354.35,1361.24
2021-06-14 11:00:00,1361.18,1364.53,1361.18,1363.63
2021-06-14 13:00:00,1364.11,1368.53,1362.57,1362.57
2021-06-14 14:00:00,1362.35,1362.42,1355.86,1361.72
2021-06-15 09:00:00,1361.58,1367.52,1359.3,1362.84
2021-06-15 10:00:00,1363.58,1364.68,1356.59,1363.51
2021-06-15 11:00:00,1362.77,1366.52,1362.77,1366.52
2021-06-15 13:00:00,1366.75,1372.72,1366.75,1366.96
2021-06-15 14:00:00,1365.94,1367.91,1364.67,1367.36
2021-06-16 09:00:00,1363.85,1370.14,1363.4,1368.8
2021-06-16 10:00:00,1365.89,1366.0,1350.73,1355.6
2021-06-16 11:00:00,1355.05,1359.6,1354.5,1357.4
2021-06-16 13:00:00,1357.66,1368.86,1357.58,1362.6
2021-06-16 14:00:00,1362.34,1362.36,1354.92,1356.52
2021-06-17 09:00:00,1341.06,1353.65,1337.49,1351.04
2021-06-17 10:00:00,1351.61,1354.15,1351.61,1351.88
2021-06-17 11:00:00,1351.76,1352.17,1350.35,1352.17
2021-06-17 13:00:00,1352.06,1363.02,1352.06,1358.71
2021-06-17 14:00:00,1358.9,1364.55,1358.78,1359.92
2021-06-18 09:00:00,1366.19,1372.26,1363.52,1371.74
2021-06-18 10:00:00,1371.42,1373.14,1367.99,1368.78
2021-06-18 11:00:00,1368.64,1371.92,1368.28,1371.91
2021-06-18 13:00:00,1371.65,1376.76,1371.65,1374.0
2021-06-18 14:00:00,1373.85,1377.77,1372.79,1377.77
2021-06-21 09:00:00,1373.59,1379.5,1370.92,1376.37
2021-06-21 10:00:00,1376.47,1381.74,1376.47,1379.41
2021-06-21 11:00:00,1379.15,1379.73,1373.47,1373.47
2021-06-21 13:00:00,1373.23,1375.4,1367.85,1373.32
2021-06-21 14:00:00,1374.09,1374.55,1371.42,1372.63
2021-06-22 09:00:00,1380.84,1382.3,1375.0,1377.72
2021-06-22 10:00:00,1377.19,1383.09,1375.73,1383.09
2021-06-22 11:00:00,1383.22,1384.6,1381.11,1382.8
2021-06-22 13:00:00,1383.15,1385.98,1382.91,1383.14
2021-06-22 14:00:00,1382.68,1382.92,1379.97,1379.97
2021-06-23 09:00:00,1383.15,1383.59,1380.8,1381.45
2021-06-23 10:00:00,1381.49,1388.33,1381.36,1382.36
2021-06-23 11:00:00,1382.41,1382.68,1373.68,1374.57
2021-06-23 13:00:00,1373.91,1379.09,1372.06,1376.01
2021-06-23 14:00:00,1375.37,1377.79,1374.25,1376.87
2021-06-24 09:00:00,1376.87,1383.95,1376.43,1378.53
2021-06-24 10:00:00,1378.49,1381.82,1372.99,1375.75
2021-06-24 11:00:00,1376.41,1377.89,1375.54,1376.48
2021-06-24 13:00:00,1376.58,1384.71,1376.11,1379.38
2021-06-24 14:00:00,1377.64,1379.72,1373.52,1379.72
2021-06-25 09:00:00,1382.11,1382.69,1379.06,1379.91
2021-06-25 10:00:00,1380.45,1381.47,1372.8,1380.8
2021-06-25 11:00:00,1379.83,1380.65,1377.81,1380.65
2021-06-25 13:00:00,1380.74,1387.93,1380.36,1387.93
2021-06-25 14:00:00,1388.12,1390.12,1386.85,1390.12
2021-06-28 09:00:00,1397.96,1398.24,1390.56,1393.58
2021-06-28 10:00:00,1393.89,1399.85,1393.87,1399.74
2021-06-28 11:00:00,1399.71,1402.87,1398.72,1402.53
2021-06-28 13:00:00,1403.27,1405.96,1401.37,1402.56
2021-06-28 14:00:00,1402.39,1406.02,1402.39,1405.81
2021-06-29 09:00:00,1408.34,1411.11,1407.14,1408.74
2021-06-29 10:00:00,1408.39,1410.57,1407.53,1408.13
2021-06-29 11:00:00,1407.92,1412.24,1407.76,1412.01
2021-06-29 13:00:00,1412.53,1416.34,1412.53,1413.65
2021-06-29 14:00:00,1413.25,1413.27,1406.87,1410.04
2021-06-30 09:00:00,1410.83,1418.57,1410.83,1418.57
2021-06-30 10:00:00,1418.18,1419.44,1415.2,1419.36
2021-06-30 11:00:00,1419.47,1419.61,1415.53,1415.78
2021-06-30 13:00:00,1415.5,1415.59,1410.95,1412.83
2021-06-30 14:00:00,1412.29,1412.29,1408.18,1408.55
2021-07-01 09:00:00,1412.15,1413.81,1408.2,1408.2
2021-07-01 10:00:00,1407.82,1412.15,1402.18,1408.95
2021-07-01 11:00:00,1408.76,1413.11,1408.76,1412.56
2021-07-01 13:00:00,1412.66,1416.83,1412.66,1413.0
2021-07-01 14:00:00,1413.3,1417.27,1413.03,1417.08
2021-07-02 09:00:00,1422.89,1424.28,1419.12,1421.1
2021-07-02 10:00:00,1421.33,1423.69,1419.13,1419.67
2021-07-02 11:00:00,1419.97,1422.63,1419.97,1422.55
2021-07-02 13:00:00,1422.53,1422.53,1415.82,1416.99
2021-07-02 14:00:00,1417.7,1420.27,1417.7,1420.27
2021-07-05 09:00:00,1420.27,1421.52,1410.19,1415.62
2021-07-05 10:00:00,1415.6,1416.56,1398.27,1406.97
2021-07-05 11:00:00,1406.87,1407.36,1402.82,1407.24
2021-07-05 13:00:00,1407.51,1407.54,1394.12,1405.49
2021-07-05 14:00:00,1405.8,1413.8,1405.39,1411.13
2021-07-06 09:00:00,1411.13,1418.99,1411.13,1415.98
2021-07-06 10:00:00,1415.82,1418.68,1415.59,1417.77
2021-07-06 11:00:00,1417.62,1417.8,1413.93,1414.1
2021-07-06 13:00:00,1413.95,1415.44,1405.99,1412.43
2021-07-06 14:00:00,1412.2,1412.65,1354.79,1354.79
2021-07-07 09:00:00,1354.79,1367.96,1334.58,1366.92
2021-07-07 10:00:00,1366.74,1367.95,1351.0,1357.28
2021-07-07 11:00:00,1357.35,1357.93,1353.29,1355.31
2021-07-07 13:00:00,1355.06,1373.68,1354.88,1367.23
2021-07-07 14:00:00,1367.44,1388.55,1367.21,1388.55
2021-07-08 09:00:00,1388.55,1388.55,1379.86,1381.82
2021-07-08 10:00:00,1382.02,1382.19,1374.17,1379.15
2021-07-08 11:00:00,1379.17,1385.34,1378.51,1385.29
2021-07-08 13:00:00,1385.0,1385.75,1363.92,1371.43
2021-07-08 14:00:00,1371.48,1374.68,1367.21,1374.68
2021-07-09 09:00:00,1374.68,1374.68,1360.03,1366.22
2021-07-09 10:00:00,1366.32,1373.51,1366.32,1371.63
2021-07-09 11:00:00,1371.38,1372.96,1366.75,1366.88
2021-07-09 13:00:00,1366.57,1370.88,1347.26,1347.26
2021-07-09 14:00:00,1347.02,1353.52,1335.9,1347.14
2021-07-12 09:00:00,1347.14,1347.14,1309.26,1319.61
2021-07-12 10:00:00,1319.89,1320.0,1289.88,1289.98
2021-07-12 11:00:00,1290.05,1291.78,1273.56,1291.38
2021-07-12 13:00:00,1289.62,1297.43,1271.04,1271.89
2021-07-12 14:00:00,1272.18,1296.3,1270.06,1296.3
2021-07-13 09:00:00,1296.3,1307.73,1290.6,1290.84
2021-07-13 10:00:00,1290.75,1305.3,1290.63,1301.26
2021-07-13 11:00:00,1301.3,1301.62,1296.99,1297.52
2021-07-13 13:00:00,1294.04,1294.3,1278.3,1286.87
2021-07-13 14:00:00,1286.86,1297.54,1279.23,1297.54
2021-07-14 09:00:00,1297.54,1305.37,1293.95,1297.89
2021-07-14 10:00:00,1298.07,1298.07,1283.82,1284.54
2021-07-14 11:00:00,1284.34,1284.98,1276.25,1276.74
2021-07-14 13:00:00,1276.0,1279.65,1264.68,1271.91
2021-07-14 14:00:00,1272.43,1282.62,1271.06,1279.91
2021-07-15 09:00:00,1270.77001953,1284.63000488,1270.77001953,1283.76000977
2021-07-15 10:00:00,1283.82995605,1284.91003418,1274.96,1276.62
2021-07-15 11:00:00,1276.49,1281.05,1276.17,1279.09
2021-07-15 13:00:00,1279.45,1295.05,1278.95,1295.0
2021-07-15 14:00:00,1295.36,1299.18,1291.55,1293.92
2021-07-16 09:00:00,1293.92,1303.31,1293.92,1298.65
2021-07-16 10:00:00,1298.64,1304.37,1297.86,1297.86
2021-07-16 11:00:00,1298.06,1300.9,1297.78,1299.22
2021-07-16 13:00:00,1299.49,1303.11,1296.19,1302.38
2021-07-16 14:00:00,1302.69,1302.92,1296.06,1299.31
2021-07-19 09:00:00,1299.31,1299.31,1260.95,1267.38
2021-07-19 10:00:00,1267.27,1270.7,1261.78,1265.73
2021-07-19 11:00:00,1265.72,1265.84,1257.83,1257.87
2021-07-19 13:00:00,1257.35,1257.35,1240.66,1248.53
2021-07-19 14:00:00,1248.11,1248.25,1237.79,1243.51
2021-07-20 09:00:00,1243.51,1251.49,1234.21,1244.81
2021-07-20 10:00:00,1244.67,1244.78,1232.15,1236.4
2021-07-20 11:00:00,1236.27,1236.27,1225.52,1230.13
2021-07-20 13:00:00,1230.83,1254.32,1229.91,1253.89
2021-07-20 14:00:00,1254.56,1273.29,1254.56,1273.29
2021-07-21 09:00:00,1273.29,1283.92,1273.29,1283.18
2021-07-21 10:00:00,1283.03,1284.33,1277.71,1280.92
2021-07-21 11:00:00,1280.93,1280.93,1275.86,1279.3
2021-07-21 13:00:00,1279.63,1279.75,1266.71,1266.92
2021-07-21 14:00:00,1266.84,1274.69,1266.84,1270.79
2021-07-22 09:00:00,1270.79,1278.65,1266.54,1278.03
2021-07-22 10:00:00,1278.2,1281.68,1276.57,1281.68
2021-07-22 11:00:00,1281.81,1285.81,1281.5,1283.95
2021-07-22 13:00:00,1284.25,1294.16,1284.25,1291.85
2021-07-22 14:00:00,1291.92,1293.67,1290.72,1293.67
2021-07-23 09:00:00,1293.67,1295.63,1284.51,1290.64
2021-07-23 10:00:00,1290.63,1293.16,1285.35,1290.86
2021-07-23 11:00:00,1290.79,1290.79,1283.33,1285.32
2021-07-23 13:00:00,1284.31,1286.81,1278.34,1282.57
2021-07-23 14:00:00,1282.61,1286.13,1268.83,1268.83
2021-07-26 09:00:00,1268.83,1269.32,1260.26,1265.59
2021-07-26 10:00:00,1265.52,1265.52,1254.57,1255.97
2021-07-26 11:00:00,1256.0,1259.88,1255.68,1259.75
2021-07-26 13:00:00,1259.8,1273.08,1259.72,1271.29
2021-07-26 14:00:00,1271.31,1277.33,1271.26,1272.71
2021-07-27 09:00:00,1272.71,1286.19,1272.71,1280.98
2021-07-27 10:00:00,1281.0,1287.8,1280.7,1287.27
2021-07-27 11:00:00,1287.09,1288.35,1284.08,1285.96
2021-07-27 13:00:00,1285.76,1287.3,1281.27,1282.82
2021-07-27 14:00:00,1282.8,1282.9,1276.53,1276.93
2021-07-28 09:00:00,1276.93,1279.34,1271.78,1277.48
2021-07-28 10:00:00,1277.45,1281.17,1274.72,1275.43
2021-07-28 11:00:00,1275.47,1277.93,1275.33,1277.72
2021-07-28 13:00:00,1277.91,1280.86,1273.1,1273.3
2021-07-28 14:00:00,1273.28,1278.34,1272.67,1277.07
2021-07-29 09:00:00,1277.07,1287.98,1277.07,1284.66
2021-07-29 10:00:00,1284.74,1289.56,1284.14,1288.19
2021-07-29 11:00:00,1288.18,1289.57,1287.74,1289.01
2021-07-29 13:00:00,1289.16,1290.44,1282.96,1283.07
2021-07-29 14:00:00,1282.88,1293.6,1282.88,1293.6
2021-07-30 09:00:00,1293.6,1301.67,1293.6,1299.48
2021-07-30 10:00:00,1299.5,1303.09,1297.58,1302.95
2021-07-30 11:00:00,1302.86,1306.39,1302.79,1304.94
2021-07-30 13:00:00,1304.78,1311.24,1304.78,1310.93
2021-07-30 14:00:00,1310.98,1311.97,1309.33,1310.05
2021-08-02 09:00:00,1310.05,1315.28,1304.49,1312.42
2021-08-02 10:00:00,1312.44,1319.94,1310.83,1319.72
2021-08-02 11:00:00,1319.62,1320.05,1316.26,1317.67
2021-08-02 13:00:00,1317.76,1322.35,1317.62,1321.36
2021-08-02 14:00:00,1321.45,1321.59,1311.24,1314.22
2021-08-03 09:00:00,1314.22,1322.11,1314.22,1322.07
2021-08-03 10:00:00,1322.14,1331.45,1321.58,1321.58
2021-08-03 11:00:00,1321.66,1324.07,1320.86,1323.55
2021-08-03 13:00:00,1323.76,1324.29,1318.44,1323.14
2021-08-03 14:00:00,1323.11,1332.44,1321.66,1332.44
2021-08-04 09:00:00,1332.44,1340.3,1332.44,1337.45
2021-08-04 10:00:00,1337.57,1340.76,1334.9,1339.91
2021-08-04 11:00:00,1339.89,1339.89,1336.51,1337.58
2021-08-04 13:00:00,1337.67,1339.5,1333.49,1336.82
2021-08-04 14:00:00,1336.76,1337.09,1328.4,1334.74
2021-08-05 09:00:00,1334.74,1338.39,1326.8,1336.95
2021-08-05 10:00:00,1336.81,1340.73,1335.99,1338.18
2021-08-05 11:00:00,1338.59,1338.75,1337.04,1337.78
2021-08-05 13:00:00,1338.15,1344.18,1338.05,1342.15
2021-08-05 14:00:00,1342.11,1346.62,1341.45,1345.55
2021-08-06 09:00:00,1345.55,1351.07,1345.55,1348.04
2021-08-06 10:00:00,1347.98,1349.28,1343.29,1347.8
2021-08-06 11:00:00,1347.68,1348.29,1346.26,1347.74
2021-08-06 13:00:00,1347.69,1351.85,1345.88,1346.0
2021-08-06 14:00:00,1345.77,1348.62,1341.45,1341.45
2021-08-09 09:00:00,1341.45,1343.68,1334.69,1342.11
2021-08-09 10:00:00,1342.24,1347.92,1341.71,1344.33
2021-08-09 11:00:00,1344.32,1345.39,1343.98,1344.72
2021-08-09 13:00:00,1345.06,1356.63,1344.86,1354.05
2021-08-09 14:00:00,1353.99,1361.12,1352.83,1359.86
2021-08-10 09:00:00,1359.86,1370.35,1359.86,1364.66
2021-08-10 10:00:00,1364.63,1366.15,1361.22,1364.29
2021-08-10 11:00:00,1364.47,1365.48,1362.63,1363.14
2021-08-10 13:00:00,1363.01,1364.37,1358.12,1359.17
2021-08-10 14:00:00,1359.27,1366.94,1359.01,1362.43
2021-08-11 09:00:00,1362.43,1371.06,1362.43,1369.75
2021-08-11 10:00:00,1370.09,1374.03,1367.09,1373.24
2021-08-11 11:00:00,1373.08,1373.4,1370.06,1370.57
2021-08-11 13:00:00,1370.94,1372.16,1366.69,1367.12
2021-08-11 14:00:00,1367.09,1367.09,1357.79,1357.79
2021-08-12 09:00:00,1357.79,1361.89,1353.66,1359.16
2021-08-12 10:00:00,1359.31,1359.31,1354.71,1357.85
2021-08-12 11:00:00,1357.84,1362.49,1357.64,1362.26
2021-08-12 13:00:00,1362.62,1365.01,1355.28,1356.03
2021-08-12 14:00:00,1356.12,1359.25,1353.05,1353.05
2021-08-13 09:00:00,1353.05,1357.41,1350.41,1353.19
2021-08-13 10:00:00,1353.17,1356.86,1350.19,1351.3
2021-08-13 11:00:00,1351.37,1351.68,1343.66,1348.06
2021-08-13 13:00:00,1348.24,1348.79,1336.74,1348.36
2021-08-13 14:00:00,1348.37,1357.05,1346.12,1357.05
2021-08-16 09:00:00,1357.05,1366.08,1357.05,1364.66
2021-08-16 10:00:00,1364.54,1371.29,1363.63,1367.81
2021-08-16 11:00:00,1367.64,1367.78,1364.0,1364.03
2021-08-16 13:00:00,1363.98,1369.98,1363.25,1369.65
2021-08-16 14:00:00,1369.58,1372.33,1368.57,1370.96
2021-08-17 09:00:00,1370.96,1379.7,1370.96,1374.75
2021-08-17 10:00:00,1374.7,1377.05,1371.01,1372.87
2021-08-17 11:00:00,1372.86,1373.28,1366.04,1369.9
2021-08-17 13:00:00,1369.81,1372.09,1365.71,1365.71
2021-08-17 14:00:00,1365.7,1366.54,1359.11,1363.09
2021-08-18 09:00:00,1363.09,1366.43,1360.87,1365.28
2021-08-18 10:00:00,1365.37,1366.72,1361.25,1366.59
2021-08-18 11:00:00,1366.42,1367.42,1364.68,1365.13
2021-08-18 13:00:00,1365.36,1370.5,1361.74,1370.0
2021-08-18 14:00:00,1369.92,1370.39,1355.83,1360.94
2021-08-19 09:00:00,1360.94,1362.03,1358.0,1359.71
2021-08-19 10:00:00,1359.53,1359.54,1352.94,1354.84
2021-08-19 11:00:00,1354.7,1357.84,1353.22,1357.79
2021-08-19 13:00:00,1357.81,1364.21,1356.11,1362.4
2021-08-19 14:00:00,1362.34,1374.85,1359.19,1374.85
2021-08-20 09:00:00,1374.85,1374.85,1363.27,1363.56
2021-08-20 10:00:00,1363.64,1365.01,1355.48,1356.39
2021-08-20 11:00:00,1356.61,1356.61,1337.19,1345.71
2021-08-20 13:00:00,1345.11,1350.55,1340.62,1340.71
2021-08-20 14:00:00,1340.6,1340.61,1317.52,1329.43
2021-08-23 09:00:00,1329.43,1329.43,1312.08,1317.65
2021-08-23 10:00:00,1317.51,1324.97,1316.96,1321.21
2021-08-23 11:00:00,1321.08,1321.2,1308.04,1311.35
2021-08-23 13:00:00,1311.36,1313.94,1301.39,1310.93
2021-08-23 14:00:00,1310.97,1313.76,1298.86,1298.86
2021-08-24 09:00:00,1298.86,1307.56,1293.68,1298.64
2021-08-24 10:00:00,1298.75,1304.61,1292.06,1292.06
2021-08-24 11:00:00,1291.96,1295.74,1291.7,1295.58
2021-08-24 13:00:00,1295.09,1296.62,1289.16,1295.81
2021-08-24 14:00:00,1296.44,1303.1,1296.44,1298.74
2021-08-25 09:00:00,1298.74,1302.39,1297.79,1302.11
2021-08-25 10:00:00,1302.45,1304.78,1295.08,1295.81
2021-08-25 11:00:00,1295.82,1296.64,1292.04,1294.38
2021-08-25 13:00:00,1294.92,1304.35,1291.7,1304.35
2021-08-25 14:00:00,1304.11,1310.16,1303.65,1309.55
2021-08-26 09:00:00,1309.55,1314.25,1308.11,1312.17
2021-08-26 10:00:00,1312.16,1315.97,1311.38,1315.97
2021-08-26 11:00:00,1315.85,1316.26,1311.5,1312.39
2021-08-26 13:00:00,1312.65,1313.43,1300.9,1303.46
2021-08-26 14:00:00,1303.68,1305.72,1295.77,1301.12
2021-08-27 09:00:00,1301.12,1301.12,1285.16,1289.9
2021-08-27 10:00:00,1289.98,1294.3,1287.91,1290.48
2021-08-27 11:00:00,1290.49,1299.74,1289.08,1299.54
2021-08-27 13:00:00,1299.21,1307.11,1299.21,1302.27
2021-08-27 14:00:00,1302.23,1313.2,1302.23,1313.2
2021-08-30 09:00:00,1313.2,1325.44,1313.2,1319.14
2021-08-30 10:00:00,1319.21,1325.85,1318.76,1325.74
2021-08-30 11:00:00,1325.64,1325.93,1322.32,1324.11
2021-08-30 13:00:00,1324.38,1329.62,1323.6,1327.4
2021-08-30 14:00:00,1327.44,1328.14,1325.26,1328.14
2021-08-31 09:00:00,1328.14,1333.5,1327.63,1327.74
2021-08-31 10:00:00,1327.77,1332.97,1325.69,1332.62
2021-08-31 11:00:00,1332.63,1333.9,1332.26,1332.74
2021-08-31 13:00:00,1333.08,1336.14,1330.12,1333.57
2021-08-31 14:00:00,1333.45,1333.57,1327.87,1331.47
2021-09-01 09:00:00,1331.47,1333.35,1328.13,1332.78
2021-09-01 10:00:00,1332.72,1336.94,1331.18,1331.2
2021-09-01 11:00:00,1331.39,1336.29,1331.27,1336.23
2021-09-01 13:00:00,1336.03,1338.02,1329.44,1332.73
2021-09-01 14:00:00,1332.59,1336.62,1332.55,1334.65
2021-09-06 09:00:00,1334.65,1343.61,1334.65,1342.68
2021-09-06 10:00:00,1342.85,1342.94,1340.05,1341.42
2021-09-06 11:00:00,1341.65,1343.01,1340.78,1343.01
2021-09-06 13:00:00,1343.05,1347.79,1342.81,1347.41
2021-09-06 14:00:00,1347.43,1348.36,1345.87,1346.39
2021-09-07 09:00:00,1346.39,1349.61,1344.63,1344.92
2021-09-07 10:00:00,1344.8,1349.71,1344.54,1345.13
2021-09-07 11:00:00,1345.31,1347.87,1345.11,1347.78
2021-09-07 13:00:00,1347.84,1353.66,1347.84,1352.59
2021-09-07 14:00:00,1352.42,1352.7,1340.32,1341.9
2021-09-08 09:00:00,1341.9,1344.49,1336.82,1339.32
2021-09-08 10:00:00,1339.43,1343.83,1339.37,1343.2
2021-09-08 11:00:00,1343.11,1343.37,1338.14,1338.78
2021-09-08 13:00:00,1338.87,1343.16,1337.87,1337.92
2021-09-08 14:00:00,1337.83,1337.9,1328.35,1333.61
2021-09-09 09:00:00,1333.61,1337.94,1332.67,1337.87
2021-09-09 10:00:00,1337.88,1341.72,1335.59,1341.41
2021-09-09 11:00:00,1341.42,1341.52,1338.26,1339.91
2021-09-09 13:00:00,1339.93,1342.05,1337.46,1338.79
2021-09-09 14:00:00,1338.95,1345.59,1338.46,1343.98
2021-09-10 09:00:00,1343.98,1350.43,1343.98,1348.53
2021-09-10 10:00:00,1348.37,1349.79,1346.58,1349.57
2021-09-10 11:00:00,1349.65,1350.05,1348.39,1348.53
2021-09-10 13:00:00,1348.95,1349.93,1345.07,1349.38
2021-09-10 14:00:00,1349.61,1349.61,1345.31,1345.31
2021-09-13 09:00:00,1345.31,1349.0,1344.1,1344.1
2021-09-13 10:00:00,1344.22,1350.69,1343.43,1350.21
2021-09-13 11:00:00,1350.14,1350.36,1348.15,1348.35
2021-09-13 13:00:00,1348.57,1348.92,1340.5,1342.48
2021-09-13 14:00:00,1342.36,1345.72,1340.89,1341.43
2021-09-14 09:00:00,1341.43,1346.9,1341.43,1346.9
2021-09-14 10:00:00,1347.07,1349.13,1346.29,1346.29
2021-09-14 11:00:00,1346.28,1346.48,1343.97,1343.97
2021-09-14 13:00:00,1344.0,1344.03,1337.0,1337.13
2021-09-14 14:00:00,1337.05,1340.82,1336.84,1339.7
2021-09-15 09:00:00,1339.7,1341.79,1334.97,1341.57
2021-09-15 10:00:00,1341.7,1341.99,1337.6,1338.41
2021-09-15 11:00:00,1338.42,1338.9,1337.52,1338.69
2021-09-15 13:00:00,1338.76,1345.54,1338.45,1344.55
2021-09-15 14:00:00,1344.39,1347.7,1344.39,1345.83
2021-09-16 09:00:00,1345.83,1353.12,1345.25,1345.86
2021-09-16 10:00:00,1345.88,1351.35,1345.8,1347.83
2021-09-16 11:00:00,1348.01,1348.01,1345.64,1346.18
2021-09-16 13:00:00,1346.31,1347.52,1342.79,1344.7
2021-09-16 14:00:00,1344.6,1346.91,1341.23,1345.87
2021-09-17 09:00:00,1345.87,1354.25,1345.87,1348.65
2021-09-17 10:00:00,1348.86,1352.66,1347.85,1351.98
2021-09-17 11:00:00,1352.02,1352.82,1350.56,1352.71
2021-09-17 13:00:00,1352.49,1356.45,1352.49,1355.86
2021-09-17 14:00:00,1355.61,1355.9,1352.64,1352.64
2021-09-20 09:00:00,1352.64,1363.22,1352.64,1361.39
2021-09-20 10:00:00,1361.41,1361.54,1357.83,1358.38
2021-09-20 11:00:00,1358.61,1359.79,1356.6,1359.66
2021-09-20 13:00:00,1359.67,1365.92,1359.51,1360.15
2021-09-20 14:00:00,1360.11,1360.48,1349.18,1350.48
2021-09-21 09:00:00,1350.48,1350.48,1334.31,1342.59
2021-09-21 10:00:00,1342.93,1342.93,1324.82,1333.61
2021-09-21 11:00:00,1333.76,1334.55,1329.06,1332.29
2021-09-21 13:00:00,1331.57,1339.53,1331.18,1339.46
2021-09-21 14:00:00,1339.45,1344.97,1339.2,1339.84
2021-09-22 09:00:00,1339.84,1346.35,1338.92,1340.54
2021-09-22 10:00:00,1340.47,1342.33,1336.63,1342.26
2021-09-22 11:00:00,1342.31,1345.87,1342.31,1344.3
2021-09-22 13:00:00,1344.47,1350.25,1343.43,1347.65
2021-09-22 14:00:00,1347.54,1350.71,1347.53,1350.68
2021-09-23 09:00:00,1350.68,1359.78,1350.68,1357.94
2021-09-23 10:00:00,1357.96,1359.03,1351.41,1351.55
2021-09-23 11:00:00,1351.45,1355.49,1350.43,1355.31
2021-09-23 13:00:00,1355.58,1361.09,1354.78,1358.48
2021-09-23 14:00:00,1358.55,1358.55,1350.6,1352.76
2021-09-24 09:00:00,1352.76,1356.95,1352.76,1356.65
2021-09-24 10:00:00,1356.67,1356.97,1351.11,1353.17
2021-09-24 11:00:00,1353.42,1354.66,1351.6,1354.66
2021-09-24 13:00:00,1354.98,1356.42,1352.02,1354.67
2021-09-24 14:00:00,1354.76,1354.76,1348.07,1351.17
2021-09-27 09:00:00,1351.17,1354.38,1346.94,1350.56
2021-09-27 10:00:00,1350.69,1351.51,1346.38,1346.41
2021-09-27 11:00:00,1346.38,1346.46,1338.92,1345.93
2021-09-27 13:00:00,1345.76,1345.9,1331.55,1338.59
2021-09-27 14:00:00,1338.41,1338.97,1324.99,1324.99
2021-09-28 09:00:00,1319.53,1324.8,1316.41,1320.42
2021-09-28 10:00:00,1320.46,1328.13,1320.15,1327.71
2021-09-28 11:00:00,1327.79,1330.16,1325.44,1329.65
2021-09-28 13:00:00,1329.77,1333.79,1329.28,1333.43
2021-09-28 14:00:00,1333.32,1341.81,1333.11,1339.31
2021-09-29 09:00:00,1338.8,1340.82,1333.38,1337.16
2021-09-29 10:00:00,1337.07,1338.35,1328.17,1332.55
2021-09-29 11:00:00,1332.41,1335.05,1332.2,1335.05
2021-09-29 13:00:00,1335.26,1340.75,1334.65,1339.52
2021-09-29 14:00:00,1339.4,1340.9,1334.66,1339.21
2021-09-30 09:00:00,1341.83,1345.75,1341.82,1345.63
2021-09-30 10:00:00,1345.67,1348.89,1343.35,1345.38
2021-09-30 11:00:00,1345.37,1345.68,1342.36,1342.85
2021-09-30 13:00:00,1343.13,1344.77,1341.65,1343.84
2021-09-30 14:00:00,1343.53,1344.01,1341.15,1341.95
2021-10-01 09:00:00,1339.68,1344.06,1336.59,1342.35
2021-10-01 10:00:00,1342.34,1343.52,1335.82,1337.48
2021-10-01 11:00:00,1337.61,1338.28,1333.45,1335.79
2021-10-01 13:00:00,1335.66,1341.43,1335.02,1339.3
2021-10-01 14:00:00,1339.1,1339.44,1332.97,1334.89
2021-10-04 09:00:00,1337.74,1339.19,1333.53,1335.37
2021-10-04 10:00:00,1335.28,1339.83,1334.01,1337.88
2021-10-04 11:00:00,1338.0,1342.16,1337.68,1341.39
2021-10-04 13:00:00,1342.53,1347.49,1340.76,1343.05
2021-10-04 14:00:00,1342.75,1344.07,1338.32,1339.54
2021-10-05 09:00:00,1345.3,1349.14,1343.48,1348.36
2021-10-05 10:00:00,1348.11,1350.08,1346.69,1348.14
2021-10-05 11:00:00,1348.18,1350.87,1347.59,1350.06
2021-10-05 13:00:00,1350.81,1354.08,1348.23,1349.17
2021-10-05 14:00:00,1349.01,1354.63,1349.01,1354.63
2021-10-06 09:00:00,1359.55,1360.41,1357.56,1359.93
2021-10-06 10:00:00,1359.99,1360.21,1356.73,1357.11
2021-10-06 11:00:00,1356.95,1357.49,1355.0,1357.36
2021-10-06 13:00:00,1357.41,1359.39,1356.33,1358.84
2021-10-06 14:00:00,1358.55,1362.82,1358.43,1362.82
2021-10-07 09:00:00,1365.34,1367.59,1361.71,1363.84
2021-10-07 10:00:00,1363.72,1364.9,1360.57,1364.14
2021-10-07 11:00:00,1364.24,1365.43,1364.16,1364.71
2021-10-07 13:00:00,1364.85,1366.97,1364.33,1365.38
2021-10-07 14:00:00,1364.8,1367.64,1364.75,1365.99
2021-10-08 09:00:00,1368.95,1371.0,1366.17,1370.25
2021-10-08 10:00:00,1370.28,1371.32,1368.47,1368.47
2021-10-08 11:00:00,1368.65,1368.91,1365.93,1366.41
2021-10-08 13:00:00,1366.57,1370.92,1366.34,1368.0
2021-10-08 14:00:00,1367.95,1373.18,1367.38,1372.73
2021-10-11 09:00:00,1372.73,1381.25,1372.73,1379.99
2021-10-11 10:00:00,1380.11,1381.65,1379.93,1381.11
2021-10-11 11:00:00,1381.15,1383.97,1380.77,1383.7
2021-10-11 13:00:00,1383.56,1389.24,1383.42,1388.94
2021-10-11 14:00:00,1388.9,1394.64,1388.35,1394.09
2021-10-12 09:00:00,1394.09,1400.78,1394.09,1397.34
2021-10-12 10:00:00,1397.23,1397.43,1389.43,1397.05
2021-10-12 11:00:00,1397.03,1397.68,1396.36,1396.95
2021-10-12 13:00:00,1397.14,1397.38,1390.89,1390.89
2021-10-12 14:00:00,1391.08,1394.8,1390.56,1394.8
2021-10-13 09:00:00,1394.8,1400.12,1394.8,1398.61
2021-10-13 10:00:00,1398.64,1400.67,1396.26,1396.38
2021-10-13 11:00:00,1396.45,1396.89,1393.34,1395.65
2021-10-13 13:00:00,1395.76,1397.01,1391.71,1396.75
2021-10-13 14:00:00,1396.94,1397.63,1389.61,1391.91
2021-10-14 09:00:00,1391.91,1396.37,1389.97,1396.37
2021-10-14 10:00:00,1396.27,1396.82,1393.02,1393.02
2021-10-14 11:00:00,1392.8,1394.49,1390.92,1394.49
2021-10-14 13:00:00,1394.3,1398.67,1393.0,1396.46
2021-10-14 14:00:00,1396.77,1396.89,1388.89,1391.85
2021-10-15 09:00:00,1391.85,1398.7,1391.85,1396.69
2021-10-15 10:00:00,1396.66,1398.67,1395.12,1397.51
2021-10-15 11:00:00,1397.14,1397.7,1395.9,1397.32
2021-10-15 13:00:00,1397.31,1399.03,1394.34,1395.76
2021-10-15 14:00:00,1395.67,1396.35,1388.0,1392.7
2021-10-18 09:00:00,1392.7,1398.93,1392.7,1397.52
2021-10-18 10:00:00,1397.57,1401.5,1395.88,1395.89
2021-10-18 11:00:00,1395.88,1400.23,1395.88,1399.97
2021-10-18 13:00:00,1400.06,1402.63,1399.93,1401.3
2021-10-18 14:00:00,1401.24,1401.95,1390.88,1395.53
2021-10-19 09:00:00,1395.53,1396.07,1388.95,1393.36
2021-10-19 10:00:00,1393.93,1397.88,1391.97,1396.68
2021-10-19 11:00:00,1396.41,1399.19,1396.06,1399.11
2021-10-19 13:00:00,1399.08,1399.66,1393.92,1396.65
2021-10-19 14:00:00,1396.67,1398.7,1392.36,1395.33
2021-10-20 09:00:00,1395.33,1399.76,1394.5,1397.59
2021-10-20 10:00:00,1397.52,1401.76,1396.91,1398.59
2021-10-20 11:00:00,1398.24,1400.32,1397.28,1397.7
2021-10-20 13:00:00,1397.58,1399.94,1392.39,1392.78
2021-10-20 14:00:00,1392.84,1394.6,1376.15,1393.8
2021-10-21 09:00:00,1393.8,1398.45,1393.8,1395.71
2021-10-21 10:00:00,1395.62,1395.82,1391.8,1393.6
2021-10-21 11:00:00,1393.61,1393.61,1389.32,1391.57
2021-10-21 13:00:00,1391.47,1393.67,1387.79,1390.76
2021-10-21 14:00:00,1390.92,1392.43,1384.77,1384.77
2021-10-22 09:00:00,1384.77,1392.78,1384.77,1388.64
2021-10-22 10:00:00,1388.59,1390.82,1387.13,1390.18
2021-10-22 11:00:00,1390.1,1390.6,1389.76,1390.4
2021-10-22 13:00:00,1390.52,1393.7,1389.14,1389.91
2021-10-22 14:00:00,1389.75,1390.01,1385.53,1389.24
2021-10-25 09:00:00,1389.24,1395.72,1389.24,1392.22
2021-10-25 10:00:00,1392.1,1392.39,1388.71,1391.59
2021-10-25 11:00:00,1391.72,1394.98,1391.38,1394.68
2021-10-25 13:00:00,1394.66,1395.52,1389.28,1389.59
2021-10-25 14:00:00,1389.69,1393.34,1385.4,1385.4
2021-10-26 09:00:00,1385.4,1385.45,1377.56,1384.69
2021-10-26 10:00:00,1384.93,1387.51,1382.8,1382.88
2021-10-26 11:00:00,1382.83,1384.22,1382.58,1382.94
2021-10-26 13:00:00,1382.97,1383.45,1378.85,1382.33
2021-10-26 14:00:00,1382.26,1393.03,1382.11,1391.63
2021-10-27 09:00:00,1391.63,1399.47,1391.63,1398.37
2021-10-27 10:00:00,1398.51,1408.04,1398.02,1408.04
2021-10-27 11:00:00,1408.32,1411.19,1407.94,1410.05
2021-10-27 13:00:00,1409.8,1420.02,1409.8,1418.21
2021-10-27 14:00:00,1418.44,1423.02,1417.83,1423.02
2021-10-28 09:00:00,1423.02,1428.72,1422.19,1422.23
2021-10-28 10:00:00,1422.17,1426.97,1420.42,1426.86
2021-10-28 11:00:00,1426.97,1432.42,1426.8,1432.08
2021-10-28 13:00:00,1431.99,1435.89,1428.99,1435.89
2021-10-28 14:00:00,1435.61,1440.64,1435.35,1438.01
2021-10-29 09:00:00,1438.01,1443.03,1435.94,1441.16
2021-10-29 10:00:00,1441.23,1445.17,1438.8,1438.8
2021-10-29 11:00:00,1439.13,1439.61,1432.19,1439.05
2021-10-29 13:00:00,1439.35,1441.97,1438.13,1441.15
2021-10-29 14:00:00,1440.95,1447.62,1440.95,1444.27
2021-11-01 09:00:00,1444.27,1451.81,1444.27,1450.07
2021-11-01 10:00:00,1449.8,1450.98,1445.29,1447.75
2021-11-01 11:00:00,1448.11,1448.43,1444.61,1446.71
2021-11-01 13:00:00,1446.61,1447.77,1442.34,1445.14
2021-11-01 14:00:00,1445.11,1445.49,1435.57,1438.97
2021-11-02 09:00:00,1438.97,1445.59,1438.83,1445.32
2021-11-02 10:00:00,1445.31,1448.18,1443.39,1443.51
2021-11-02 11:00:00,1443.41,1447.61,1443.41,1447.55
2021-11-02 13:00:00,1447.25,1450.53,1447.23,1449.05
2021-11-02 14:00:00,1448.93,1452.46,1448.27,1452.46
2021-11-03 09:00:00,1452.46,1463.3,1452.46,1462.65
2021-11-03 10:00:00,1462.31,1463.63,1440.67,1446.22
2021-11-03 11:00:00,1446.53,1451.58,1445.34,1447.9
2021-11-03 13:00:00,1448.42,1454.95,1446.76,1454.56
2021-11-03 14:00:00,1454.58,1456.25,1444.3,1444.3
2021-11-04 09:00:00,1444.3,1448.55,1435.84,1442.37
2021-11-04 10:00:00,1442.42,1450.87,1442.14,1445.13
2021-11-04 11:00:00,1445.23,1445.74,1441.63,1442.83
2021-11-04 13:00:00,1444.63,1451.98,1442.42,1450.24
2021-11-04 14:00:00,1450.3,1450.59,1445.09,1448.34
2021-11-05 09:00:00,1448.34,1454.01,1446.96,1450.25
2021-11-05 10:00:00,1450.1,1450.16,1444.51,1447.14
2021-11-05 11:00:00,1447.0,1450.19,1446.07,1449.44
2021-11-05 13:00:00,1449.61,1455.1,1449.32,1455.1
2021-11-05 14:00:00,1454.86,1459.93,1454.76,1456.51
2021-11-08 09:00:00,1456.51,1464.62,1456.51,1464.16
2021-11-08 10:00:00,1464.2,1465.39,1462.56,1465.13
2021-11-08 11:00:00,1465.12,1465.69,1463.92,1464.4
2021-11-08 13:00:00,1464.48,1470.49,1464.13,1464.56
2021-11-08 14:00:00,1464.64,1467.57,1456.9,1467.57
2021-11-09 09:00:00,1467.57,1471.14,1463.54,1468.91
2021-11-09 10:00:00,1468.99,1474.2,1468.62,1473.0
2021-11-09 11:00:00,1472.8,1472.99,1468.32,1469.04
2021-11-09 13:00:00,1469.41,1470.22,1458.83,1460.25
2021-11-09 14:00:00,1460.62,1462.64,1457.57,1461.5
2021-11-10 09:00:00,1461.5,1466.7,1457.98,1459.07
2021-11-10 10:00:00,1458.94,1464.2,1458.9,1462.74
2021-11-10 11:00:00,1462.53,1462.71,1458.07,1462.52
2021-11-10 13:00:00,1461.91,1467.8,1460.52,1467.49
2021-11-10 14:00:00,1467.53,1470.19,1463.17,1465.02
2021-11-11 09:00:00,1465.02,1469.61,1464.43,1466.07
2021-11-11 10:00:00,1466.09,1466.09,1449.18,1454.66
2021-11-11 11:00:00,1454.56,1466.71,1454.56,1465.04
2021-11-11 13:00:00,1466.85,1470.88,1463.73,1470.88
2021-11-11 14:00:00,1470.73,1472.89,1461.0,1462.35
2021-11-12 09:00:00,1462.35,1467.23,1460.26,1461.15
2021-11-12 10:00:00,1460.96,1463.03,1459.55,1461.33
2021-11-12 11:00:00,1461.61,1461.99,1457.93,1458.26
2021-11-12 13:00:00,1458.22,1462.03,1453.22,1461.43
2021-11-12 14:00:00,1461.57,1474.98,1461.36,1473.37
2021-11-15 09:00:00,1473.37,1481.96,1473.01,1473.74
2021-11-15 10:00:00,1473.69,1477.06,1473.39,1476.04
2021-11-15 11:00:00,1476.13,1476.97,1475.42,1476.97
2021-11-15 13:00:00,1477.19,1479.7,1476.33,1478.36
2021-11-15 14:00:00,1478.45,1481.05,1466.01,1476.57
2021-11-16 09:00:00,1476.57,1476.57,1466.26,1475.22
2021-11-16 10:00:00,1475.34,1476.08,1464.68,1464.68
2021-11-16 11:00:00,1464.62,1473.8,1459.08,1472.09
2021-11-16 13:00:00,1471.32,1476.97,1468.1,1474.87
2021-11-16 14:00:00,1474.75,1475.35,1464.19,1466.45
2021-11-17 09:00:00,1466.45,1470.6,1464.78,1469.74
2021-11-17 10:00:00,1469.47,1471.03,1466.36,1469.73
2021-11-17 11:00:00,1469.65,1473.45,1469.44,1473.28
2021-11-17 13:00:00,1473.89,1476.78,1472.62,1475.09
2021-11-17 14:00:00,1475.32,1477.04,1474.09,1475.85
2021-11-18 09:00:00,1475.85,1481.13,1475.85,1476.04
2021-11-18 10:00:00,1476.0,1477.12,1470.98,1476.88
2021-11-18 11:00:00,1477.02,1482.47,1476.09,1481.91
2021-11-18 13:00:00,1482.87,1482.87,1478.57,1479.28
2021-11-18 14:00:00,1479.22,1479.31,1469.83,1469.83
2021-11-19 09:00:00,1469.83,1476.65,1468.14,1471.94
2021-11-19 10:00:00,1471.78,1481.53,1471.32,1476.08
2021-11-19 11:00:00,1476.23,1476.38,1470.5,1473.9
2021-11-19 13:00:00,1473.73,1475.38,1461.57,1463.52
2021-11-19 14:00:00,1463.23,1463.56,1434.69,1452.35
2021-11-22 09:00:00,1452.35,1459.89,1448.51,1458.37
2021-11-22 10:00:00,1458.48,1466.46,1442.85,1451.26
2021-11-22 11:00:00,1451.13,1458.45,1451.05,1458.35
2021-11-22 13:00:00,1458.7,1460.1,1444.17,1450.98
2021-11-22 14:00:00,1450.97,1453.25,1447.25,1447.25
2021-11-23 09:00:00,1447.25,1452.92,1441.28,1448.82
2021-11-23 10:00:00,1448.86,1449.57,1438.41,1445.26
2021-11-23 11:00:00,1445.23,1452.67,1444.42,1452.65
2021-11-23 13:00:00,1453.25,1458.37,1449.89,1458.37
2021-11-23 14:00:00,1458.28,1463.63,1457.38,1463.63
2021-11-24 09:00:00,1463.63,1475.64,1463.63,1472.93
2021-11-24 10:00:00,1473.05,1479.51,1472.76,1475.18
2021-11-24 11:00:00,1475.44,1478.26,1475.05,1478.24
2021-11-24 13:00:00,1478.36,1482.84,1477.65,1482.74
2021-11-24 14:00:00,1482.77,1491.05,1482.34,1488.87
2021-11-25 09:00:00,1488.87,1500.03,1488.87,1499.56
2021-11-25 10:00:00,1499.43,1502.52,1497.0,1498.63
2021-11-25 11:00:00,1498.77,1502.58,1498.67,1502.14
2021-11-25 13:00:00,1502.07,1505.36,1496.37,1498.45
2021-11-25 14:00:00,1498.53,1500.81,1498.25,1500.81
2021-11-26 09:00:00,1500.81,1510.16,1500.81,1505.58
2021-11-26 10:00:00,1505.54,1511.68,1505.01,1505.01
2021-11-26 11:00:00,1505.02,1509.23,1504.05,1505.1
2021-11-26 13:00:00,1504.47,1504.47,1490.85,1497.89
2021-11-26 14:00:00,1498.03,1499.39,1488.83,1493.03
2021-11-29 09:00:00,1493.03,1493.03,1464.83,1478.21
2021-11-29 10:00:00,1477.9,1485.48,1475.19,1476.81
2021-11-29 11:00:00,1476.95,1480.0,1476.95,1478.48
2021-11-29 13:00:00,1478.69,1488.93,1478.14,1486.62
2021-11-29 14:00:00,1486.46,1486.87,1484.12,1484.84
2021-11-30 09:00:00,1484.84,1502.53,1484.84,1493.18
2021-11-30 10:00:00,1493.03,1499.66,1491.9,1498.71
2021-11-30 11:00:00,1498.9,1503.09,1498.43,1501.01
2021-11-30 13:00:00,1499.67,1500.48,1476.8,1477.12
2021-11-30 14:00:00,1477.16,1484.88,1471.57,1478.44
2021-12-01 09:00:00,1478.44,1487.68,1475.24,1480.46
2021-12-01 10:00:00,1480.94,1483.38,1475.59,1478.42
2021-12-01 11:00:00,1478.46,1479.27,1472.97,1474.61
2021-12-01 13:00:00,1474.41,1482.4,1474.31,1477.37
2021-12-01 14:00:00,1477.18,1487.48,1471.3,1485.19
2021-12-02 09:00:00,1485.19,1491.82,1485.19,1491.59
2021-12-02 10:00:00,1491.55,1492.87,1486.09,1491.04
2021-12-02 11:00:00,1491.12,1491.98,1485.01,1488.96
2021-12-02 13:00:00,1489.34,1491.66,1487.34,1490.35
2021-12-02 14:00:00,1490.38,1493.84,1482.05,1482.05
2021-12-03 09:00:00,1482.05,1491.2,1482.05,1486.53
2021-12-03 10:00:00,1486.57,1486.73,1474.08,1480.04
2021-12-03 11:00:00,1480.1,1480.97,1475.59,1480.08
2021-12-03 13:00:00,1480.58,1483.06,1472.93,1475.88
2021-12-03 14:00:00,1475.82,1475.83,1443.32,1443.32
2021-12-06 09:00:00,1443.32,1452.55,1437.04,1443.47
2021-12-06 10:00:00,1443.46,1447.02,1439.86,1442.44
2021-12-06 11:00:00,1442.32,1443.01,1432.35,1432.44
2021-12-06 13:00:00,1433.63,1434.78,1421.11,1427.33
2021-12-06 14:00:00,1427.06,1429.62,1400.87,1413.58
2021-12-07 09:00:00,1413.58,1432.12,1413.58,1427.67
2021-12-07 10:00:00,1427.8,1429.22,1421.6,1429.22
2021-12-07 11:00:00,1429.24,1437.25,1428.82,1432.32
2021-12-07 13:00:00,1432.13,1440.21,1429.48,1438.52
2021-12-07 14:00:00,1438.3,1446.77,1437.64,1446.77
2021-12-08 09:00:00,1446.77,1454.72,1446.77,1454.36
2021-12-08 10:00:00,1454.34,1455.59,1451.01,1455.23
2021-12-08 11:00:00,1455.24,1457.15,1449.42,1457.15
2021-12-08 13:00:00,1458.09,1460.28,1447.88,1448.64
2021-12-08 14:00:00,1448.92,1453.81,1448.58,1452.87
2021-12-09 09:00:00,1452.87,1455.88,1446.88,1454.9
2021-12-09 10:00:00,1454.97,1457.77,1450.99,1457.65
2021-12-09 11:00:00,1457.59,1459.66,1455.69,1458.18
2021-12-09 13:00:00,1458.45,1463.32,1458.27,1462.84
2021-12-09 14:00:00,1462.87,1467.98,1462.7,1467.98
2021-12-10 09:00:00,1467.98,1475.85,1467.98,1473.17
2021-12-10 10:00:00,1473.12,1474.72,1471.67,1473.83
2021-12-10 11:00:00,1473.85,1474.21,1470.86,1470.88
2021-12-10 13:00:00,1470.91,1471.18,1461.78,1463.35
2021-12-10 14:00:00,1463.29,1471.25,1462.32,1463.54
2021-12-13 09:00:00,1463.54,1474.41,1463.54,1472.92
2021-12-13 10:00:00,1472.95,1477.45,1472.73,1475.94
2021-12-13 11:00:00,1476.07,1476.19,1473.34,1474.2
2021-12-13 13:00:00,1474.96,1481.7,1474.06,1480.08
2021-12-13 14:00:00,1479.93,1480.59,1473.39,1476.21
2021-12-14 09:00:00,1476.21,1482.48,1473.98,1482.4
2021-12-14 10:00:00,1482.51,1485.14,1478.38,1478.84
2021-12-14 11:00:00,1478.99,1478.99,1474.66,1477.27
2021-12-14 13:00:00,1477.36,1477.64,1469.21,1476.3
2021-12-14 14:00:00,1476.43,1478.94,1473.68,1476.02
2021-12-15 09:00:00,1476.02,1477.58,1473.0,1476.91
2021-12-15 10:00:00,1476.85,1478.29,1473.89,1477.02
2021-12-15 11:00:00,1477.18,1481.67,1477.06,1478.29
2021-12-15 13:00:00,1478.12,1478.64,1468.21,1470.89
2021-12-15 14:00:00,1470.86,1478.33,1470.0,1475.5
2021-12-16 09:00:00,1475.5,1482.32,1475.5,1479.13
2021-12-16 10:00:00,1479.21,1481.29,1473.82,1475.79
2021-12-16 11:00:00,1475.82,1477.18,1475.46,1476.74
2021-12-16 13:00:00,1476.86,1477.71,1473.68,1475.33
2021-12-16 14:00:00,1475.25,1477.5,1468.95,1476.61
2021-12-17 09:00:00,1481.76,1482.94,1479.99,1481.75
2021-12-17 10:00:00,1481.84,1484.7,1481.76,1483.1
2021-12-17 11:00:00,1483.25,1483.34,1479.8,1481.39
2021-12-17 13:00:00,1481.4,1486.1,1481.18,1483.1
2021-12-17 14:00:00,1483.12,1487.73,1479.79,1479.79
2021-12-20 09:00:00,1483.8,1483.8,1476.91,1481.64
2021-12-20 10:00:00,1481.66,1482.86,1476.86,1478.99
2021-12-20 11:00:00,1479.01,1480.47,1475.46,1475.49
2021-12-20 13:00:00,1475.45,1476.71,1468.88,1476.6
2021-12-20 14:00:00,1476.63,1478.28,1472.81,1477.33
2021-12-21 09:00:00,1474.68,1480.21,1473.25,1475.39
2021-12-21 10:00:00,1475.45,1479.96,1472.43,1479.8
2021-12-21 11:00:00,1479.81,1483.93,1478.34,1483.61
2021-12-21 13:00:00,1483.75,1486.09,1480.25,1482.63
2021-12-21 14:00:00,1482.5,1482.54,1478.42,1478.74
2021-12-22 09:00:00,1484.9,1489.24,1484.86,1487.01
2021-12-22 10:00:00,1487.12,1487.71,1481.78,1481.97
2021-12-22 11:00:00,1481.79,1486.64,1481.58,1483.63
2021-12-22 13:00:00,1484.5,1485.96,1473.15,1473.15
2021-12-22 14:00:00,1472.79,1480.29,1471.84,1477.67
2021-12-23 09:00:00,1480.56,1481.21,1472.58,1478.91
2021-12-23 10:00:00,1479.32,1479.46,1463.64,1467.5
2021-12-23 11:00:00,1468.33,1468.61,1455.8,1455.8
2021-12-23 13:00:00,1455.96,1457.89,1447.14,1455.67
2021-12-23 14:00:00,1455.64,1465.27,1454.84,1456.96
2021-12-24 09:00:00,1462.97,1469.78,1462.97,1469.64
2021-12-24 10:00:00,1469.67,1471.84,1464.05,1466.07
2021-12-24 11:00:00,1466.12,1467.93,1460.31,1460.34
2021-12-24 13:00:00,1460.27,1473.16,1456.32,1472.87
2021-12-24 14:00:00,1473.04,1478.8,1473.04,1477.03
2021-12-27 09:00:00,1483.56,1487.12,1480.61,1482.31
2021-12-27 10:00:00,1482.36,1482.98,1469.91,1470.13
2021-12-27 11:00:00,1470.34,1477.91,1470.05,1477.59
2021-12-27 13:00:00,1478.16,1483.57,1477.85,1481.26
2021-12-27 14:00:00,1481.0,1490.12,1481.0,1488.88
2021-12-28 09:00:00,1494.94,1499.15,1489.6,1489.6
2021-12-28 10:00:00,1489.64,1494.45,1487.19,1492.01
2021-12-28 11:00:00,1492.18,1499.77,1491.51,1498.77
2021-12-28 13:00:00,1499.11,1499.11,1486.17,1489.09
2021-12-28 14:00:00,1488.94,1494.39,1483.97,1494.39
2021-12-29 09:00:00,1497.66,1498.91,1491.22,1494.3
2021-12-29 10:00:00,1494.35,1495.34,1491.41,1493.43
2021-12-29 11:00:00,1493.54,1495.11,1493.15,1493.22
2021-12-29 13:00:00,1493.95,1493.96,1489.54,1490.96
2021-12-29 14:00:00,1490.91,1490.94,1485.82,1485.82
2021-12-30 09:00:00,1491.01,1493.38,1487.82,1490.56
2021-12-30 10:00:00,1490.37,1490.75,1485.31,1486.25
2021-12-30 11:00:00,1486.34,1489.17,1486.34,1488.58
2021-12-30 13:00:00,1489.02,1490.85,1487.46,1488.88
2021-12-30 14:00:00,1488.75,1490.12,1484.82,1485.97
2021-12-31 09:00:00,1490.22,1497.17,1489.71,1496.5
2021-12-31 10:00:00,1496.63,1499.07,1493.94,1493.94
2021-12-31 11:00:00,1493.91,1495.18,1491.16,1494.9
2021-12-31 13:00:00,1495.64,1498.91,1494.38,1496.11
2021-12-31 14:00:00,1496.02,1498.28,1493.72,1498.28
2022-01-04 09:00:00,1508.48,1513.4,1507.19,1512.58
2022-01-04 10:00:00,1512.64,1518.16,1511.37,1517.82
2022-01-04 11:00:00,1517.89,1518.99,1517.57,1517.95
2022-01-04 13:00:00,1518.25,1525.36,1518.19,1525.24
2022-01-04 14:00:00,1525.27,1526.69,1524.32,1525.58
2022-01-05 09:00:00,1530.77,1534.79,1527.49,1534.54
2022-01-05 10:00:00,1534.67,1535.4,1527.97,1530.56
2022-01-05 11:00:00,1530.61,1535.32,1529.84,1534.53
2022-01-05 13:00:00,1535.58,1535.82,1527.51,1527.67
2022-01-05 14:00:00,1527.76,1528.38,1522.5,1522.5
2022-01-06 09:00:00,1520.18,1527.4,1518.18,1522.91
2022-01-06 10:00:00,1522.9,1526.62,1522.9,1523.41
2022-01-06 11:00:00,1523.71,1531.86,1523.55,1531.7
2022-01-06 13:00:00,1532.21,1536.24,1531.05,1535.8
2022-01-06 14:00:00,1535.69,1535.98,1524.79,1528.57
2022-01-07 09:00:00,1533.62,1534.52,1525.13,1528.17
2022-01-07 10:00:00,1528.12,1531.48,1524.96,1525.33
2022-01-07 11:00:00,1525.36,1527.71,1525.05,1527.08
2022-01-07 13:00:00,1527.31,1532.48,1526.45,1526.83
2022-01-07 14:00:00,1526.77,1532.95,1525.97,1528.48
2022-01-10 09:00:00,1530.3,1535.09,1527.79,1531.16
2022-01-10 10:00:00,1531.5,1531.77,1525.92,1526.69
2022-01-10 11:00:00,1526.6,1536.35,1526.06,1534.12
2022-01-10 13:00:00,1535.07,1536.45,1516.42,1516.51
2022-01-10 14:00:00,1516.06,1520.75,1503.71,1503.71
2022-01-11 09:00:00,1505.53,1509.75,1493.32,1504.38
2022-01-11 10:00:00,1504.37,1509.02,1503.5,1505.08
2022-01-11 11:00:00,1505.48,1506.44,1502.08,1506.35
2022-01-11 13:00:00,1506.51,1512.05,1503.73,1503.73
2022-01-11 14:00:00,1503.42,1503.98,1488.4,1492.31
2022-01-12 09:00:00,1489.04,1497.31,1487.08,1496.52
2022-01-12 10:00:00,1496.4,1499.01,1481.6,1481.67
2022-01-12 11:00:00,1481.5,1481.68,1464.49,1475.73
2022-01-12 13:00:00,1475.28,1491.2,1474.95,1485.2
2022-01-12 14:00:00,1485.21,1510.51,1485.11,1510.51
2022-01-13 09:00:00,1518.83,1522.21,1512.02,1516.12
2022-01-13 10:00:00,1516.19,1522.6,1508.27,1508.44
2022-01-13 11:00:00,1508.66,1514.77,1508.57,1510.15
2022-01-13 13:00:00,1510.51,1511.53,1499.29,1499.44
2022-01-13 14:00:00,1499.39,1507.48,1495.13,1496.05
2022-01-14 09:00:00,1477.76,1493.87,1476.68,1493.4
2022-01-14 10:00:00,1493.41,1494.44,1488.35,1493.0
2022-01-14 11:00:00,1493.38,1497.74,1493.19,1495.2
2022-01-14 13:00:00,1495.98,1503.25,1495.42,1497.09
2022-01-14 14:00:00,1497.06,1497.44,1490.08,1496.02
2022-01-17 09:00:00,1500.08,1503.86,1497.57,1499.57
2022-01-17 10:00:00,1499.47,1500.5,1485.68,1485.68
2022-01-17 11:00:00,1486.4,1495.1,1485.47,1492.58
2022-01-17 13:00:00,1492.19,1492.19,1454.14,1460.14
2022-01-17 14:00:00,1460.66,1469.01,1452.84,1452.84
2022-01-18 09:00:00,1440.4,1450.59,1439.55,1445.16
2022-01-18 10:00:00,1445.14,1451.15,1433.33,1447.23
2022-01-18 11:00:00,1446.94,1448.21,1442.82,1444.63
2022-01-18 13:00:00,1444.84,1452.14,1436.38,1439.49
2022-01-18 14:00:00,1439.48,1439.52,1424.65,1438.94
2022-01-19 09:00:00,1439.95,1449.11,1439.56,1447.11
2022-01-19 10:00:00,1447.23,1447.23,1434.46,1439.13
2022-01-19 11:00:00,1439.17,1446.2,1438.92,1445.61
2022-01-19 13:00:00,1446.59,1446.99,1435.82,1437.69
2022-01-19 14:00:00,1437.66,1442.79,1434.64,1442.79
2022-01-20 09:00:00,1438.72,1440.03,1432.58,1440.03
2022-01-20 10:00:00,1439.97,1446.11,1437.54,1445.89
2022-01-20 11:00:00,1445.93,1446.21,1443.6,1445.09
2022-01-20 13:00:00,1445.37,1455.82,1445.37,1455.82
2022-01-20 14:00:00,1455.55,1469.08,1455.47,1465.3
2022-01-21 09:00:00,1471.54,1471.85,1465.96,1468.81
2022-01-21 10:00:00,1468.8,1476.11,1466.23,1476.11
2022-01-21 11:00:00,1475.97,1477.23,1467.79,1468.5
2022-01-21 13:00:00,1468.53,1471.89,1463.06,1470.82
2022-01-21 14:00:00,1470.8,1474.85,1470.61,1472.89
2022-01-24 09:00:00,1465.66,1467.99,1452.69,1457.53
2022-01-24 10:00:00,1457.79,1464.9,1454.65,1457.36
2022-01-24 11:00:00,1458.16,1464.31,1455.72,1464.25
2022-01-24 13:00:00,1463.61,1464.4,1440.34,1442.99
2022-01-24 14:00:00,1443.1,1447.58,1432.18,1439.71
2022-01-25 09:00:00,1430.1,1440.24,1429.71,1436.82
2022-01-25 10:00:00,1436.77,1436.93,1424.36,1433.01
2022-01-25 11:00:00,1432.95,1433.04,1426.19,1430.2
2022-01-25 13:00:00,1430.34,1463.59,1429.99,1463.57
2022-01-25 14:00:00,1463.45,1479.58,1462.22,1479.58
2022-01-26 09:00:00,1486.19,1490.45,1479.63,1488.47
2022-01-26 10:00:00,1488.4,1489.28,1478.41,1482.06
2022-01-26 11:00:00,1482.12,1485.31,1481.26,1484.48
2022-01-26 13:00:00,1484.4,1488.68,1483.67,1485.59
2022-01-26 14:00:00,1485.64,1485.83,1479.88,1481.58
2022-01-27 09:00:00,1476.15,1480.65,1471.13,1478.64
2022-01-27 10:00:00,1478.63,1486.35,1474.19,1486.31
2022-01-27 11:00:00,1486.39,1486.39,1475.91,1476.6
2022-01-27 13:00:00,1476.19,1476.19,1464.06,1465.4
2022-01-27 14:00:00,1465.23,1473.38,1464.81,1470.76
2022-01-28 09:00:00,1469.05,1475.11,1469.05,1472.69
2022-01-28 10:00:00,1472.75,1480.33,1472.49,1479.71
2022-01-28 11:00:00,1479.77,1480.29,1471.64,1471.92
2022-01-28 13:00:00,1472.39,1476.71,1465.22,1475.37
2022-01-28 14:00:00,1475.67,1484.48,1473.12,1478.96
2022-02-07 09:00:00,1498.38,1503.33,1493.89,1500.66
2022-02-07 10:00:00,1500.69,1502.73,1497.05,1502.2
2022-02-07 11:00:00,1502.14,1504.27,1501.28,1504.23
2022-02-07 13:00:00,1504.43,1505.69,1500.09,1501.0
2022-02-07 14:00:00,1501.05,1503.55,1497.66,1497.66
2022-02-08 09:00:00,1496.63,1502.98,1491.78,1500.5
2022-02-08 10:00:00,1500.57,1503.01,1495.65,1501.63
2022-02-08 11:00:00,1501.42,1501.45,1498.43,1500.29
2022-02-08 13:00:00,1501.02,1503.33,1500.13,1500.71
2022-02-08 14:00:00,1500.43,1500.99,1494.62,1500.99
2022-02-09 09:00:00,1500.99,1510.57,1499.53,1510.36
2022-02-09 10:00:00,1510.23,1511.72,1504.34,1505.08
2022-02-09 11:00:00,1504.97,1506.76,1502.19,1503.48
2022-02-09 13:00:00,1504.54,1508.85,1503.85,1505.93
2022-02-09 14:00:00,1505.88,1508.39,1504.65,1505.38
2022-02-10 09:00:00,1510.66,1510.94,1502.57,1507.27
2022-02-10 10:00:00,1507.42,1512.88,1504.05,1504.09
2022-02-10 11:00:00,1504.07,1507.79,1503.3,1505.03
2022-02-10 13:00:00,1505.17,1507.9,1499.58,1499.68
2022-02-10 14:00:00,1499.71,1506.79,1495.7,1506.79
2022-02-11 09:00:00,1506.79,1506.8,1502.11,1504.35
2022-02-11 10:00:00,1504.38,1508.54,1501.84,1507.01
2022-02-11 11:00:00,1507.08,1507.08,1503.57,1503.67
2022-02-11 13:00:00,1504.21,1504.93,1499.06,1501.29
2022-02-11 14:00:00,1500.91,1505.74,1500.55,1501.71
2022-02-14 09:00:00,1501.71,1501.71,1482.54,1492.2
2022-02-14 10:00:00,1492.21,1495.95,1489.45,1492.35
2022-02-14 11:00:00,1492.28,1492.47,1485.46,1489.17
2022-02-14 13:00:00,1489.7,1495.99,1483.79,1493.69
2022-02-14 14:00:00,1493.63,1493.83,1471.96,1471.96
2022-02-15 09:00:00,1471.96,1478.97,1471.96,1474.45
2022-02-15 10:00:00,1474.56,1477.91,1470.06,1477.4
2022-02-15 11:00:00,1477.28,1481.27,1477.11,1481.16
2022-02-15 13:00:00,1481.19,1489.76,1480.99,1489.76
2022-02-15 14:00:00,1489.67,1495.56,1489.67,1492.75
2022-02-16 09:00:00,1492.75,1499.5,1489.98,1493.51
2022-02-16 10:00:00,1493.25,1493.59,1490.56,1491.22
2022-02-16 11:00:00,1491.34,1491.42,1488.83,1490.8
2022-02-16 13:00:00,1491.06,1495.69,1486.68,1492.38
2022-02-16 14:00:00,1492.23,1494.2,1491.81,1492.1
2022-02-17 09:00:00,1492.1,1496.5,1492.1,1495.99
2022-02-17 10:00:00,1496.03,1500.02,1495.27,1498.6
2022-02-17 11:00:00,1498.56,1498.56,1493.59,1493.97
2022-02-17 13:00:00,1493.9,1501.62,1493.09,1501.41
2022-02-17 14:00:00,1501.63,1507.99,1500.06,1507.99
2022-02-18 09:00:00,1507.99,1507.99,1492.38,1504.07
2022-02-18 10:00:00,1504.22,1505.72,1501.6,1504.19
2022-02-18 11:00:00,1504.36,1504.42,1501.08,1501.74
2022-02-18 13:00:00,1502.2,1503.06,1498.82,1502.0
2022-02-18 14:00:00,1502.13,1507.29,1501.79,1504.84
2022-02-21 09:00:00,1504.84,1507.72,1500.97,1506.93
2022-02-21 10:00:00,1506.89,1507.28,1502.36,1504.24
2022-02-21 11:00:00,1504.31,1509.13,1504.07,1508.72
2022-02-21 13:00:00,1509.17,1516.63,1509.17,1512.12
2022-02-21 14:00:00,1512.24,1512.24,1508.11,1510.84
2022-02-22 09:00:00,1510.84,1510.84,1492.97,1502.83
2022-02-22 10:00:00,1502.86,1504.06,1489.99,1490.69
2022-02-22 11:00:00,1490.89,1496.11,1490.89,1492.23
2022-02-22 13:00:00,1491.97,1496.02,1484.81,1492.27
2022-02-22 14:00:00,1492.33,1503.47,1491.3,1503.47
2022-02-23 09:00:00,1503.47,1512.25,1503.47,1511.37
2022-02-23 10:00:00,1511.35,1517.04,1510.97,1517.04
2022-02-23 11:00:00,1517.01,1518.38,1516.46,1518.05
2022-02-23 13:00:00,1518.34,1520.78,1515.92,1516.01
2022-02-23 14:00:00,1515.73,1515.73,1512.3,1512.3
2022-02-24 09:00:00,1512.3,1512.7,1503.8,1512.2
2022-02-24 10:00:00,1512.46,1513.25,1494.2,1499.38
2022-02-24 11:00:00,1499.71,1501.46,1496.39,1497.64
2022-02-24 13:00:00,1495.91,1495.91,1473.76,1487.22
2022-02-24 14:00:00,1487.21,1494.85,1487.21,1494.85
2022-02-25 09:00:00,1494.85,1507.71,1494.85,1503.56
2022-02-25 10:00:00,1503.46,1512.05,1503.21,1509.15
2022-02-25 11:00:00,1509.37,1509.48,1506.68,1506.84
2022-02-25 13:00:00,1507.38,1510.11,1499.92,1504.08
2022-02-25 14:00:00,1504.12,1504.13,1498.89,1498.89
2022-02-28 09:00:00,1498.89,1502.36,1491.45,1495.59
2022-02-28 10:00:00,1495.7,1497.9,1488.87,1490.62
2022-02-28 11:00:00,1490.67,1491.86,1487.57,1491.74
2022-02-28 13:00:00,1492.34,1496.34,1488.93,1493.68
2022-02-28 14:00:00,1493.48,1494.36,1490.13,1490.13
2022-03-01 09:00:00,1490.13,1497.81,1490.13,1495.75
2022-03-01 10:00:00,1495.69,1496.27,1491.48,1496.27
2022-03-01 11:00:00,1496.3,1500.15,1496.3,1498.12
2022-03-01 13:00:00,1498.38,1501.73,1498.38,1501.15
2022-03-01 14:00:00,1500.68,1501.2,1495.12,1498.78
2022-03-02 09:00:00,1499.37,1500.41,1494.15,1499.98
2022-03-02 10:00:00,1499.9,1500.11,1488.07,1489.0
2022-03-02 11:00:00,1488.61,1491.35,1479.55,1485.16
2022-03-02 13:00:00,1484.84,1490.44,1482.93,1487.46
2022-03-02 14:00:00,1487.55,1488.78,1480.73,1485.52
2022-03-03 09:00:00,1485.52,1496.42,1485.52,1489.0
2022-03-03 10:00:00,1489.1,1493.34,1487.69,1493.33
2022-03-03 11:00:00,1493.18,1493.7,1491.03,1491.46
2022-03-03 13:00:00,1491.92,1497.9,1491.65,1497.9
2022-03-03 14:00:00,1497.65,1505.0,1497.38,1505.0
2022-03-04 09:00:00,1505.0,1507.71,1502.95,1506.94
2022-03-04 10:00:00,1507.04,1509.11,1501.71,1501.8
2022-03-04 11:00:00,1502.02,1506.06,1501.39,1505.85
2022-03-04 13:00:00,1506.44,1509.19,1505.97,1506.89
2022-03-04 14:00:00,1506.96,1507.91,1505.33,1505.33
2022-03-07 09:00:00,1505.33,1505.33,1493.87,1497.77
2022-03-07 10:00:00,1497.72,1505.32,1496.95,1504.64
2022-03-07 11:00:00,1504.49,1504.66,1502.49,1504.0
2022-03-07 13:00:00,1504.02,1504.33,1498.95,1502.17
2022-03-07 14:00:00,1501.98,1502.31,1496.35,1499.05
2022-03-08 09:00:00,1499.05,1499.05,1484.79,1489.65
2022-03-08 10:00:00,1489.83,1491.11,1484.19,1488.38
2022-03-08 11:00:00,1488.37,1493.64,1488.32,1492.98
2022-03-08 13:00:00,1493.5,1493.5,1487.15,1487.66
2022-03-08 14:00:00,1487.52,1487.52,1473.71,1473.71
2022-03-09 09:00:00,1473.71,1482.86,1462.91,1462.91
2022-03-09 10:00:00,1463.44,1473.07,1462.8,1465.61
2022-03-09 11:00:00,1465.32,1472.71,1465.11,1472.54
2022-03-09 13:00:00,1472.78,1476.38,1469.75,1476.36
2022-03-09 14:00:00,1476.16,1477.19,1471.18,1473.74
2022-03-10 09:00:00,1473.74,1486.86,1473.74,1485.36
2022-03-10 10:00:00,1485.39,1488.5,1484.34,1486.2
2022-03-10 11:00:00,1485.8,1486.4,1484.59,1485.85
2022-03-10 13:00:00,1486.79,1488.59,1481.98,1482.62
2022-03-10 14:00:00,1482.65,1482.65,1479.08,1479.08
2022-03-11 09:00:00,1479.08,1480.29,1473.64,1477.55
2022-03-11 10:00:00,1477.49,1477.57,1471.49,1476.06
2022-03-11 11:00:00,1476.15,1476.91,1473.58,1475.34
2022-03-11 13:00:00,1476.05,1476.05,1466.53,1466.88
2022-03-11 14:00:00,1466.87,1470.72,1458.88,1466.54
2022-03-14 09:00:00,1466.54,1466.54,1454.08,1454.82
2022-03-14 10:00:00,1454.8,1456.09,1440.51,1443.01
2022-03-14 11:00:00,1443.09,1448.11,1443.09,1445.98
2022-03-14 13:00:00,1445.84,1452.01,1439.19,1451.68
2022-03-14 14:00:00,1451.49,1455.65,1446.25,1446.25
2022-03-15 09:00:00,1446.25,1449.88,1442.21,1448.05
2022-03-15 10:00:00,1447.89,1448.4,1437.27,1438.78
2022-03-15 11:00:00,1438.8,1441.57,1437.34,1441.56
2022-03-15 13:00:00,1441.74,1450.69,1441.37,1450.59
2022-03-15 14:00:00,1450.53,1453.07,1447.26,1452.74
2022-03-16 09:00:00,1452.74,1462.98,1452.74,1457.64
2022-03-16 10:00:00,1457.84,1458.02,1454.34,1455.65
2022-03-16 11:00:00,1455.63,1456.39,1453.91,1455.74
2022-03-16 13:00:00,1456.62,1460.6,1455.98,1459.39
2022-03-16 14:00:00,1459.31,1460.32,1456.75,1459.33
2022-03-17 09:00:00,1459.33,1466.56,1459.33,1465.4
2022-03-17 10:00:00,1465.35,1467.74,1465.02,1466.11
2022-03-17 11:00:00,1466.09,1467.51,1462.53,1462.84
2022-03-17 13:00:00,1463.61,1463.82,1459.14,1463.59
2022-03-17 14:00:00,1463.74,1466.49,1461.34,1461.34
2022-03-18 09:00:00,1461.34,1471.65,1461.34,1469.89
2022-03-18 10:00:00,1469.88,1470.7,1467.92,1469.5
2022-03-18 11:00:00,1469.61,1472.07,1468.64,1472.04
2022-03-18 13:00:00,1472.53,1474.86,1472.32,1472.73
2022-03-18 14:00:00,1472.47,1473.92,1469.1,1469.1
2022-03-21 09:00:00,1474.78,1477.15,1474.38,1476.49
2022-03-21 10:00:00,1476.62,1479.89,1475.57,1479.28
2022-03-21 11:00:00,1479.13,1480.12,1478.19,1479.87
2022-03-21 13:00:00,1479.93,1488.85,1479.88,1488.16
2022-03-21 14:00:00,1488.28,1494.95,1487.65,1494.95
2022-03-22 09:00:00,1494.95,1503.89,1494.95,1501.98
2022-03-22 10:00:00,1501.8,1502.0,1498.48,1500.99
2022-03-22 11:00:00,1500.94,1504.08,1500.92,1503.03
2022-03-22 13:00:00,1503.1,1507.71,1503.1,1505.36
2022-03-22 14:00:00,1505.16,1505.39,1502.04,1503.78
2022-03-23 09:00:00,1503.78,1508.6,1501.98,1507.06
2022-03-23 10:00:00,1507.0,1512.7,1506.85,1512.14
2022-03-23 11:00:00,1512.18,1513.9,1510.99,1513.28
2022-03-23 13:00:00,1513.09,1513.47,1501.67,1502.05
2022-03-23 14:00:00,1502.01,1505.48,1501.82,1502.34
2022-03-24 09:00:00,1502.34,1504.58,1500.36,1502.18
2022-03-24 10:00:00,1502.17,1502.91,1495.18,1498.57
2022-03-24 11:00:00,1498.65,1501.33,1498.48,1501.15
2022-03-24 13:00:00,1501.32,1505.39,1500.53,1501.36
2022-03-24 14:00:00,1501.37,1502.08,1498.21,1498.26
2022-03-25 09:00:00,1500.17,1503.29,1495.78,1496.03
2022-03-25 10:00:00,1495.98,1498.82,1494.65,1497.66
2022-03-25 11:00:00,1497.44,1497.73,1494.55,1497.73
2022-03-25 13:00:00,1498.04,1501.83,1497.83,1499.43
2022-03-25 14:00:00,1499.6,1500.99,1498.02,1498.5
2022-03-28 09:00:00,1498.5,1498.5,1490.25,1491.29
2022-03-28 10:00:00,1491.14,1491.32,1483.85,1486.27
2022-03-28 11:00:00,1486.38,1486.51,1483.01,1484.56
2022-03-28 13:00:00,1484.05,1484.84,1473.8,1483.43
2022-03-28 14:00:00,1483.19,1483.78,1481.16,1483.18
2022-03-29 09:00:00,1483.18,1492.07,1483.18,1490.46
2022-03-29 10:00:00,1490.56,1493.01,1489.47,1492.53
2022-03-29 11:00:00,1492.55,1494.7,1491.64,1494.53
2022-03-29 13:00:00,1495.06,1498.45,1493.91,1497.21
2022-03-29 14:00:00,1497.19,1497.76,1494.15,1497.76
2022-03-30 09:00:00,1497.76,1501.28,1490.29,1500.82
2022-03-30 10:00:00,1500.88,1503.29,1498.42,1501.0
2022-03-30 11:00:00,1500.97,1503.89,1491.29,1494.96
2022-03-30 13:00:00,1495.38,1495.52,1483.9,1491.9
2022-03-30 14:00:00,1491.81,1492.2,1486.83,1490.51
2022-03-31 09:00:00,1490.51,1497.42,1490.51,1495.28
2022-03-31 10:00:00,1495.26,1498.41,1494.91,1495.03
2022-03-31 11:00:00,1495.14,1495.51,1493.61,1495.28
2022-03-31 13:00:00,1495.5,1495.84,1488.5,1488.63
2022-03-31 14:00:00,1488.77,1492.68,1488.27,1492.15
2022-04-01 09:00:00,1492.15,1495.25,1484.13,1492.12
2022-04-01 10:00:00,1492.0,1505.26,1491.89,1502.72
2022-04-01 11:00:00,1502.82,1506.64,1502.22,1506.22
2022-04-01 13:00:00,1506.28,1511.8,1506.28,1510.08
2022-04-01 14:00:00,1510.37,1516.87,1509.74,1516.44
2022-04-04 09:00:00,1516.44,1530.95,1516.44,1530.36
2022-04-04 10:00:00,1530.42,1530.61,1523.6,1523.81
2022-04-04 11:00:00,1523.86,1527.53,1522.82,1526.91
2022-04-04 13:00:00,1527.08,1529.74,1524.75,1526.62
2022-04-04 14:00:00,1526.61,1528.24,1524.7,1524.7
2022-04-05 09:00:00,1524.7,1526.39,1520.92,1522.98
2022-04-05 10:00:00,1522.94,1524.32,1522.22,1523.23
2022-04-05 11:00:00,1523.38,1527.57,1523.33,1527.26
2022-04-05 13:00:00,1526.82,1527.47,1520.04,1524.53
2022-04-05 14:00:00,1524.79,1525.36,1519.28,1520.03
2022-04-06 09:00:00,1520.03,1520.03,1508.99,1511.96
2022-04-06 10:00:00,1511.85,1523.75,1511.85,1520.8
2022-04-06 11:00:00,1520.6,1520.77,1515.05,1515.33
2022-04-06 13:00:00,1515.44,1518.2,1510.39,1510.39
2022-04-06 14:00:00,1510.36,1522.9,1507.62,1522.9
2022-04-07 09:00:00,1522.9,1524.92,1516.12,1517.24
2022-04-07 10:00:00,1517.13,1521.45,1512.33,1512.75
2022-04-07 11:00:00,1512.8,1513.69,1507.02,1512.09
2022-04-07 13:00:00,1512.19,1518.03,1511.96,1515.15
2022-04-07 14:00:00,1515.16,1515.19,1502.35,1502.35
2022-04-08 09:00:00,1502.35,1507.73,1498.05,1506.71
2022-04-08 10:00:00,1506.84,1506.84,1494.09,1496.61
2022-04-08 11:00:00,1496.45,1497.18,1492.9,1493.53
2022-04-08 13:00:00,1492.79,1497.41,1485.99,1493.71
2022-04-08 14:00:00,1493.9,1494.32,1482.0,1482.0
2022-04-12 09:00:00,1482.0,1490.58,1476.87,1476.87
2022-04-12 10:00:00,1476.88,1476.97,1465.57,1468.71
2022-04-12 11:00:00,1468.63,1469.93,1460.48,1462.47
2022-04-12 13:00:00,1462.21,1476.13,1460.53,1470.71
2022-04-12 14:00:00,1470.44,1470.89,1455.25,1455.25
2022-04-13 09:00:00,1455.25,1462.74,1455.25,1458.11
2022-04-13 10:00:00,1458.08,1458.87,1448.52,1452.93
2022-04-13 11:00:00,1452.97,1459.14,1451.23,1459.02
2022-04-13 13:00:00,1459.44,1472.59,1459.44,1472.25
2022-04-13 14:00:00,1472.26,1477.2,1471.52,1477.2
2022-04-14 09:00:00,1477.2,1484.09,1477.2,1480.96
2022-04-14 10:00:00,1480.99,1482.84,1480.6,1482.48
2022-04-14 11:00:00,1482.45,1483.86,1481.82,1483.86
2022-04-14 13:00:00,1483.87,1484.34,1475.23,1476.41
2022-04-14 14:00:00,1476.44,1479.07,1471.75,1472.12
2022-04-15 09:00:00,1472.12,1475.02,1465.34,1468.41
2022-04-15 10:00:00,1468.7,1476.82,1466.87,1476.69
2022-04-15 11:00:00,1476.73,1478.95,1475.75,1476.26
2022-04-15 13:00:00,1476.37,1478.58,1465.43,1465.75
2022-04-15 14:00:00,1466.05,1468.98,1456.39,1458.56
2022-04-18 09:00:00,1458.56,1458.56,1445.43,1449.33
2022-04-18 10:00:00,1449.14,1453.95,1435.86,1439.7
2022-04-18 11:00:00,1439.91,1441.58,1434.55,1435.62
2022-04-18 13:00:00,1435.33,1435.96,1425.07,1428.73
2022-04-18 14:00:00,1428.61,1442.2,1428.08,1432.6
2022-04-19 09:00:00,1432.6,1440.56,1432.6,1438.64
2022-04-19 10:00:00,1438.68,1441.09,1431.36,1439.74
2022-04-19 11:00:00,1439.62,1440.72,1437.56,1439.83
2022-04-19 13:00:00,1440.48,1442.04,1431.81,1432.54
2022-04-19 14:00:00,1432.33,1432.56,1406.45,1406.45
2022-04-20 09:00:00,1401.63,1410.64,1395.14,1403.0
2022-04-20 10:00:00,1403.04,1405.48,1392.58,1405.12
2022-04-20 11:00:00,1405.21,1410.07,1403.86,1408.77
2022-04-20 13:00:00,1409.51,1410.3,1396.49,1401.22
2022-04-20 14:00:00,1400.71,1402.4,1384.72,1384.72
2022-04-21 09:00:00,1384.72,1384.72,1356.58,1366.04
2022-04-21 10:00:00,1365.97,1378.48,1360.42,1370.7
2022-04-21 11:00:00,1370.98,1381.21,1370.22,1380.7
2022-04-21 13:00:00,1382.6,1392.33,1376.91,1381.07
2022-04-21 14:00:00,1381.02,1383.05,1370.21,1370.21
2022-04-22 09:00:00,1370.21,1389.71,1370.21,1387.98
2022-04-22 10:00:00,1388.01,1392.89,1384.16,1384.18
2022-04-22 11:00:00,1384.35,1384.39,1376.92,1376.92
2022-04-22 13:00:00,1376.78,1376.83,1352.43,1359.67
2022-04-22 14:00:00,1359.89,1382.84,1358.09,1379.23
2022-04-25 09:00:00,1379.23,1382.13,1372.56,1374.22
2022-04-25 10:00:00,1374.43,1375.76,1356.34,1358.98
2022-04-25 11:00:00,1359.58,1360.62,1345.7,1346.2
2022-04-25 13:00:00,1344.73,1345.05,1300.27,1300.46
2022-04-25 14:00:00,1300.23,1313.25,1298.38,1310.92
2022-04-26 09:00:00,1310.92,1310.92,1261.4,1296.6
2022-04-26 10:00:00,1296.91,1315.61,1283.54,1314.78
2022-04-26 11:00:00,1314.95,1315.33,1305.12,1307.12
2022-04-26 13:00:00,1307.79,1324.52,1297.95,1304.34
2022-04-26 14:00:00,1303.69,1341.34,1301.46,1341.34
2022-04-27 09:00:00,1341.34,1341.34,1319.22,1327.92
2022-04-27 10:00:00,1327.91,1329.97,1322.14,1327.61
2022-04-27 11:00:00,1326.17,1328.55,1319.96,1320.11
2022-04-27 13:00:00,1322.46,1328.01,1314.81,1327.28
2022-04-27 14:00:00,1327.47,1355.92,1327.09,1353.77
2022-04-28 09:00:00,1353.77,1358.07,1349.82,1352.2
2022-04-28 10:00:00,1352.13,1355.69,1345.07,1345.17
2022-04-28 11:00:00,1344.97,1347.86,1344.1,1347.52
2022-04-28 13:00:00,1348.2,1356.6,1347.27,1349.7
2022-04-28 14:00:00,1349.47,1354.43,1347.71,1350.99
2022-04-29 09:00:00,1350.99,1353.95,1343.24,1353.95
2022-04-29 10:00:00,1354.79,1362.22,1353.11,1357.04
2022-04-29 11:00:00,1357.19,1361.74,1357.18,1361.42
2022-04-29 13:00:00,1362.31,1369.31,1359.42,1367.34
2022-04-29 14:00:00,1367.04,1367.16,1358.32,1366.8
2022-05-04 09:00:00,1366.11,1366.39,1355.9,1356.96
2022-05-04 10:00:00,1357.06,1357.64,1351.5,1356.74
2022-05-04 11:00:00,1356.76,1361.65,1356.47,1361.64
2022-05-04 13:00:00,1361.73,1364.12,1357.32,1357.32
2022-05-04 14:00:00,1357.34,1357.34,1348.68,1348.68
2022-05-05 09:00:00,1348.68,1362.18,1348.68,1355.82
2022-05-05 10:00:00,1355.74,1357.12,1348.42,1353.76
2022-05-05 11:00:00,1353.71,1353.86,1342.06,1347.83
2022-05-05 13:00:00,1348.34,1350.46,1331.41,1350.41
2022-05-05 14:00:00,1350.24,1361.53,1343.29,1360.68
2022-05-06 09:00:00,1360.68,1360.68,1333.19,1342.74
2022-05-06 10:00:00,1342.77,1346.83,1336.49,1336.56
2022-05-06 11:00:00,1336.44,1345.17,1335.6,1345.08
2022-05-06 13:00:00,1344.48,1350.09,1339.65,1346.36
2022-05-06 14:00:00,1346.3,1346.37,1328.13,1329.26
2022-05-09 09:00:00,1329.26,1329.26,1296.43,1298.26
2022-05-09 10:00:00,1298.18,1300.16,1281.66,1289.18
2022-05-09 11:00:00,1289.14,1290.36,1281.94,1282.03
2022-05-09 13:00:00,1280.84,1288.93,1270.41,1274.22
2022-05-09 14:00:00,1274.58,1283.88,1265.54,1269.62
2022-05-10 09:00:00,1269.62,1269.62,1232.57,1263.71
2022-05-10 10:00:00,1263.91,1269.96,1258.88,1262.12
2022-05-10 11:00:00,1262.75,1263.4,1254.77,1255.1
2022-05-10 13:00:00,1254.59,1267.9,1254.54,1267.49
2022-05-10 14:00:00,1267.89,1293.56,1266.66,1293.56
2022-05-11 09:00:00,1293.56,1295.57,1287.95,1292.68
2022-05-11 10:00:00,1292.79,1293.94,1284.2,1284.34
2022-05-11 11:00:00,1284.36,1284.65,1277.91,1281.61
2022-05-11 13:00:00,1281.16,1297.08,1280.47,1297.01
2022-05-11 14:00:00,1296.91,1305.17,1290.94,1301.53
2022-05-12 09:00:00,1301.53,1301.53,1285.47,1287.74
2022-05-12 10:00:00,1287.91,1289.2,1281.04,1281.24
2022-05-12 11:00:00,1281.19,1281.44,1271.78,1276.29
2022-05-12 13:00:00,1275.29,1275.73,1243.69,1244.23
2022-05-12 14:00:00,1244.34,1249.37,1238.05,1238.84
2022-05-13 09:00:00,1238.84,1238.84,1215.82,1220.38
2022-05-13 10:00:00,1220.53,1227.91,1217.95,1220.79
2022-05-13 11:00:00,1220.7,1220.7,1208.83,1210.48
2022-05-13 13:00:00,1209.65,1216.77,1181.69,1197.88
2022-05-13 14:00:00,1198.56,1199.15,1180.6,1182.77
2022-05-16 09:00:00,1182.77,1215.96,1182.77,1211.05
2022-05-16 10:00:00,1210.95,1210.95,1192.45,1196.16
2022-05-16 11:00:00,1196.15,1201.42,1194.62,1198.63
2022-05-16 13:00:00,1198.66,1198.76,1176.21,1186.36
2022-05-16 14:00:00,1186.61,1192.75,1170.59,1171.95
2022-05-17 09:00:00,1171.95,1171.95,1156.54,1169.17
2022-05-17 10:00:00,1169.33,1183.03,1168.14,1179.44
2022-05-17 11:00:00,1179.69,1179.98,1175.95,1178.89
2022-05-17 13:00:00,1180.09,1217.71,1179.21,1217.71
2022-05-17 14:00:00,1217.37,1228.37,1215.15,1228.37
2022-05-18 09:00:00,1228.37,1241.22,1222.92,1239.72
2022-05-18 10:00:00,1239.91,1239.91,1232.44,1237.99
2022-05-18 11:00:00,1238.59,1245.62,1237.03,1245.55
2022-05-18 13:00:00,1246.63,1249.84,1235.09,1236.74
2022-05-18 14:00:00,1237.19,1242.02,1233.2,1240.76
2022-05-19 09:00:00,1240.76,1240.76,1210.43,1220.5
2022-05-19 10:00:00,1220.49,1231.12,1219.12,1230.68
2022-05-19 11:00:00,1230.63,1242.1,1230.59,1237.6
2022-05-19 13:00:00,1237.64,1239.89,1230.32,1230.84
2022-05-19 14:00:00,1230.79,1246.66,1228.62,1241.64
2022-05-20 09:00:00,1241.64,1245.96,1236.66,1243.96
2022-05-20 10:00:00,1243.84,1252.15,1243.51,1251.78
2022-05-20 11:00:00,1250.86,1252.96,1243.49,1246.23
2022-05-20 13:00:00,1247.06,1247.06,1232.33,1236.92
2022-05-20 14:00:00,1237.04,1241.19,1233.07,1240.71
2022-05-23 09:00:00,1240.71,1246.58,1234.8,1235.69
2022-05-23 10:00:00,1235.6,1242.56,1234.02,1234.34
2022-05-23 11:00:00,1234.32,1235.26,1229.72,1229.94
2022-05-23 13:00:00,1229.8,1234.54,1224.86,1225.65
2022-05-23 14:00:00,1225.43,1225.62,1207.99,1218.81
2022-05-24 09:00:00,1218.81,1223.33,1212.12,1217.6
2022-05-24 10:00:00,1217.48,1225.49,1213.16,1220.91
2022-05-24 11:00:00,1220.86,1227.47,1220.86,1225.25
2022-05-24 13:00:00,1225.17,1225.18,1203.28,1210.23
2022-05-24 14:00:00,1210.63,1233.38,1206.82,1233.38
2022-05-25 09:00:00,1233.38,1244.9,1233.38,1240.69
2022-05-25 10:00:00,1240.65,1242.5,1236.32,1238.77
2022-05-25 11:00:00,1238.76,1248.71,1238.76,1247.84
2022-05-25 13:00:00,1248.77,1267.59,1248.45,1260.88
2022-05-25 14:00:00,1260.92,1268.43,1260.92,1268.43
2022-05-26 09:00:00,1268.43,1278.11,1267.3,1272.61
2022-05-26 10:00:00,1272.53,1276.12,1268.38,1272.51
2022-05-26 11:00:00,1272.5,1273.62,1271.12,1271.18
2022-05-26 13:00:00,1271.47,1273.29,1265.05,1268.16
2022-05-26 14:00:00,1268.42,1270.71,1261.55,1268.57
2022-05-27 09:00:00,1268.57,1274.4,1268.57,1271.28
2022-05-27 10:00:00,1271.51,1278.12,1271.32,1272.59
2022-05-27 11:00:00,1272.96,1278.86,1272.42,1277.77
2022-05-27 13:00:00,1278.94,1286.64,1278.11,1285.44
2022-05-27 14:00:00,1285.22,1286.99,1278.1,1285.45
2022-05-30 09:00:00,1285.45,1290.33,1281.27,1286.57
2022-05-30 10:00:00,1286.78,1290.86,1282.71,1286.75
2022-05-30 11:00:00,1286.69,1288.93,1285.7,1288.93
2022-05-30 13:00:00,1289.24,1296.22,1287.87,1295.17
2022-05-30 14:00:00,1294.98,1295.31,1292.04,1293.92
2022-05-31 09:00:00,1293.92,1293.92,1280.44,1289.4
2022-05-31 10:00:00,1289.38,1291.06,1285.19,1291.06
2022-05-31 11:00:00,1290.99,1297.64,1290.97,1295.77
2022-05-31 13:00:00,1296.34,1297.17,1290.31,1290.31
2022-05-31 14:00:00,1290.11,1292.68,1285.11,1292.68
2022-06-01 09:00:00,1292.68,1300.08,1288.96,1296.83
2022-06-01 10:00:00,1296.9,1298.6,1289.71,1292.67
2022-06-01 11:00:00,1292.66,1292.66,1287.19,1292.22
2022-06-01 13:00:00,1291.63,1295.5,1286.01,1295.05
2022-06-01 14:00:00,1295.12,1302.25,1294.84,1299.52
2022-06-02 09:00:00,1299.52,1302.66,1295.45,1298.61
2022-06-02 10:00:00,1298.54,1300.14,1294.79,1300.14
2022-06-02 11:00:00,1300.2,1301.54,1296.06,1297.54
2022-06-02 13:00:00,1296.72,1299.16,1289.53,1294.76
2022-06-02 14:00:00,1294.85,1294.85,1283.32,1288.62
2022-06-03 09:00:00,1288.62,1289.38,1281.73,1287.24
2022-06-03 10:00:00,1287.69,1292.76,1284.0,1284.07
2022-06-03 11:00:00,1284.33,1286.28,1280.51,1280.51
2022-06-03 13:00:00,1280.61,1287.0,1276.37,1287.0
2022-06-03 14:00:00,1287.07,1292.78,1280.87,1287.98
2022-06-06 09:00:00,1287.98,1291.64,1281.95,1286.96
2022-06-06 10:00:00,1287.03,1296.56,1287.03,1294.11
2022-06-06 11:00:00,1294.21,1299.47,1294.21,1298.65
2022-06-06 13:00:00,1298.88,1302.14,1296.68,1297.76
2022-06-06 14:00:00,1297.38,1298.07,1286.21,1290.01
2022-06-07 09:00:00,1290.01,1290.01,1276.74,1279.85
2022-06-07 10:00:00,1279.83,1279.93,1267.49,1267.7
2022-06-07 11:00:00,1268.14,1276.97,1260.92,1273.11
2022-06-07 13:00:00,1272.94,1274.42,1265.72,1271.1
2022-06-07 14:00:00,1271.15,1291.35,1270.73,1291.35
2022-06-08 09:00:00,1291.35,1302.14,1291.35,1301.88
2022-06-08 10:00:00,1301.93,1305.02,1300.3,1302.35
2022-06-08 11:00:00,1302.17,1312.79,1301.6,1311.14
2022-06-08 13:00:00,1311.66,1316.78,1311.66,1313.42
2022-06-08 14:00:00,1313.47,1313.47,1304.79,1307.91
2022-06-09 09:00:00,1307.91,1312.44,1306.11,1310.72
2022-06-09 10:00:00,1310.67,1310.84,1301.88,1303.95
2022-06-09 11:00:00,1304.01,1308.55,1303.51,1305.7
2022-06-09 13:00:00,1306.06,1306.69,1300.85,1305.03
2022-06-09 14:00:00,1305.02,1308.78,1304.08,1307.8
2022-06-10 09:00:00,1307.8,1307.8,1296.78,1304.81
2022-06-10 10:00:00,1304.74,1309.59,1302.62,1304.18
2022-06-10 11:00:00,1304.09,1305.52,1301.09,1301.31
2022-06-10 13:00:00,1301.13,1303.07,1298.79,1300.06
2022-06-10 14:00:00,1298.96,1299.72,1284.08,1284.08
2022-06-13 09:00:00,1284.08,1284.08,1248.51,1251.98
2022-06-13 10:00:00,1252.15,1261.54,1245.61,1245.61
2022-06-13 11:00:00,1245.55,1246.47,1235.07,1242.11
2022-06-13 13:00:00,1242.28,1242.28,1226.01,1230.2
2022-06-13 14:00:00,1230.24,1241.74,1227.04,1227.04
2022-06-14 09:00:00,1227.04,1227.04,1211.13,1214.15
2022-06-14 10:00:00,1214.46,1224.57,1214.07,1222.48
2022-06-14 11:00:00,1222.42,1233.62,1222.23,1228.32
2022-06-14 13:00:00,1228.44,1239.36,1226.41,1230.34
2022-06-14 14:00:00,1230.37,1232.97,1217.16,1230.31
2022-06-15 09:00:00,1230.31,1235.56,1222.77,1223.29
2022-06-15 10:00:00,1223.15,1224.91,1208.79,1214.82
2022-06-15 11:00:00,1214.76,1218.22,1207.11,1218.01
2022-06-15 13:00:00,1216.97,1218.6,1203.4,1203.4
2022-06-15 14:00:00,1203.14,1217.22,1195.19,1213.93
2022-06-16 09:00:00,1213.93,1229.96,1213.93,1226.17
2022-06-16 10:00:00,1226.11,1235.53,1224.97,1232.7
2022-06-16 11:00:00,1232.71,1236.18,1232.23,1235.43
2022-06-16 13:00:00,1236.09,1240.73,1234.08,1237.09
2022-06-16 14:00:00,1236.95,1246.32,1236.63,1236.63
2022-06-17 09:00:00,1236.63,1236.63,1200.38,1209.74
2022-06-17 10:00:00,1210.98,1211.19,1191.92,1199.26
2022-06-17 11:00:00,1199.19,1206.56,1197.87,1204.05
2022-06-17 13:00:00,1203.28,1211.38,1197.52,1211.38
2022-06-17 14:00:00,1211.56,1220.41,1210.71,1217.3
2022-06-20 09:00:00,1218.37,1221.6,1213.7,1215.48
2022-06-20 10:00:00,1215.44,1215.46,1206.14,1206.77
2022-06-20 11:00:00,1206.78,1206.94,1195.15,1195.57
2022-06-20 13:00:00,1195.15,1197.17,1180.55,1187.94
2022-06-20 14:00:00,1187.88,1197.11,1180.4,1180.4
2022-06-21 09:00:00,1180.4,1185.62,1163.09,1180.87
2022-06-21 10:00:00,1180.77,1189.97,1177.62,1183.79
2022-06-21 11:00:00,1183.7,1187.4,1179.98,1186.22
2022-06-21 13:00:00,1184.57,1188.53,1164.89,1170.17
2022-06-21 14:00:00,1170.66,1177.09,1162.94,1172.47
2022-06-22 09:00:00,1172.47,1185.86,1172.47,1175.84
2022-06-22 10:00:00,1175.5,1176.73,1169.69,1174.79
2022-06-22 11:00:00,1174.66,1174.7,1167.66,1167.73
2022-06-22 13:00:00,1167.48,1176.61,1162.98,1176.39
2022-06-22 14:00:00,1176.76,1176.93,1165.88,1169.27
2022-06-23 09:00:00,1169.27,1173.55,1162.06,1171.96
2022-06-23 10:00:00,1172.1,1173.19,1167.76,1171.11
2022-06-23 11:00:00,1171.05,1171.56,1168.8,1169.91
2022-06-23 13:00:00,1169.94,1181.81,1169.94,1180.59
2022-06-23 14:00:00,1180.54,1188.88,1178.64,1188.88
2022-06-24 09:00:00,1188.88,1195.88,1188.88,1195.53
2022-06-24 10:00:00,1195.49,1196.85,1187.58,1191.4
2022-06-24 11:00:00,1191.46,1194.29,1191.45,1193.34
2022-06-24 13:00:00,1193.93,1194.68,1186.34,1188.59
2022-06-24 14:00:00,1188.61,1192.35,1185.48,1185.48
2022-06-27 09:00:00,1185.48,1193.38,1185.48,1191.55
2022-06-27 10:00:00,1191.43,1196.54,1189.73,1196.42
2022-06-27 11:00:00,1196.45,1198.5,1196.22,1196.91
2022-06-27 13:00:00,1197.43,1203.51,1195.38,1195.66
2022-06-27 14:00:00,1195.64,1202.82,1195.64,1202.82
2022-06-28 09:00:00,1202.82,1204.39,1198.99,1202.16
2022-06-28 10:00:00,1202.33,1204.1,1199.72,1202.53
2022-06-28 11:00:00,1202.52,1207.89,1202.52,1207.64
2022-06-28 13:00:00,1209.22,1217.55,1207.69,1216.69
2022-06-28 14:00:00,1216.68,1221.74,1214.57,1218.1
2022-06-29 09:00:00,1218.1,1218.54,1207.58,1217.03
2022-06-29 10:00:00,1217.1,1219.58,1214.31,1215.69
2022-06-29 11:00:00,1215.78,1215.85,1211.02,1211.8
2022-06-29 13:00:00,1211.72,1213.18,1207.38,1212.0
2022-06-29 14:00:00,1212.11,1218.09,1212.03,1218.09
2022-06-30 09:00:00,1218.09,1220.51,1215.53,1219.27
2022-06-30 10:00:00,1219.31,1220.34,1215.38,1216.88
2022-06-30 11:00:00,1216.94,1219.82,1216.01,1219.78
2022-06-30 13:00:00,1219.43,1219.64,1208.78,1210.07
2022-06-30 14:00:00,1210.08,1210.26,1197.6,1197.6
2022-07-01 09:00:00,1197.6,1197.6,1184.55,1184.55
2022-07-01 10:00:00,1184.48,1189.81,1180.79,1183.03
2022-07-01 11:00:00,1183.01,1183.01,1175.52,1177.3
2022-07-01 13:00:00,1176.91,1188.65,1170.95,1179.06
2022-07-01 14:00:00,1179.14,1202.41,1179.14,1198.9
2022-07-04 09:00:00,1206.47,1208.96,1203.09,1205.38
2022-07-04 10:00:00,1205.39,1205.54,1200.73,1201.66
2022-07-04 11:00:00,1201.7,1202.66,1199.01,1199.42
2022-07-04 13:00:00,1199.56,1203.52,1197.25,1199.46
2022-07-04 14:00:00,1199.54,1200.04,1192.63,1195.53
2022-07-05 09:00:00,1195.53,1200.99,1194.32,1195.52
2022-07-05 10:00:00,1195.48,1195.72,1186.74,1186.75
2022-07-05 11:00:00,1186.6,1191.12,1185.83,1191.03
2022-07-05 13:00:00,1191.37,1198.22,1188.3,1189.75
2022-07-05 14:00:00,1189.71,1191.95,1181.29,1181.29
2022-07-06 09:00:00,1181.29,1181.29,1167.21,1169.3
2022-07-06 10:00:00,1169.38,1171.73,1162.95,1171.73
2022-07-06 11:00:00,1171.75,1173.0,1168.31,1168.55
2022-07-06 13:00:00,1168.94,1169.0,1161.4,1164.49
2022-07-06 14:00:00,1164.51,1172.8,1147.63,1149.61
2022-07-07 09:00:00,1149.61,1154.1,1145.58,1145.65
2022-07-07 10:00:00,1145.94,1158.16,1142.8,1155.01
2022-07-07 11:00:00,1154.87,1157.35,1154.78,1155.42
2022-07-07 13:00:00,1155.49,1156.9,1147.4,1150.16
2022-07-07 14:00:00,1150.05,1166.48,1150.05,1166.48
2022-07-08 09:00:00,1166.48,1176.45,1166.48,1176.27
2022-07-08 10:00:00,1176.31,1177.18,1168.84,1168.95
2022-07-08 11:00:00,1169.09,1172.18,1168.65,1170.12
2022-07-08 13:00:00,1170.48,1172.15,1167.97,1168.39
2022-07-08 14:00:00,1168.48,1171.31,1164.23,1171.31
2022-07-11 09:00:00,1171.31,1171.31,1158.74,1162.96
2022-07-11 10:00:00,1162.97,1162.97,1156.92,1159.95
2022-07-11 11:00:00,1159.89,1162.32,1158.28,1162.27
2022-07-11 13:00:00,1162.28,1162.28,1151.22,1154.14
2022-07-11 14:00:00,1154.18,1155.29,1144.55,1155.29
2022-07-12 09:00:00,1155.29,1159.49,1153.55,1154.39
2022-07-12 10:00:00,1155.27,1163.01,1155.04,1159.26
2022-07-12 11:00:00,1159.2,1161.65,1158.47,1161.65
2022-07-12 13:00:00,1161.03,1169.97,1161.03,1168.01
2022-07-12 14:00:00,1167.99,1174.82,1167.71,1174.82
2022-07-13 09:00:00,1173.46,1176.55,1172.58,1176.02
2022-07-13 10:00:00,1176.31,1178.3,1170.92,1177.5
2022-07-13 11:00:00,1177.38,1178.1,1173.6,1178.1
2022-07-13 13:00:00,1178.43,1182.21,1174.53,1174.91
2022-07-13 14:00:00,1174.98,1177.85,1171.94,1173.92
2022-07-14 09:00:00,1173.92,1175.93,1170.04,1175.58
2022-07-14 10:00:00,1175.94,1175.94,1170.32,1172.16
2022-07-14 11:00:00,1172.24,1173.14,1170.27,1173.14
2022-07-14 13:00:00,1172.67,1177.22,1171.35,1175.62
2022-07-14 14:00:00,1175.67,1182.17,1175.59,1182.17
2022-07-15 09:00:00,1182.17,1185.91,1181.53,1183.53
2022-07-15 10:00:00,1183.49,1189.66,1182.55,1187.78
2022-07-15 11:00:00,1187.79,1188.6,1185.49,1186.41
2022-07-15 13:00:00,1186.34,1186.39,1180.81,1183.24
2022-07-15 14:00:00,1183.39,1184.91,1178.12,1179.25
2022-07-18 09:00:00,1179.25,1184.93,1179.25,1183.55
2022-07-18 10:00:00,1183.56,1184.41,1180.08,1180.88
2022-07-18 11:00:00,1181.01,1182.03,1179.74,1180.03
2022-07-18 13:00:00,1179.9,1183.72,1179.16,1179.33
2022-07-18 14:00:00,1179.31,1181.04,1174.7,1176.49
2022-07-19 09:00:00,1176.49,1177.83,1174.48,1177.11
2022-07-19 10:00:00,1177.22,1178.22,1172.75,1172.75
2022-07-19 11:00:00,1172.72,1173.63,1170.74,1170.81
2022-07-19 13:00:00,1170.7,1178.31,1168.99,1175.54
2022-07-19 14:00:00,1175.39,1180.46,1174.92,1178.33
2022-07-20 09:00:00,1178.33,1192.25,1178.33,1191.84
2022-07-20 10:00:00,1191.74,1194.36,1190.59,1193.85
2022-07-20 11:00:00,1193.83,1196.56,1193.33,1196.39
2022-07-20 13:00:00,1196.98,1198.63,1194.15,1195.7
2022-07-20 14:00:00,1195.69,1196.07,1191.77,1194.14
2022-07-21 09:00:00,1194.14,1198.05,1194.14,1195.64
2022-07-21 10:00:00,1195.66,1200.69,1195.38,1200.57
2022-07-21 11:00:00,1200.46,1200.9,1197.0,1197.49
2022-07-21 13:00:00,1197.87,1201.19,1195.33,1199.54
2022-07-21 14:00:00,1199.69,1201.91,1196.0,1198.47
2022-07-22 09:00:00,1198.47,1202.49,1198.47,1200.74
2022-07-22 10:00:00,1200.73,1202.03,1197.26,1201.96
2022-07-22 11:00:00,1201.79,1202.69,1199.24,1199.9
2022-07-22 13:00:00,1200.53,1201.92,1197.95,1198.5
2022-07-22 14:00:00,1198.43,1201.54,1194.76,1194.76
2022-07-25 09:00:00,1191.43,1193.65,1190.27,1193.05
2022-07-25 10:00:00,1193.13,1198.16,1187.29,1187.58
2022-07-25 11:00:00,1187.3,1189.46,1186.27,1186.94
2022-07-25 13:00:00,1187.01,1190.39,1184.32,1187.91
2022-07-25 14:00:00,1187.94,1191.91,1186.05,1188.5
2022-07-26 09:00:00,1188.5,1194.15,1188.41,1191.24
2022-07-26 10:00:00,1191.2,1191.58,1187.6,1191.2
2022-07-26 11:00:00,1191.43,1191.78,1190.12,1190.24
2022-07-26 13:00:00,1190.6,1191.6,1186.01,1187.88
2022-07-26 14:00:00,1187.85,1189.41,1184.44,1185.07
2022-07-27 09:00:00,1185.07,1185.07,1178.58,1181.15
2022-07-27 10:00:00,1181.09,1181.87,1178.61,1181.19
2022-07-27 11:00:00,1181.85,1184.93,1181.66,1183.12
2022-07-27 13:00:00,1182.66,1187.09,1182.66,1186.57
2022-07-27 14:00:00,1186.54,1191.04,1184.94,1191.04
2022-07-28 09:00:00,1191.04,1202.77,1191.04,1200.02
2022-07-28 10:00:00,1199.96,1205.01,1198.68,1205.01
2022-07-28 11:00:00,1205.11,1210.86,1204.36,1210.86
2022-07-28 13:00:00,1211.13,1214.03,1209.08,1209.29
2022-07-28 14:00:00,1209.35,1209.49,1205.2,1208.12
2022-07-29 09:00:00,1208.12,1214.65,1208.12,1212.81
2022-07-29 10:00:00,1212.87,1217.84,1212.87,1214.14
2022-07-29 11:00:00,1214.18,1217.06,1212.58,1214.06
2022-07-29 13:00:00,1213.66,1216.17,1209.74,1210.03
2022-07-29 14:00:00,1210.13,1212.23,1206.33,1206.33
2022-08-01 09:00:00,1206.33,1215.65,1206.33,1215.65
2022-08-01 10:00:00,1215.71,1217.27,1213.36,1216.26
2022-08-01 11:00:00,1216.33,1221.09,1216.17,1219.62
2022-08-01 13:00:00,1219.76,1227.87,1219.52,1223.46
2022-08-01 14:00:00,1223.58,1231.35,1222.51,1231.35
2022-08-02 09:00:00,1231.35,1236.0,1224.11,1234.09
2022-08-02 10:00:00,1234.68,1235.08,1231.09,1233.61
2022-08-02 11:00:00,1233.65,1233.7,1231.02,1231.34
2022-08-02 13:00:00,1230.88,1236.41,1228.2,1235.97
2022-08-02 14:00:00,1235.98,1241.91,1235.79,1241.62
2022-08-03 09:00:00,1241.62,1242.72,1232.41,1242.66
2022-08-03 10:00:00,1242.71,1244.99,1238.52,1244.78
2022-08-03 11:00:00,1244.93,1245.09,1242.66,1244.31
2022-08-03 13:00:00,1244.4,1245.75,1237.73,1240.69
2022-08-03 14:00:00,1240.74,1250.2,1240.55,1249.76
2022-08-04 09:00:00,1249.76,1255.03,1248.69,1254.78
2022-08-04 10:00:00,1254.9,1257.38,1251.28,1252.09
2022-08-04 11:00:00,1251.93,1252.19,1248.45,1248.55
2022-08-04 13:00:00,1248.51,1252.2,1247.38,1251.36
2022-08-04 14:00:00,1251.41,1255.59,1248.69,1254.15
2022-08-05 09:00:00,1250.25,1252.68,1246.31,1252.17
2022-08-05 10:00:00,1251.83,1253.4,1245.05,1247.7
2022-08-05 11:00:00,1247.93,1252.94,1247.58,1250.81
2022-08-05 13:00:00,1250.87,1251.25,1246.81,1248.81
2022-08-05 14:00:00,1248.8,1253.75,1248.0,1252.74
2022-08-08 09:00:00,1252.36,1258.5,1252.04,1258.1
2022-08-08 10:00:00,1258.07,1258.66,1254.76,1256.24
2022-08-08 11:00:00,1256.15,1258.84,1255.49,1255.84
2022-08-08 13:00:00,1256.16,1258.19,1253.04,1253.09
2022-08-08 14:00:00,1253.07,1257.18,1252.46,1256.75
2022-08-09 09:00:00,1256.75,1262.03,1256.75,1258.62
2022-08-09 10:00:00,1258.63,1261.32,1257.78,1259.0
2022-08-09 11:00:00,1258.85,1262.99,1258.6,1262.87
2022-08-09 13:00:00,1262.75,1263.14,1258.22,1258.45
2022-08-09 14:00:00,1258.41,1260.11,1252.84,1258.85
2022-08-10 09:00:00,1258.85,1260.36,1253.89,1259.14
2022-08-10 10:00:00,1259.03,1259.47,1256.26,1258.94
2022-08-10 11:00:00,1259.01,1259.4,1257.72,1257.72
2022-08-10 13:00:00,1257.76,1259.71,1255.34,1256.75
2022-08-10 14:00:00,1256.69,1258.38,1256.12,1256.5
2022-08-11 09:00:00,1256.5,1268.03,1256.5,1266.73
2022-08-11 10:00:00,1267.08,1267.52,1262.66,1262.66
2022-08-11 11:00:00,1262.58,1264.29,1262.36,1262.43
2022-08-11 13:00:00,1262.38,1263.91,1253.84,1257.69
2022-08-11 14:00:00,1257.74,1257.9,1245.85,1252.07
2022-08-12 09:00:00,1252.07,1253.62,1248.65,1252.08
2022-08-12 10:00:00,1251.98,1253.56,1248.78,1253.07
2022-08-12 11:00:00,1253.21,1255.77,1252.57,1255.5
2022-08-12 13:00:00,1255.59,1260.92,1255.4,1259.75
2022-08-12 14:00:00,1259.72,1262.33,1257.17,1262.33
2022-08-15 09:00:00,1262.33,1272.66,1262.33,1271.15
2022-08-15 10:00:00,1271.14,1272.2,1268.02,1270.69
2022-08-15 11:00:00,1270.86,1273.92,1270.75,1273.47
2022-08-15 13:00:00,1272.82,1274.24,1268.82,1269.22
2022-08-15 14:00:00,1269.17,1274.2,1269.08,1274.2
2022-08-16 09:00:00,1274.2,1275.93,1271.84,1274.65
2022-08-16 10:00:00,1274.67,1274.73,1271.11,1272.77
2022-08-16 11:00:00,1272.62,1274.98,1272.62,1273.88
2022-08-16 13:00:00,1273.73,1275.83,1271.49,1271.49
2022-08-16 14:00:00,1271.51,1274.69,1271.25,1274.69
2022-08-17 09:00:00,1274.69,1279.38,1274.69,1276.29
2022-08-17 10:00:00,1276.12,1280.45,1276.12,1278.9
2022-08-17 11:00:00,1278.81,1279.26,1275.04,1276.63
2022-08-17 13:00:00,1276.02,1280.61,1275.51,1277.37
2022-08-17 14:00:00,1277.28,1278.47,1271.97,1275.28
2022-08-18 09:00:00,1275.28,1277.5,1273.3,1276.6
2022-08-18 10:00:00,1276.56,1276.87,1273.95,1275.69
2022-08-18 11:00:00,1276.24,1276.33,1272.32,1272.34
2022-08-18 13:00:00,1271.71,1277.44,1268.64,1277.04
2022-08-18 14:00:00,1276.88,1283.15,1273.66,1273.66
2022-08-19 09:00:00,1273.66,1276.08,1272.04,1275.83
2022-08-19 10:00:00,1275.87,1278.36,1275.65,1277.24
2022-08-19 11:00:00,1277.27,1280.0,1276.46,1279.69
2022-08-19 13:00:00,1279.33,1279.49,1269.2,1271.56
2022-08-19 14:00:00,1271.69,1272.41,1263.45,1269.18
2022-08-22 09:00:00,1269.18,1269.18,1263.24,1266.57
2022-08-22 10:00:00,1266.56,1270.57,1265.85,1266.87
2022-08-22 11:00:00,1266.92,1267.03,1262.31,1263.43
2022-08-22 13:00:00,1263.08,1263.08,1255.83,1258.72
2022-08-22 14:00:00,1258.84,1264.98,1258.75,1260.43
2022-08-23 09:00:00,1260.43,1261.75,1253.45,1259.93
2022-08-23 10:00:00,1260.09,1260.11,1255.15,1258.25
2022-08-23 11:00:00,1258.3,1260.29,1258.25,1260.29
2022-08-23 13:00:00,1260.48,1262.49,1258.6,1260.75
2022-08-23 14:00:00,1260.83,1270.81,1260.38,1270.81
2022-08-24 09:00:00,1270.81,1277.36,1270.81,1277.24
2022-08-24 10:00:00,1277.36,1279.25,1274.67,1276.77
2022-08-24 11:00:00,1276.69,1280.19,1276.66,1277.53
2022-08-24 13:00:00,1277.65,1280.36,1276.24,1276.65
2022-08-24 14:00:00,1276.8,1277.26,1273.62,1277.16
2022-08-25 09:00:00,1277.16,1286.48,1277.16,1283.73
2022-08-25 10:00:00,1283.56,1284.11,1280.9,1282.52
2022-08-25 11:00:00,1282.38,1283.17,1282.07,1282.79
2022-08-25 13:00:00,1282.96,1286.51,1282.96,1285.83
2022-08-25 14:00:00,1285.94,1289.18,1284.91,1288.88
2022-08-26 09:00:00,1291.29,1295.12,1290.64,1292.91
2022-08-26 10:00:00,1293.02,1293.92,1289.77,1289.77
2022-08-26 11:00:00,1289.81,1290.01,1287.06,1287.64
2022-08-26 13:00:00,1287.04,1289.88,1285.3,1285.66
2022-08-26 14:00:00,1285.7,1287.25,1280.05,1282.57
2022-08-29 09:00:00,1282.57,1282.57,1263.43,1266.73
2022-08-29 10:00:00,1266.97,1268.2,1254.19,1254.19
2022-08-29 11:00:00,1254.08,1255.84,1249.17,1252.27
2022-08-29 13:00:00,1252.06,1264.35,1249.33,1264.0
2022-08-29 14:00:00,1264.05,1270.8,1261.31,1270.8
2022-08-30 09:00:00,1270.8,1279.95,1270.8,1279.62
2022-08-30 10:00:00,1279.45,1287.65,1276.83,1287.05
2022-08-30 11:00:00,1286.98,1287.13,1279.96,1281.26
2022-08-30 13:00:00,1281.02,1281.02,1274.99,1274.99
2022-08-30 14:00:00,1274.95,1281.09,1274.48,1279.39
2022-08-31 09:00:00,1279.39,1281.0,1274.99,1281.0
2022-08-31 10:00:00,1281.02,1281.46,1275.63,1278.68
2022-08-31 11:00:00,1278.67,1281.54,1278.67,1281.26
2022-08-31 13:00:00,1280.93,1281.56,1276.55,1280.62
2022-08-31 14:00:00,1280.46,1285.29,1279.92,1280.51
2022-09-05 09:00:00,1280.51,1284.94,1279.32,1284.41
2022-09-05 10:00:00,1284.38,1285.7,1282.08,1282.34
2022-09-05 11:00:00,1282.32,1282.32,1276.85,1278.07
2022-09-05 13:00:00,1278.38,1279.59,1275.35,1276.4
2022-09-05 14:00:00,1276.56,1281.02,1276.3,1277.35
2022-09-06 09:00:00,1279.58,1283.45,1279.42,1280.69
2022-09-06 10:00:00,1280.66,1286.92,1278.48,1285.62
2022-09-06 11:00:00,1285.54,1285.55,1281.25,1282.9
2022-09-06 13:00:00,1282.89,1283.4,1278.26,1281.11
2022-09-06 14:00:00,1281.04,1282.06,1277.4,1277.4
2022-09-07 09:00:00,1277.4,1277.4,1267.83,1268.77
2022-09-07 10:00:00,1268.8,1273.06,1265.47,1269.92
2022-09-07 11:00:00,1269.87,1270.64,1267.67,1268.54
2022-09-07 13:00:00,1268.12,1269.67,1261.28,1261.52
2022-09-07 14:00:00,1261.68,1263.52,1243.17,1243.17
2022-09-08 09:00:00,1243.17,1251.36,1240.48,1242.09
2022-09-08 10:00:00,1242.15,1245.48,1237.1,1241.18
2022-09-08 11:00:00,1241.08,1244.6,1240.81,1244.5
2022-09-08 13:00:00,1244.3,1249.61,1238.13,1245.1
2022-09-08 14:00:00,1245.08,1245.3,1234.6,1234.6
2022-09-09 09:00:00,1234.6,1241.5,1234.6,1241.25
2022-09-09 10:00:00,1241.15,1241.38,1236.68,1238.22
2022-09-09 11:00:00,1238.23,1240.27,1237.78,1238.76
2022-09-09 13:00:00,1237.2,1240.0,1235.45,1237.39
2022-09-09 14:00:00,1237.34,1248.78,1228.54,1248.78
2022-09-12 09:00:00,1248.78,1257.8,1248.78,1255.7
2022-09-12 10:00:00,1255.73,1257.6,1253.86,1257.39
2022-09-12 11:00:00,1257.35,1257.61,1254.86,1256.35
2022-09-12 13:00:00,1255.85,1255.85,1252.27,1253.99
2022-09-12 14:00:00,1254.07,1255.21,1248.97,1249.62
2022-09-13 09:00:00,1249.62,1252.35,1249.07,1250.89
2022-09-13 10:00:00,1250.76,1251.28,1247.75,1248.11
2022-09-13 11:00:00,1247.87,1250.09,1247.61,1249.34
2022-09-13 13:00:00,1248.46,1250.98,1246.61,1248.21
2022-09-13 14:00:00,1248.14,1251.01,1243.87,1248.4
2022-09-14 09:00:00,1248.4,1248.4,1228.51,1235.29
2022-09-14 10:00:00,1235.39,1239.19,1232.1,1238.81
2022-09-14 11:00:00,1238.6,1239.02,1231.13,1231.17
2022-09-14 13:00:00,1231.5,1239.22,1228.76,1239.22
2022-09-14 14:00:00,1239.03,1242.17,1237.6,1240.77
2022-09-15 09:00:00,1240.77,1248.81,1240.77,1247.9
2022-09-15 10:00:00,1248.12,1250.93,1247.1,1248.1
2022-09-15 11:00:00,1248.07,1248.1,1246.3,1246.53
2022-09-15 13:00:00,1246.48,1246.67,1243.45,1243.6
2022-09-15 14:00:00,1243.56,1246.73,1243.56,1245.66
2022-09-16 09:00:00,1245.66,1246.17,1241.19,1243.79
2022-09-16 10:00:00,1243.78,1243.81,1240.38,1240.72
2022-09-16 11:00:00,1240.73,1243.33,1237.85,1243.22
2022-09-16 13:00:00,1242.72,1242.72,1235.52,1239.44
2022-09-16 14:00:00,1239.33,1239.74,1230.37,1234.03
2022-09-19 09:00:00,1234.03,1234.03,1225.43,1225.43
2022-09-19 10:00:00,1225.64,1226.79,1218.5,1223.21
2022-09-19 11:00:00,1223.16,1223.23,1220.08,1220.38
2022-09-19 13:00:00,1219.14,1219.36,1211.31,1214.23
2022-09-19 14:00:00,1214.14,1217.77,1202.07,1205.43
2022-09-20 09:00:00,1212.08,1215.27,1208.45,1208.94
2022-09-20 10:00:00,1208.78,1208.93,1205.59,1206.32
2022-09-20 11:00:00,1206.24,1206.39,1202.15,1202.94
2022-09-20 13:00:00,1202.48,1214.07,1199.71,1211.87
2022-09-20 14:00:00,1211.86,1218.93,1211.71,1218.93
2022-09-21 09:00:00,1218.93,1218.93,1211.33,1211.47
2022-09-21 10:00:00,1211.53,1217.28,1210.69,1211.15
2022-09-21 11:00:00,1211.22,1211.26,1207.18,1207.5
2022-09-21 13:00:00,1206.85,1211.58,1204.68,1211.49
2022-09-21 14:00:00,1211.3,1212.44,1207.7,1210.55
2022-09-22 09:00:00,1210.55,1210.55,1197.43,1205.66
2022-09-22 10:00:00,1205.78,1206.17,1199.81,1199.96
2022-09-22 11:00:00,1199.95,1200.04,1197.33,1198.53
2022-09-22 13:00:00,1197.9,1206.35,1196.64,1205.85
2022-09-22 14:00:00,1205.1,1214.7,1204.4,1214.7
2022-09-23 09:00:00,1214.7,1216.59,1210.71,1212.69
2022-09-23 10:00:00,1212.7,1215.61,1211.6,1214.23
2022-09-23 11:00:00,1214.28,1215.0,1208.33,1209.04
2022-09-23 13:00:00,1209.42,1211.48,1206.76,1210.54
2022-09-23 14:00:00,1210.58,1210.8,1201.45,1203.28
2022-09-26 09:00:00,1203.28,1203.28,1181.04,1185.35
2022-09-26 10:00:00,1185.13,1190.27,1174.73,1175.39
2022-09-26 11:00:00,1175.09,1175.27,1171.35,1173.64
2022-09-26 13:00:00,1172.68,1172.68,1159.12,1164.14
2022-09-26 14:00:00,1164.25,1174.35,1162.95,1174.35
2022-09-29 09:00:00,1143.62,1159.49,1143.62,1151.65
2022-09-29 10:00:00,1151.73,1152.69,1146.27,1150.57
2022-09-29 11:00:00,1150.49,1151.45,1148.13,1149.08
2022-09-29 13:00:00,1148.18,1148.52,1140.13,1145.27
2022-09-29 14:00:00,1145.43,1146.91,1126.07,1126.07
2022-09-30 09:00:00,1126.07,1126.07,1112.82,1116.48
2022-09-30 10:00:00,1116.5,1122.83,1113.61,1116.4
2022-09-30 11:00:00,1116.3,1117.22,1108.71,1108.73
2022-09-30 13:00:00,1107.87,1115.2,1099.44,1109.62
2022-09-30 14:00:00,1109.68,1135.47,1109.68,1132.11
2022-10-03 09:00:00,1132.11,1132.11,1116.28,1118.13
2022-10-03 10:00:00,1118.17,1118.32,1107.72,1108.23
2022-10-03 11:00:00,1108.29,1109.63,1104.04,1105.13
2022-10-03 13:00:00,1105.25,1106.53,1094.93,1100.45
2022-10-03 14:00:00,1100.32,1101.96,1079.86,1086.44
2022-10-04 09:00:00,1086.44,1100.42,1085.89,1085.99
2022-10-04 10:00:00,1085.94,1089.34,1076.35,1076.35
2022-10-04 11:00:00,1076.4,1086.67,1075.97,1084.98
2022-10-04 13:00:00,1084.54,1096.2,1084.54,1088.98
2022-10-04 14:00:00,1088.8,1089.7,1069.74,1078.14
2022-10-05 09:00:00,1078.14,1097.68,1078.14,1096.92
2022-10-05 10:00:00,1096.94,1102.41,1094.72,1101.15
2022-10-05 11:00:00,1101.26,1101.81,1097.01,1097.51
2022-10-05 13:00:00,1097.54,1100.91,1094.91,1098.74
2022-10-05 14:00:00,1098.43,1110.21,1098.14,1104.26
2022-10-06 09:00:00,1104.26,1106.97,1095.05,1095.9
2022-10-06 10:00:00,1095.99,1096.81,1089.37,1090.88
2022-10-06 11:00:00,1090.37,1094.48,1089.11,1090.42
2022-10-06 13:00:00,1088.67,1089.33,1079.54,1085.45
2022-10-06 14:00:00,1085.52,1085.52,1072.57,1074.52
2022-10-07 09:00:00,1074.52,1074.52,1034.63,1039.12
2022-10-07 10:00:00,1038.24,1046.2,1027.82,1027.88
2022-10-07 11:00:00,1027.78,1032.07,1027.78,1031.64
2022-10-07 13:00:00,1029.68,1038.34,1022.38,1030.79
2022-10-07 14:00:00,1030.51,1040.39,1025.2,1035.91
2022-10-10 09:00:00,1035.91,1035.91,1017.99,1025.52
2022-10-10 10:00:00,1025.55,1026.08,1012.94,1019.71
2022-10-10 11:00:00,1019.26,1034.78,1019.25,1030.55
2022-10-10 13:00:00,1030.72,1046.26,1030.15,1042.92
2022-10-10 14:00:00,1042.99,1051.02,1039.94,1042.48
2022-10-11 09:00:00,1042.48,1042.48,1023.41,1027.21
2022-10-11 10:00:00,1027.22,1030.4,1019.39,1020.94
2022-10-11 11:00:00,1020.89,1021.88,1009.97,1013.13
2022-10-11 13:00:00,1012.13,1012.13,1000.91,1006.11
2022-10-11 14:00:00,1006.1,1007.08,998.64,1006.2
2022-10-12 09:00:00,1006.2,1019.03,1002.89,1018.81
2022-10-12 10:00:00,1019.04,1032.28,1016.4,1030.71
2022-10-12 11:00:00,1030.67,1036.96,1028.73,1036.63
2022-10-12 13:00:00,1036.78,1039.44,1034.0,1037.62
2022-10-12 14:00:00,1037.69,1038.53,1029.11,1034.81
2022-10-13 09:00:00,1034.81,1035.38,1025.04,1027.07
2022-10-13 10:00:00,1027.52,1040.94,1027.52,1037.15
2022-10-13 11:00:00,1037.16,1038.3,1034.22,1034.34
2022-10-13 13:00:00,1033.87,1037.18,1031.43,1037.18
2022-10-13 14:00:00,1037.13,1050.99,1034.71,1050.99
2022-10-14 09:00:00,1050.99,1066.63,1050.99,1061.76
2022-10-14 10:00:00,1061.7,1068.12,1060.63,1065.18
2022-10-14 11:00:00,1065.15,1065.35,1064.28,1064.82
2022-10-14 13:00:00,1064.09,1064.15,1055.29,1055.49
2022-10-14 14:00:00,1055.46,1061.85,1055.34,1061.85
2022-10-17 09:00:00,1061.85,1061.85,1045.34,1050.43
2022-10-17 10:00:00,1050.55,1050.72,1040.49,1042.65
2022-10-17 11:00:00,1042.7,1043.97,1035.97,1037.58
2022-10-17 13:00:00,1037.4,1048.74,1033.59,1048.74
2022-10-17 14:00:00,1048.96,1052.14,1046.88,1051.58
2022-10-18 09:00:00,1051.58,1070.86,1051.58,1065.47
2022-10-18 10:00:00,1065.31,1071.74,1064.79,1067.43
2022-10-18 11:00:00,1067.49,1068.67,1066.24,1068.01
2022-10-18 13:00:00,1067.07,1067.57,1059.85,1063.17
2022-10-18 14:00:00,1063.32,1064.49,1057.71,1063.66
2022-10-19 09:00:00,1063.66,1065.99,1060.46,1062.53
2022-10-19 10:00:00,1062.54,1065.27,1057.67,1058.21
2022-10-19 11:00:00,1058.43,1061.24,1056.61,1057.81
2022-10-19 13:00:00,1056.69,1061.05,1052.72,1057.09
2022-10-19 14:00:00,1056.57,1060.07,1052.29,1060.07
2022-10-20 09:00:00,1056.14,1058.23,1050.43,1053.96
2022-10-20 10:00:00,1053.91,1056.3,1052.65,1053.5
2022-10-20 11:00:00,1053.69,1054.89,1048.9,1052.15
2022-10-20 13:00:00,1050.45,1057.2,1048.21,1056.81
2022-10-20 14:00:00,1056.3,1065.28,1056.04,1058.45
2022-10-21 09:00:00,1058.45,1059.09,1044.9,1047.29
2022-10-21 10:00:00,1047.37,1050.18,1030.29,1032.07
2022-10-21 11:00:00,1032.0,1034.96,1028.84,1033.35
2022-10-21 13:00:00,1031.52,1031.52,1018.51,1020.75
2022-10-21 14:00:00,1020.83,1021.05,1013.69,1019.82
2022-10-24 09:00:00,1019.82,1023.51,1003.59,1003.59
2022-10-24 10:00:00,1003.52,1004.79,998.25,1002.45
2022-10-24 11:00:00,1002.38,1002.5,994.21,996.45
2022-10-24 13:00:00,993.39,993.39,977.41,980.45
2022-10-24 14:00:00,980.63,987.89,980.63,986.15
2022-10-25 09:00:00,986.15,988.73,966.4,969.37
2022-10-25 10:00:00,969.22,982.54,962.45,978.23
2022-10-25 11:00:00,978.25,997.7,978.25,997.7
2022-10-25 13:00:00,998.15,1011.39,993.14,993.36
2022-10-25 14:00:00,993.49,997.7,978.39,997.7
2022-10-26 09:00:00,997.7,1004.55,990.41,995.62
2022-10-26 10:00:00,995.59,998.92,991.09,992.9
2022-10-26 11:00:00,992.16,992.63,987.89,989.89
2022-10-26 13:00:00,988.96,991.17,984.71,985.94
2022-10-26 14:00:00,985.82,993.36,985.82,993.36
2022-10-27 09:00:00,993.36,1004.64,990.48,1004.01
2022-10-27 10:00:00,1003.94,1007.02,999.89,1000.01
2022-10-27 11:00:00,999.95,1002.69,997.65,1001.44
2022-10-27 13:00:00,1001.5,1019.74,1000.71,1017.26
2022-10-27 14:00:00,1017.41,1028.01,1017.25,1028.01
2022-10-28 09:00:00,1028.01,1044.57,1028.01,1037.26
2022-10-28 10:00:00,1037.13,1040.48,1032.72,1033.11
2022-10-28 11:00:00,1033.33,1033.75,1030.59,1032.38
2022-10-28 13:00:00,1031.72,1038.38,1028.33,1035.24
2022-10-28 14:00:00,1035.27,1038.26,1026.53,1027.36
2022-10-31 09:00:00,1028.24,1030.32,1023.03,1023.06
2022-10-31 10:00:00,1023.12,1023.18,1017.47,1017.97
2022-10-31 11:00:00,1017.96,1020.13,1014.03,1014.36
2022-10-31 13:00:00,1012.63,1020.05,1005.0,1018.95
2022-10-31 14:00:00,1018.87,1028.16,1014.41,1027.94
2022-11-01 09:00:00,1027.94,1040.03,1027.94,1039.53
2022-11-01 10:00:00,1039.61,1043.53,1035.53,1037.18
2022-11-01 11:00:00,1037.22,1037.44,1032.71,1034.44
2022-11-01 13:00:00,1033.55,1040.74,1027.76,1036.6
2022-11-01 14:00:00,1036.29,1037.25,1027.39,1033.75
2022-11-02 09:00:00,1033.75,1034.73,1022.61,1029.39
2022-11-02 10:00:00,1029.55,1032.73,1026.21,1026.45
2022-11-02 11:00:00,1026.52,1026.9,1022.92,1024.61
2022-11-02 13:00:00,1023.86,1031.2,1020.86,1025.92
2022-11-02 14:00:00,1025.79,1025.9,1018.64,1023.19
2022-11-03 09:00:00,1023.19,1023.19,1010.65,1017.48
2022-11-03 10:00:00,1017.34,1023.95,1015.72,1022.35
2022-11-03 11:00:00,1022.27,1022.27,1018.1,1018.56
2022-11-03 13:00:00,1017.48,1022.91,1015.37,1019.69
2022-11-03 14:00:00,1020.51,1022.58,1014.86,1019.81
2022-11-04 09:00:00,1008.23,1009.96,990.85,990.85
2022-11-04 10:00:00,990.79,991.03,980.57,981.05
2022-11-04 11:00:00,981.0,982.95,974.61,979.22
2022-11-04 13:00:00,977.88,994.52,975.65,994.52
2022-11-04 14:00:00,994.57,997.15,988.38,997.15
2022-11-07 09:00:00,997.15,997.15,981.23,982.62
2022-11-07 10:00:00,982.78,985.46,974.53,976.66
2022-11-07 11:00:00,976.59,977.22,974.08,974.23
2022-11-07 13:00:00,973.19,981.46,969.61,980.19
2022-11-07 14:00:00,980.21,982.74,971.03,975.19
2022-11-08 09:00:00,975.19,975.19,956.97,961.87
2022-11-08 10:00:00,961.74,974.62,960.11,970.06
2022-11-08 11:00:00,970.11,970.77,961.84,962.02
2022-11-08 13:00:00,960.89,971.35,960.89,970.62
2022-11-08 14:00:00,970.63,981.86,970.32,981.65
2022-11-09 09:00:00,981.65,990.99,981.65,990.36
2022-11-09 10:00:00,990.25,994.79,989.09,990.13
2022-11-09 11:00:00,990.17,991.22,989.2,990.62
2022-11-09 13:00:00,990.22,990.45,983.87,987.46
2022-11-09 14:00:00,987.56,989.85,977.93,985.59
2022-11-10 09:00:00,975.97,976.31,966.39,969.78
2022-11-10 10:00:00,969.86,970.0,958.48,960.78
2022-11-10 11:00:00,960.85,961.56,950.96,954.95
2022-11-10 13:00:00,952.71,953.88,943.7,943.82
2022-11-10 14:00:00,943.76,947.24,935.78,947.24
2022-11-11 09:00:00,947.24,959.05,947.24,955.06
2022-11-11 10:00:00,955.13,964.2,952.59,963.37
2022-11-11 11:00:00,963.23,963.48,960.98,961.01
2022-11-11 13:00:00,959.8,966.7,958.28,961.14
2022-11-11 14:00:00,961.07,962.39,951.37,954.53
2022-11-14 09:00:00,954.53,954.53,923.53,937.47
2022-11-14 10:00:00,937.3,942.88,935.14,935.93
2022-11-14 11:00:00,935.87,939.87,934.68,939.34
2022-11-14 13:00:00,937.32,941.67,928.58,935.67
2022-11-14 14:00:00,936.18,945.29,933.49,941.04
2022-11-15 09:00:00,941.04,941.04,918.24,918.4
2022-11-15 10:00:00,918.26,918.47,904.3,906.75
2022-11-15 11:00:00,906.64,916.57,906.64,915.93
2022-11-15 13:00:00,913.33,913.33,900.41,903.4
2022-11-15 14:00:00,903.07,915.44,900.17,911.9
2022-11-16 09:00:00,911.9,911.9,873.78,882.88
2022-11-16 10:00:00,882.87,922.85,879.07,901.49
2022-11-16 11:00:00,901.41,920.04,901.37,919.91
2022-11-16 13:00:00,918.94,945.42,918.94,940.5
2022-11-16 14:00:00,940.52,945.03,940.0,942.9
2022-11-17 09:00:00,942.9,964.97,942.9,961.24
2022-11-17 10:00:00,961.33,966.69,959.76,961.27
2022-11-17 11:00:00,961.35,961.6,960.05,961.46
2022-11-17 13:00:00,960.25,965.19,955.42,964.29
2022-11-17 14:00:00,964.32,972.88,964.12,969.26
2022-11-18 09:00:00,969.26,969.46,961.35,967.13
2022-11-18 10:00:00,967.18,967.27,954.77,955.99
2022-11-18 11:00:00,956.07,956.95,944.33,944.56
2022-11-18 13:00:00,942.87,971.77,939.73,960.34
2022-11-18 14:00:00,960.3,970.24,957.47,969.33
2022-11-21 09:00:00,969.33,973.19,965.57,967.01
2022-11-21 10:00:00,967.09,972.19,967.09,969.0
2022-11-21 11:00:00,968.94,969.16,962.01,964.7
2022-11-21 13:00:00,963.7,965.79,959.05,960.86
2022-11-21 14:00:00,960.85,961.89,956.77,960.65
2022-11-22 09:00:00,960.65,960.65,950.56,960.07
2022-11-22 10:00:00,960.12,985.28,959.92,979.1
2022-11-22 11:00:00,978.96,981.39,960.93,961.9
2022-11-22 13:00:00,961.0,965.8,953.47,957.29
2022-11-22 14:00:00,957.3,957.58,948.52,952.12
2022-11-23 09:00:00,952.12,957.49,947.44,956.96
2022-11-23 10:00:00,956.99,958.61,945.67,958.5
2022-11-23 11:00:00,958.45,958.55,950.15,954.07
2022-11-23 13:00:00,953.25,953.84,947.07,951.07
2022-11-23 14:00:00,951.04,952.43,942.02,946.0
2022-11-24 09:00:00,946.0,946.0,937.44,941.48
2022-11-24 10:00:00,941.46,950.03,941.2,941.27
2022-11-24 11:00:00,941.16,941.81,938.43,938.92
2022-11-24 13:00:00,937.47,943.89,934.31,942.8
2022-11-24 14:00:00,942.93,947.71,936.05,947.71
2022-11-25 09:00:00,947.71,961.28,947.71,960.77
2022-11-25 10:00:00,960.84,960.84,957.48,957.51
2022-11-25 11:00:00,957.49,958.37,956.73,957.1
2022-11-25 13:00:00,956.57,964.5,956.37,962.6
2022-11-25 14:00:00,962.62,971.46,960.04,971.46
2022-11-28 09:00:00,971.46,988.49,971.46,988.26
2022-11-28 10:00:00,988.27,998.12,988.15,995.28
2022-11-28 11:00:00,995.34,1001.39,995.34,999.3
2022-11-28 13:00:00,999.26,1004.6,996.2,999.35
2022-11-28 14:00:00,999.32,1006.22,999.09,1005.69
2022-11-29 09:00:00,1005.69,1020.6,1005.69,1019.79
2022-11-29 10:00:00,1019.7,1021.46,1009.01,1010.19
2022-11-29 11:00:00,1010.14,1012.32,1005.43,1005.76
2022-11-29 13:00:00,1003.88,1012.42,998.56,1009.23
2022-11-29 14:00:00,1009.36,1032.16,1009.02,1032.16
2022-11-30 09:00:00,1032.16,1037.44,1021.54,1028.07
2022-11-30 10:00:00,1028.05,1042.77,1025.53,1040.04
2022-11-30 11:00:00,1040.07,1040.29,1035.56,1035.69
2022-11-30 13:00:00,1034.38,1044.71,1030.67,1044.71
2022-11-30 14:00:00,1044.57,1048.42,1040.68,1048.42
2022-12-01 09:00:00,1048.42,1058.99,1048.42,1054.17
2022-12-01 10:00:00,1053.19,1061.57,1052.75,1055.89
2022-12-01 11:00:00,1055.93,1066.28,1055.86,1059.65
2022-12-01 13:00:00,1059.45,1060.47,1048.24,1048.24
2022-12-01 14:00:00,1048.16,1054.19,1035.62,1036.28
2022-12-02 09:00:00,1036.28,1039.99,1031.44,1039.81
2022-12-02 10:00:00,1039.9,1040.69,1030.81,1034.85
2022-12-02 11:00:00,1034.78,1042.33,1034.73,1038.96
2022-12-02 13:00:00,1036.84,1060.67,1035.99,1060.67
2022-12-02 14:00:00,1060.63,1080.01,1060.08,1080.01
2022-12-05 09:00:00,1080.01,1095.81,1080.01,1085.03
2022-12-05 10:00:00,1084.97,1091.72,1082.59,1089.59
2022-12-05 11:00:00,1089.58,1096.35,1089.46,1093.96
2022-12-05 13:00:00,1092.9,1099.45,1085.59,1094.92
2022-12-05 14:00:00,1094.81,1099.04,1088.36,1093.67
2022-12-06 09:00:00,1093.67,1093.67,1079.11,1083.3
2022-12-06 10:00:00,1083.45,1084.95,1069.01,1077.49
2022-12-06 11:00:00,1077.2,1084.1,1077.16,1077.59
2022-12-06 13:00:00,1076.41,1076.79,1062.92,1062.92
2022-12-06 14:00:00,1062.71,1072.22,1048.69,1048.69
2022-12-07 09:00:00,1048.69,1059.79,1045.81,1053.42
2022-12-07 10:00:00,1053.11,1053.38,1040.85,1045.55
2022-12-07 11:00:00,1045.77,1056.07,1044.35,1048.89
2022-12-07 13:00:00,1047.58,1055.89,1042.7,1046.94
2022-12-07 14:00:00,1046.86,1047.12,1034.92,1041.02
2022-12-08 09:00:00,1041.02,1065.56,1041.02,1063.26
2022-12-08 10:00:00,1063.17,1078.09,1061.29,1072.83
2022-12-08 11:00:00,1072.8,1074.86,1067.9,1068.33
2022-12-08 13:00:00,1067.38,1072.46,1060.37,1060.37
2022-12-08 14:00:00,1060.5,1060.53,1045.98,1050.53
2022-12-09 09:00:00,1050.53,1059.37,1050.53,1055.78
2022-12-09 10:00:00,1055.74,1056.16,1041.39,1047.89
2022-12-09 11:00:00,1047.91,1051.86,1043.1,1051.84
2022-12-09 13:00:00,1050.99,1061.21,1047.29,1048.33
2022-12-09 14:00:00,1048.48,1055.68,1046.69,1051.81
2022-12-12 09:00:00,1051.81,1060.74,1051.42,1058.47
2022-12-12 10:00:00,1058.39,1065.16,1054.41,1064.63
2022-12-12 11:00:00,1064.53,1064.79,1059.97,1060.64
2022-12-12 13:00:00,1060.12,1061.31,1051.98,1053.04
2022-12-12 14:00:00,1053.59,1053.72,1032.07,1032.07
2022-12-13 09:00:00,1032.07,1038.31,1029.99,1030.16
2022-12-13 10:00:00,1030.12,1036.06,1027.16,1033.17
2022-12-13 11:00:00,1033.16,1034.51,1028.97,1034.5
2022-12-13 13:00:00,1033.85,1040.77,1030.61,1033.36
2022-12-13 14:00:00,1033.62,1047.45,1026.3,1047.45
2022-12-14 09:00:00,1047.45,1062.18,1047.45,1053.92
2022-12-14 10:00:00,1053.9,1057.01,1049.18,1051.49
2022-12-14 11:00:00,1051.47,1055.32,1049.78,1050.33
2022-12-14 13:00:00,1050.47,1053.22,1046.81,1047.84
2022-12-14 14:00:00,1047.4,1052.8,1046.43,1050.43
2022-12-15 09:00:00,1049.16,1061.56,1049.06,1060.44
2022-12-15 10:00:00,1060.67,1062.61,1056.25,1057.87
2022-12-15 11:00:00,1057.86,1058.57,1055.59,1055.72
2022-12-15 13:00:00,1055.53,1060.77,1053.99,1060.37
2022-12-15 14:00:00,1060.32,1060.66,1049.59,1055.32
2022-12-16 09:00:00,1055.32,1059.44,1047.16,1058.22
2022-12-16 10:00:00,1058.18,1064.79,1056.67,1061.37
2022-12-16 11:00:00,1061.46,1061.95,1056.69,1056.69
2022-12-16 13:00:00,1056.3,1058.06,1052.58,1056.6
2022-12-16 14:00:00,1056.58,1060.08,1052.48,1052.48
2022-12-19 09:00:00,1052.48,1056.46,1050.24,1054.4
2022-12-19 10:00:00,1054.58,1065.59,1052.74,1062.36
2022-12-19 11:00:00,1062.16,1064.28,1060.25,1061.65
2022-12-19 13:00:00,1060.83,1061.06,1052.39,1054.06
2022-12-19 14:00:00,1054.09,1056.27,1038.4,1038.4
2022-12-20 09:00:00,1038.4,1038.74,1029.02,1031.37
2022-12-20 10:00:00,1031.4,1032.34,1017.86,1024.73
2022-12-20 11:00:00,1024.85,1026.12,1015.97,1016.19
2022-12-20 13:00:00,1014.3,1016.0,1010.08,1013.83
2022-12-20 14:00:00,1013.8,1031.1,1013.8,1023.13
2022-12-21 09:00:00,1033.34,1033.84,1023.71,1028.37
2022-12-21 10:00:00,1028.35,1028.57,1020.04,1026.17
2022-12-21 11:00:00,1026.25,1028.17,1024.55,1027.13
2022-12-21 13:00:00,1026.61,1026.61,1013.81,1016.35
2022-12-21 14:00:00,1016.31,1020.5,1005.43,1018.88
2022-12-22 09:00:00,1018.88,1033.18,1018.88,1029.62
2022-12-22 10:00:00,1029.59,1031.96,1024.13,1025.18
2022-12-22 11:00:00,1025.16,1025.45,1021.7,1021.83
2022-12-22 13:00:00,1021.17,1023.32,1016.54,1019.1
2022-12-22 14:00:00,1019.14,1027.77,1019.14,1022.61
2022-12-23 09:00:00,1022.61,1024.94,1018.45,1021.35
2022-12-23 10:00:00,1021.26,1023.61,1013.55,1014.18
2022-12-23 11:00:00,1014.23,1016.33,1013.37,1014.53
2022-12-23 13:00:00,1014.41,1020.34,1013.2,1016.94
2022-12-23 14:00:00,1016.93,1027.34,1016.93,1020.34
2022-12-26 09:00:00,1020.34,1021.89,1009.92,1012.53
2022-12-26 10:00:00,1012.73,1015.37,1007.7,1012.47
2022-12-26 11:00:00,1012.45,1012.74,1006.73,1006.88
2022-12-26 13:00:00,1005.96,1008.29,1000.35,1003.16
2022-12-26 14:00:00,1003.23,1004.08,985.21,985.21
2022-12-27 09:00:00,985.21,991.0,983.67,987.86
2022-12-27 10:00:00,987.77,997.65,987.15,995.86
2022-12-27 11:00:00,995.84,995.84,992.31,993.19
2022-12-27 13:00:00,992.71,996.27,985.28,991.29
2022-12-27 14:00:00,991.37,1007.88,991.34,1004.57
2022-12-28 09:00:00,1004.57,1008.81,999.24,1001.98
2022-12-28 10:00:00,1002.06,1008.53,998.97,1007.59
2022-12-28 11:00:00,1007.65,1007.81,1004.86,1006.78
2022-12-28 13:00:00,1006.26,1015.05,1004.9,1012.55
2022-12-28 14:00:00,1012.6,1020.52,1011.71,1015.66
2022-12-29 09:00:00,1015.66,1017.17,1012.02,1016.15
2022-12-29 10:00:00,1016.23,1018.6,1014.77,1016.61
2022-12-29 11:00:00,1016.55,1016.62,1013.17,1013.37
2022-12-29 13:00:00,1012.82,1015.93,1010.81,1015.62
2022-12-29 14:00:00,1015.66,1021.96,1009.29,1009.29
2022-12-30 09:00:00,1009.29,1017.76,1009.29,1012.16
2022-12-30 10:00:00,1012.15,1014.98,1009.98,1013.63
2022-12-30 11:00:00,1013.62,1017.86,1011.87,1016.62
2022-12-30 13:00:00,1016.35,1017.99,1013.83,1015.13
2022-12-30 14:00:00,1015.09,1017.76,1007.09,1007.09
2023-01-03 09:00:00,1007.09,1022.67,1007.09,1022.54
2023-01-03 10:00:00,1022.68,1023.43,1019.52,1022.66
2023-01-03 11:00:00,1022.6,1026.99,1022.54,1023.5
2023-01-03 13:00:00,1023.43,1035.86,1023.25,1033.77
2023-01-03 14:00:00,1034.43,1043.9,1033.25,1043.9
2023-01-04 09:00:00,1043.9,1052.12,1043.86,1043.88
2023-01-04 10:00:00,1043.91,1052.6,1043.67,1050.34
2023-01-04 11:00:00,1049.8,1049.83,1046.32,1048.58
2023-01-04 13:00:00,1047.19,1047.19,1042.29,1042.4
2023-01-04 14:00:00,1042.5,1048.58,1041.56,1046.35
2023-01-05 09:00:00,1048.17,1051.62,1047.41,1051.02
2023-01-05 10:00:00,1050.95,1052.45,1047.56,1049.11
2023-01-05 11:00:00,1049.17,1050.16,1047.79,1048.04
2023-01-05 13:00:00,1046.98,1054.15,1046.64,1052.92
2023-01-05 14:00:00,1052.72,1058.14,1052.72,1055.82
2023-01-06 09:00:00,1055.82,1060.07,1053.95,1059.97
2023-01-06 10:00:00,1060.19,1063.89,1059.55,1059.98
2023-01-06 11:00:00,1059.86,1065.58,1059.86,1062.06
2023-01-06 13:00:00,1062.11,1062.11,1055.07,1058.72
2023-01-06 14:00:00,1058.26,1058.26,1047.26,1051.44
2023-01-09 09:00:00,1058.28,1062.12,1054.96,1056.6
2023-01-09 10:00:00,1056.57,1060.22,1055.29,1058.69
2023-01-09 11:00:00,1058.64,1059.82,1056.09,1057.26
2023-01-09 13:00:00,1056.39,1057.42,1051.21,1052.66
2023-01-09 14:00:00,1052.73,1054.47,1050.95,1054.21
2023-01-10 09:00:00,1054.21,1057.38,1052.0,1052.43
2023-01-10 10:00:00,1052.37,1052.66,1045.75,1047.59
2023-01-10 11:00:00,1047.63,1052.1,1047.43,1050.68
2023-01-10 13:00:00,1050.51,1056.94,1049.16,1054.04
2023-01-10 14:00:00,1054.2,1057.44,1050.64,1053.35
2023-01-11 09:00:00,1053.35,1062.68,1053.35,1061.15
2023-01-11 10:00:00,1061.24,1065.69,1058.61,1064.83
2023-01-11 11:00:00,1064.76,1065.27,1062.17,1062.25
2023-01-11 13:00:00,1062.03,1063.8,1056.93,1057.26
2023-01-11 14:00:00,1057.24,1057.4,1054.53,1055.76
2023-01-12 09:00:00,1055.76,1060.97,1055.76,1059.73
2023-01-12 10:00:00,1059.74,1060.13,1054.7,1054.86
2023-01-12 11:00:00,1054.88,1055.75,1053.49,1055.27
2023-01-12 13:00:00,1054.78,1055.72,1050.27,1053.55
2023-01-12 14:00:00,1053.42,1056.39,1051.39,1056.39
2023-01-13 09:00:00,1056.39,1066.39,1056.39,1064.94
2023-01-13 10:00:00,1064.91,1065.38,1062.54,1063.09
2023-01-13 11:00:00,1063.15,1064.36,1061.83,1063.58
2023-01-13 13:00:00,1063.05,1063.31,1058.21,1059.9
2023-01-13 14:00:00,1060.07,1061.01,1055.23,1060.17
2023-01-16 09:00:00,1060.17,1065.43,1060.17,1061.59
2023-01-16 10:00:00,1061.6,1062.42,1057.87,1061.04
2023-01-16 11:00:00,1060.98,1063.58,1060.52,1063.58
2023-01-16 13:00:00,1063.3,1064.29,1060.34,1063.56
2023-01-16 14:00:00,1063.74,1067.74,1063.64,1066.68
2023-01-17 09:00:00,1066.68,1076.51,1066.68,1076.25
2023-01-17 10:00:00,1076.26,1076.4,1072.83,1073.25
2023-01-17 11:00:00,1073.27,1073.95,1072.54,1073.86
2023-01-17 13:00:00,1073.45,1079.49,1072.91,1076.47
2023-01-17 14:00:00,1076.44,1088.29,1074.42,1088.29
2023-01-18 09:00:00,1088.29,1094.14,1088.29,1093.45
2023-01-18 10:00:00,1093.58,1098.31,1090.38,1095.17
2023-01-18 11:00:00,1095.21,1097.11,1094.8,1096.36
2023-01-18 13:00:00,1095.67,1098.89,1093.0,1098.48
2023-01-18 14:00:00,1098.51,1100.39,1096.32,1098.28
2023-01-19 09:00:00,1098.28,1102.41,1094.46,1101.79
2023-01-19 10:00:00,1101.71,1105.7,1101.27,1103.52
2023-01-19 11:00:00,1103.56,1103.87,1099.2,1100.08
2023-01-19 13:00:00,1097.59,1103.45,1097.25,1103.26
2023-01-19 14:00:00,1103.32,1111.72,1096.22,1108.08
2023-01-27 09:00:00,1108.08,1122.92,1108.08,1121.45
2023-01-27 10:00:00,1121.4,1123.25,1117.85,1122.33
2023-01-27 11:00:00,1122.12,1123.24,1121.66,1123.06
2023-01-27 13:00:00,1122.77,1124.3,1117.69,1117.79
2023-01-27 14:00:00,1117.76,1121.19,1111.41,1117.1
2023-01-30 09:00:00,1117.1,1118.46,1109.5,1113.1
2023-01-30 10:00:00,1113.24,1116.02,1109.38,1109.64
2023-01-30 11:00:00,1109.45,1112.36,1109.12,1112.29
2023-01-30 13:00:00,1112.4,1115.14,1109.69,1110.86
2023-01-30 14:00:00,1110.92,1110.92,1102.57,1102.57
2023-01-31 09:00:00,1102.57,1102.95,1095.96,1097.62
2023-01-31 10:00:00,1097.75,1098.47,1092.93,1093.94
2023-01-31 11:00:00,1093.89,1093.98,1089.82,1089.88
2023-01-31 13:00:00,1089.67,1101.35,1088.25,1098.08
2023-01-31 14:00:00,1097.86,1111.18,1097.58,1111.18
2023-02-01 09:00:00,1111.18,1116.96,1111.18,1114.0
2023-02-01 10:00:00,1114.09,1114.62,1105.03,1107.37
2023-02-01 11:00:00,1107.36,1109.93,1105.22,1106.43
2023-02-01 13:00:00,1106.02,1111.53,1103.96,1105.47
2023-02-01 14:00:00,1105.54,1105.56,1075.97,1075.97
2023-02-02 09:00:00,1075.97,1083.36,1072.24,1078.09
2023-02-02 10:00:00,1078.07,1082.15,1070.81,1080.57
2023-02-02 11:00:00,1080.53,1082.3,1076.99,1079.27
2023-02-02 13:00:00,1078.2,1083.13,1073.02,1079.83
2023-02-02 14:00:00,1079.68,1080.68,1071.5,1077.59
2023-02-03 09:00:00,1077.59,1080.62,1076.42,1077.0
2023-02-03 10:00:00,1077.05,1081.89,1075.94,1078.79
2023-02-03 11:00:00,1078.63,1079.55,1078.07,1078.7
2023-02-03 13:00:00,1078.0,1078.76,1072.29,1072.4
2023-02-03 14:00:00,1072.2,1078.81,1070.46,1077.15
2023-02-06 09:00:00,1077.15,1077.15,1067.24,1071.63
2023-02-06 10:00:00,1071.6,1078.72,1070.55,1076.92
2023-02-06 11:00:00,1076.76,1079.93,1076.76,1078.36
2023-02-06 13:00:00,1078.14,1081.15,1076.67,1078.48
2023-02-06 14:00:00,1078.53,1089.29,1075.55,1089.29
2023-02-07 09:00:00,1089.29,1090.59,1086.07,1089.95
2023-02-07 10:00:00,1090.11,1092.12,1084.92,1084.92
2023-02-07 11:00:00,1084.98,1085.57,1082.47,1082.72
2023-02-07 13:00:00,1082.08,1082.65,1072.49,1076.06
2023-02-07 14:00:00,1076.14,1077.59,1065.18,1065.84
2023-02-08 09:00:00,1065.84,1071.8,1065.84,1071.61
2023-02-08 10:00:00,1071.71,1075.22,1070.71,1071.59
2023-02-08 11:00:00,1071.56,1072.59,1066.32,1067.5
2023-02-08 13:00:00,1066.54,1074.71,1063.5,1074.71
2023-02-08 14:00:00,1074.73,1079.51,1071.08,1072.22
2023-02-09 09:00:00,1072.22,1072.47,1066.19,1071.32
2023-02-09 10:00:00,1071.46,1074.23,1067.95,1071.31
2023-02-09 11:00:00,1071.21,1071.69,1068.08,1068.4
2023-02-09 13:00:00,1067.56,1075.2,1067.3,1071.89
2023-02-09 14:00:00,1072.18,1074.98,1064.03,1064.03
2023-02-10 09:00:00,1064.03,1066.28,1060.32,1062.9
2023-02-10 10:00:00,1062.89,1065.43,1062.24,1062.79
2023-02-10 11:00:00,1062.78,1062.91,1059.02,1060.23
2023-02-10 13:00:00,1059.28,1063.01,1056.73,1062.97
2023-02-10 14:00:00,1062.88,1065.37,1054.08,1055.3
2023-02-13 09:00:00,1055.3,1055.3,1046.91,1047.64
2023-02-13 10:00:00,1047.63,1048.79,1042.97,1046.23
2023-02-13 11:00:00,1046.25,1046.45,1044.61,1045.41
2023-02-13 13:00:00,1044.54,1044.79,1033.53,1033.53
2023-02-13 14:00:00,1033.58,1043.7,1031.7,1043.7
2023-02-14 09:00:00,1043.7,1046.64,1038.61,1038.71
2023-02-14 10:00:00,1038.7,1044.98,1038.27,1042.75
2023-02-14 11:00:00,1042.76,1043.55,1040.56,1041.41
2023-02-14 13:00:00,1040.78,1041.01,1033.99,1034.15
2023-02-14 14:00:00,1034.03,1038.64,1032.76,1038.64
2023-02-15 09:00:00,1038.64,1044.66,1034.39,1041.04
2023-02-15 10:00:00,1041.13,1051.89,1040.97,1046.6
2023-02-15 11:00:00,1046.53,1048.8,1045.79,1048.13
2023-02-15 13:00:00,1047.88,1048.74,1041.21,1043.66
2023-02-15 14:00:00,1043.41,1048.2,1040.03,1048.2
2023-02-16 09:00:00,1048.2,1052.83,1048.2,1051.04
2023-02-16 10:00:00,1051.05,1052.88,1050.06,1052.31
2023-02-16 11:00:00,1052.32,1052.38,1050.95,1051.2
2023-02-16 13:00:00,1050.97,1052.52,1047.45,1051.04
2023-02-16 14:00:00,1051.14,1058.29,1051.14,1058.29
2023-02-17 09:00:00,1058.29,1062.25,1056.41,1060.63
2023-02-17 10:00:00,1060.58,1060.58,1055.77,1058.09
2023-02-17 11:00:00,1058.15,1058.27,1056.45,1057.45
2023-02-17 13:00:00,1056.95,1059.72,1053.26,1056.38
2023-02-17 14:00:00,1056.39,1060.9,1055.59,1059.31
2023-02-20 09:00:00,1059.74,1070.08,1059.56,1069.45
2023-02-20 10:00:00,1069.44,1071.63,1067.53,1070.82
2023-02-20 11:00:00,1070.72,1075.24,1069.41,1074.33
2023-02-20 13:00:00,1074.0,1078.98,1072.07,1078.78
2023-02-20 14:00:00,1078.57,1088.01,1078.1,1086.69
2023-02-21 09:00:00,1086.69,1095.1,1086.69,1089.69
2023-02-21 10:00:00,1089.77,1090.86,1087.12,1087.16
2023-02-21 11:00:00,1087.21,1087.25,1084.82,1085.0
2023-02-21 13:00:00,1084.16,1090.55,1083.24,1087.27
2023-02-21 14:00:00,1087.29,1087.72,1081.8,1082.23
2023-02-22 09:00:00,1082.23,1082.23,1069.09,1070.86
2023-02-22 10:00:00,1070.87,1073.93,1066.17,1067.26
2023-02-22 11:00:00,1067.24,1068.73,1066.14,1066.89
2023-02-22 13:00:00,1066.03,1070.25,1062.48,1066.42
2023-02-22 14:00:00,1066.3,1072.9,1054.28,1054.28
2023-02-23 09:00:00,1054.28,1054.48,1046.07,1048.73
2023-02-23 10:00:00,1048.75,1049.7,1040.81,1042.02
2023-02-23 11:00:00,1042.13,1042.91,1040.19,1040.31
2023-02-23 13:00:00,1039.65,1040.78,1037.33,1037.64
2023-02-23 14:00:00,1037.59,1053.66,1030.58,1053.66
2023-02-24 09:00:00,1053.66,1053.66,1047.06,1047.96
2023-02-24 10:00:00,1047.84,1050.21,1045.01,1045.83
2023-02-24 11:00:00,1045.78,1046.77,1041.54,1041.72
2023-02-24 13:00:00,1041.05,1043.16,1037.28,1041.8
2023-02-24 14:00:00,1041.82,1043.52,1034.66,1039.56
2023-02-27 09:00:00,1039.56,1039.56,1021.09,1026.79
2023-02-27 10:00:00,1026.84,1026.89,1020.89,1021.06
2023-02-27 11:00:00,1020.96,1021.39,1017.95,1019.68
2023-02-27 13:00:00,1019.57,1027.45,1017.77,1026.88
2023-02-27 14:00:00,1026.49,1029.36,1017.55,1021.25
2023-02-28 09:00:00,1021.25,1030.75,1021.25,1028.48
2023-02-28 10:00:00,1028.5,1034.36,1028.4,1031.07
2023-02-28 11:00:00,1031.01,1031.07,1028.41,1028.56
2023-02-28 13:00:00,1028.47,1028.71,1019.9,1022.22
2023-02-28 14:00:00,1022.19,1024.68,1018.72,1024.68
2023-03-01 09:00:00,1024.68,1024.68,1013.37,1017.12
2023-03-01 10:00:00,1017.19,1027.42,1016.37,1026.78
2023-03-01 11:00:00,1026.72,1029.37,1026.32,1027.77
2023-03-01 13:00:00,1026.83,1034.44,1026.33,1029.81
2023-03-01 14:00:00,1029.83,1040.55,1029.51,1040.55
2023-03-02 09:00:00,1039.0,1043.8,1039.0,1041.39
2023-03-02 10:00:00,1041.29,1041.54,1035.5,1035.67
2023-03-02 11:00:00,1035.59,1037.35,1034.63,1036.87
2023-03-02 13:00:00,1036.56,1039.19,1033.07,1033.09
2023-03-02 14:00:00,1033.08,1038.43,1033.08,1037.61
2023-03-03 09:00:00,1038.1,1041.82,1035.53,1036.83
2023-03-03 10:00:00,1036.81,1036.83,1030.41,1031.05
2023-03-03 11:00:00,1031.02,1032.29,1029.29,1029.59
2023-03-03 13:00:00,1029.14,1031.48,1025.88,1031.39
2023-03-03 14:00:00,1031.18,1032.61,1022.78,1024.77
2023-03-06 09:00:00,1024.77,1040.99,1024.77,1038.92
2023-03-06 10:00:00,1038.91,1042.43,1038.14,1039.42
2023-03-06 11:00:00,1039.4,1042.04,1038.78,1039.33
2023-03-06 13:00:00,1039.29,1040.02,1034.89,1035.65
2023-03-06 14:00:00,1035.45,1036.09,1026.73,1027.18
2023-03-07 09:00:00,1027.18,1040.07,1027.18,1039.06
2023-03-07 10:00:00,1039.24,1039.79,1036.11,1037.22
2023-03-07 11:00:00,1037.2,1039.24,1034.58,1035.22
2023-03-07 13:00:00,1034.8,1038.96,1034.35,1038.49
2023-03-07 14:00:00,1038.48,1043.92,1033.79,1037.84
2023-03-08 09:00:00,1037.84,1037.84,1027.8,1030.24
2023-03-08 10:00:00,1030.23,1033.78,1030.1,1032.98
2023-03-08 11:00:00,1032.91,1035.47,1032.34,1034.65
2023-03-08 13:00:00,1033.93,1039.49,1031.64,1039.39
2023-03-08 14:00:00,1039.45,1049.18,1037.7,1049.18
2023-03-09 09:00:00,1049.18,1054.73,1049.18,1053.99
2023-03-09 10:00:00,1054.21,1054.87,1050.73,1052.14
2023-03-09 11:00:00,1052.02,1052.83,1051.42,1052.8
2023-03-09 13:00:00,1052.64,1055.46,1049.45,1052.86
2023-03-09 14:00:00,1052.88,1060.56,1051.8,1055.95
2023-03-10 09:00:00,1055.95,1055.95,1048.28,1049.48
2023-03-10 10:00:00,1049.57,1053.16,1048.52,1048.55
2023-03-10 11:00:00,1048.56,1049.52,1047.53,1047.98
2023-03-10 13:00:00,1047.53,1052.71,1046.31,1052.71
2023-03-10 14:00:00,1052.77,1053.86,1047.34,1053.0
2023-03-13 09:00:00,1053.0,1053.0,1045.46,1048.31
2023-03-13 10:00:00,1048.29,1053.8,1047.22,1053.01
2023-03-13 11:00:00,1053.15,1055.58,1052.46,1055.36
2023-03-13 13:00:00,1054.76,1055.2,1050.59,1052.58
2023-03-13 14:00:00,1052.75,1054.09,1049.71,1052.8
2023-03-14 09:00:00,1052.8,1052.8,1047.03,1047.03
2023-03-14 10:00:00,1046.9,1047.09,1042.86,1042.96
2023-03-14 11:00:00,1042.78,1042.78,1036.92,1041.64
2023-03-14 13:00:00,1040.38,1040.38,1034.72,1038.82
2023-03-14 14:00:00,1039.03,1040.75,1036.78,1040.13
2023-03-15 09:00:00,1040.13,1054.5,1040.13,1049.26
2023-03-15 10:00:00,1049.33,1058.38,1049.26,1057.01
2023-03-15 11:00:00,1056.98,1057.73,1055.97,1056.91
2023-03-15 13:00:00,1056.78,1062.41,1056.71,1060.69
2023-03-15 14:00:00,1060.66,1062.55,1059.74,1062.19
2023-03-16 09:00:00,1062.19,1062.19,1053.55,1055.27
2023-03-16 10:00:00,1055.17,1055.26,1048.86,1049.71
2023-03-16 11:00:00,1049.72,1049.74,1046.54,1049.37
2023-03-16 13:00:00,1048.51,1051.84,1048.02,1050.36
2023-03-16 14:00:00,1050.19,1053.01,1043.65,1047.4
2023-03-17 09:00:00,1047.4,1055.42,1047.4,1053.1
2023-03-17 10:00:00,1053.09,1053.15,1048.74,1049.38
2023-03-17 11:00:00,1049.43,1049.43,1045.97,1046.86
2023-03-17 13:00:00,1046.3,1049.5,1044.39,1046.69
2023-03-17 14:00:00,1047.23,1048.32,1043.54,1045.14
2023-03-20 09:00:00,1045.14,1045.14,1037.45,1040.53
2023-03-20 10:00:00,1040.51,1040.62,1033.16,1034.61
2023-03-20 11:00:00,1034.59,1034.85,1031.19,1031.19
2023-03-20 13:00:00,1030.98,1030.98,1024.03,1024.9
2023-03-20 14:00:00,1025.03,1027.81,1022.71,1023.1
2023-03-21 09:00:00,1023.1,1030.51,1023.1,1023.22
2023-03-21 10:00:00,1023.29,1025.07,1021.97,1022.62
2023-03-21 11:00:00,1022.58,1022.82,1017.05,1019.28
2023-03-21 13:00:00,1018.81,1028.18,1018.44,1026.45
2023-03-21 14:00:00,1026.54,1036.15,1025.74,1032.43
2023-03-22 09:00:00,1032.43,1037.5,1032.43,1035.2
2023-03-22 10:00:00,1035.4,1039.55,1033.73,1037.3
2023-03-22 11:00:00,1037.26,1039.12,1037.18,1038.59
2023-03-22 13:00:00,1038.24,1039.67,1036.28,1037.59
2023-03-22 14:00:00,1037.67,1042.84,1036.91,1040.54
2023-03-23 09:00:00,1040.54,1040.54,1030.93,1035.49
2023-03-23 10:00:00,1035.51,1037.94,1033.54,1035.69
2023-03-23 11:00:00,1035.6,1037.19,1035.51,1036.0
2023-03-23 13:00:00,1035.83,1042.09,1034.14,1041.7
2023-03-23 14:00:00,1041.71,1045.1,1038.44,1045.1
2023-03-24 09:00:00,1045.1,1049.44,1045.1,1047.69
2023-03-24 10:00:00,1047.78,1048.01,1045.64,1045.64
2023-03-24 11:00:00,1045.72,1046.81,1044.02,1046.8
2023-03-24 13:00:00,1046.7,1052.29,1045.74,1049.88
2023-03-24 14:00:00,1049.92,1051.25,1046.22,1046.79
2023-03-27 09:00:00,1047.78,1049.29,1041.99,1044.1
2023-03-27 10:00:00,1044.14,1048.11,1044.14,1048.02
2023-03-27 11:00:00,1048.03,1048.94,1046.57,1047.21
2023-03-27 13:00:00,1046.5,1051.57,1045.72,1051.22
2023-03-27 14:00:00,1051.29,1053.78,1049.57,1052.25
2023-03-28 09:00:00,1052.25,1058.54,1052.25,1056.86
2023-03-28 10:00:00,1056.88,1056.94,1051.75,1052.81
2023-03-28 11:00:00,1052.74,1055.38,1052.61,1055.22
2023-03-28 13:00:00,1054.77,1057.06,1053.59,1056.97
2023-03-28 14:00:00,1057.0,1059.83,1052.46,1054.29
2023-03-29 09:00:00,1054.29,1055.75,1049.91,1052.85
2023-03-29 10:00:00,1052.92,1053.96,1050.56,1051.78
2023-03-29 11:00:00,1051.75,1051.81,1048.26,1049.55
2023-03-29 13:00:00,1049.45,1054.92,1048.68,1052.08
2023-03-29 14:00:00,1052.11,1056.33,1051.18,1056.33
2023-03-30 09:00:00,1056.33,1063.87,1056.33,1063.3
2023-03-30 10:00:00,1063.19,1066.23,1062.42,1065.74
2023-03-30 11:00:00,1065.71,1065.82,1063.09,1063.15
2023-03-30 13:00:00,1062.92,1063.75,1058.89,1060.07
2023-03-30 14:00:00,1060.18,1062.11,1059.44,1059.44
2023-03-31 09:00:00,1059.44,1064.71,1059.44,1060.44
2023-03-31 10:00:00,1060.39,1065.86,1060.28,1064.46
2023-03-31 11:00:00,1064.4,1064.74,1061.74,1064.47
2023-03-31 13:00:00,1063.91,1066.15,1059.97,1062.13
2023-03-31 14:00:00,1062.07,1067.55,1061.75,1064.64
2023-04-03 09:00:00,1064.64,1077.27,1064.64,1075.21
2023-04-03 10:00:00,1075.08,1077.32,1073.61,1076.99
2023-04-03 11:00:00,1077.09,1077.49,1075.95,1077.15
2023-04-03 13:00:00,1077.08,1077.08,1071.62,1074.0
2023-04-03 14:00:00,1074.15,1079.28,1073.83,1079.28
2023-04-04 09:00:00,1079.28,1082.21,1077.04,1077.26
2023-04-04 10:00:00,1077.36,1078.48,1075.1,1075.82
2023-04-04 11:00:00,1075.8,1078.31,1075.7,1077.91
2023-04-04 13:00:00,1077.95,1077.95,1075.18,1076.89
2023-04-04 14:00:00,1076.9,1079.82,1076.42,1078.45
2023-04-05 09:00:00,1078.45,1079.38,1075.53,1078.51
2023-04-05 10:00:00,1078.5,1080.39,1077.24,1077.74
2023-04-05 11:00:00,1077.69,1077.83,1075.4,1075.68
2023-04-05 13:00:00,1075.17,1078.69,1074.1,1078.13
2023-04-05 14:00:00,1078.1,1080.86,1074.94,1080.86
2023-04-06 09:00:00,1080.86,1084.52,1079.59,1082.29
2023-04-06 10:00:00,1082.4,1082.6,1078.23,1078.88
2023-04-06 11:00:00,1078.82,1080.22,1078.59,1079.77
2023-04-06 13:00:00,1079.48,1082.83,1079.08,1082.41
2023-04-06 14:00:00,1082.45,1083.26,1070.91,1070.91
2023-04-07 09:00:00,1070.91,1072.94,1068.67,1069.28
2023-04-07 10:00:00,1069.29,1070.62,1067.32,1068.42
2023-04-07 11:00:00,1068.45,1068.71,1064.66,1065.57
2023-04-07 13:00:00,1064.78,1067.72,1064.47,1067.2
2023-04-07 14:00:00,1067.3,1069.71,1063.7,1069.71
2023-04-10 09:00:00,1073.86,1075.54,1072.0,1073.95
2023-04-10 10:00:00,1074.02,1075.14,1071.82,1072.2
2023-04-10 11:00:00,1072.08,1072.57,1068.56,1068.72
2023-04-10 13:00:00,1068.6,1070.76,1065.35,1067.06
2023-04-10 14:00:00,1067.04,1067.95,1063.45,1065.35
2023-04-11 09:00:00,1065.35,1065.52,1062.13,1062.81
2023-04-11 10:00:00,1062.74,1063.2,1058.34,1059.75
2023-04-11 11:00:00,1059.82,1059.85,1057.15,1057.42
2023-04-11 13:00:00,1057.08,1062.5,1056.9,1060.9
2023-04-11 14:00:00,1061.03,1070.56,1061.03,1069.46
2023-04-12 09:00:00,1071.61,1072.7,1069.92,1071.89
2023-04-12 10:00:00,1071.97,1072.62,1067.93,1069.27
2023-04-12 11:00:00,1069.26,1070.55,1068.76,1070.55
2023-04-12 13:00:00,1070.35,1071.56,1068.73,1069.26
2023-04-12 14:00:00,1069.23,1070.77,1066.43,1069.45
2023-04-13 09:00:00,1069.45,1070.96,1067.55,1068.61
2023-04-13 10:00:00,1068.84,1070.71,1068.46,1069.3
2023-04-13 11:00:00,1069.18,1069.38,1066.41,1066.93
2023-04-13 13:00:00,1066.46,1068.01,1065.16,1065.57
2023-04-13 14:00:00,1065.51,1065.58,1062.26,1064.3
2023-04-14 09:00:00,1064.3,1068.71,1064.3,1066.78
2023-04-14 10:00:00,1066.81,1068.79,1063.19,1063.19
2023-04-14 11:00:00,1063.1,1064.52,1061.7,1063.06
2023-04-14 13:00:00,1062.24,1063.17,1059.11,1060.73
2023-04-14 14:00:00,1060.68,1063.79,1052.89,1052.89
2023-04-17 09:00:00,1052.89,1054.72,1049.82,1050.03
2023-04-17 10:00:00,1050.04,1054.02,1049.11,1052.02
2023-04-17 11:00:00,1051.95,1052.73,1051.12,1051.55
2023-04-17 13:00:00,1051.6,1053.75,1051.39,1051.69
2023-04-17 14:00:00,1051.43,1053.98,1050.46,1053.81
2023-04-18 09:00:00,1053.81,1057.15,1053.78,1054.02
2023-04-18 10:00:00,1054.08,1054.14,1051.2,1051.64
2023-04-18 11:00:00,1051.57,1053.3,1050.89,1052.22
2023-04-18 13:00:00,1051.62,1053.81,1051.13,1053.73
2023-04-18 14:00:00,1053.82,1055.02,1052.04,1055.02
2023-04-19 09:00:00,1055.02,1058.14,1055.02,1055.29
2023-04-19 10:00:00,1055.44,1057.15,1054.18,1056.2
2023-04-19 11:00:00,1056.34,1056.64,1054.47,1054.68
2023-04-19 13:00:00,1054.58,1055.52,1050.86,1052.98
2023-04-19 14:00:00,1053.06,1053.82,1047.47,1048.98
2023-04-20 09:00:00,1048.98,1051.04,1047.81,1050.33
2023-04-20 10:00:00,1050.37,1051.86,1048.47,1049.05
2023-04-20 11:00:00,1049.04,1049.05,1046.95,1047.12
2023-04-20 13:00:00,1046.82,1050.41,1045.85,1047.84
2023-04-20 14:00:00,1047.85,1051.17,1045.92,1049.25
2023-04-21 09:00:00,1049.25,1050.4,1046.78,1049.16
2023-04-21 10:00:00,1049.11,1050.19,1046.63,1046.95
2023-04-21 11:00:00,1047.4,1048.39,1046.82,1048.27
2023-04-21 13:00:00,1048.25,1048.73,1044.23,1044.56
2023-04-21 14:00:00,1044.55,1045.81,1041.26,1042.91
2023-04-24 09:00:00,1042.91,1046.14,1038.45,1038.57
2023-04-24 10:00:00,1038.62,1042.53,1038.36,1041.72
2023-04-24 11:00:00,1041.79,1047.18,1041.69,1045.11
2023-04-24 13:00:00,1045.45,1045.51,1041.02,1042.38
2023-04-24 14:00:00,1042.39,1043.69,1039.24,1041.36
2023-04-25 09:00:00,1045.87,1045.87,1043.01,1044.82
2023-04-25 10:00:00,1044.85,1045.2,1041.48,1041.75
2023-04-25 11:00:00,1041.74,1041.97,1040.62,1041.97
2023-04-25 13:00:00,1041.83,1041.86,1034.51,1035.57
2023-04-25 14:00:00,1035.54,1036.76,1032.49,1034.85
2023-04-26 09:00:00,1034.85,1034.85,1032.07,1033.12
2023-04-26 10:00:00,1033.16,1033.25,1029.19,1030.39
2023-04-26 11:00:00,1030.2,1032.51,1030.2,1032.46
2023-04-26 13:00:00,1032.35,1036.96,1030.85,1035.7
2023-04-26 14:00:00,1035.78,1040.8,1033.39,1040.8
2023-04-27 09:00:00,1040.8,1044.25,1039.09,1042.28
2023-04-27 10:00:00,1042.35,1043.05,1039.66,1040.96
2023-04-27 11:00:00,1041.0,1041.69,1038.73,1038.99
2023-04-27 13:00:00,1039.1,1040.6,1037.75,1040.46
2023-04-27 14:00:00,1040.54,1041.17,1037.62,1039.63
2023-04-28 09:00:00,1043.17,1046.47,1043.17,1044.65
2023-04-28 10:00:00,1044.72,1046.99,1043.94,1044.54
2023-04-28 11:00:00,1044.55,1045.46,1043.45,1043.78
2023-04-28 13:00:00,1043.66,1046.29,1042.04,1046.05
2023-04-28 14:00:00,1046.12,1049.12,1044.48,1049.12
2023-05-04 09:00:00,1049.12,1049.12,1044.3,1044.48
2023-05-04 10:00:00,1044.5,1044.53,1041.34,1041.35
2023-05-04 11:00:00,1041.4,1042.04,1040.95,1041.14
2023-05-04 13:00:00,1040.64,1043.17,1039.9,1043.17
2023-05-04 14:00:00,1043.29,1043.77,1038.18,1040.61
2023-05-05 09:00:00,1040.61,1043.22,1040.11,1041.5
2023-05-05 10:00:00,1041.53,1042.54,1037.48,1039.03
2023-05-05 11:00:00,1039.02,1039.21,1038.11,1038.36
2023-05-05 13:00:00,1037.97,1042.42,1036.69,1040.09
2023-05-05 14:00:00,1040.07,1042.33,1038.43,1040.31
2023-05-08 09:00:00,1040.31,1046.93,1040.31,1045.88
2023-05-08 10:00:00,1045.84,1048.13,1045.74,1047.92
2023-05-08 11:00:00,1047.99,1050.22,1047.47,1049.84
2023-05-08 13:00:00,1049.04,1052.27,1048.29,1049.0
2023-05-08 14:00:00,1049.01,1053.44,1048.45,1053.44
2023-05-09 09:00:00,1055.42,1058.71,1055.13,1057.4
2023-05-09 10:00:00,1057.5,1058.33,1055.65,1056.31
2023-05-09 11:00:00,1056.22,1056.36,1055.24,1055.55
2023-05-09 13:00:00,1055.03,1055.03,1052.8,1053.74
2023-05-09 14:00:00,1053.8,1055.1,1052.68,1053.77
2023-05-10 09:00:00,1055.62,1056.19,1053.92,1055.26
2023-05-10 10:00:00,1055.35,1057.47,1053.34,1056.24
2023-05-10 11:00:00,1056.18,1057.61,1055.97,1057.53
2023-05-10 13:00:00,1056.93,1057.92,1055.78,1057.2
2023-05-10 14:00:00,1057.16,1058.67,1057.14,1058.26
2023-05-11 09:00:00,1058.26,1063.69,1058.26,1059.16
2023-05-11 10:00:00,1059.18,1059.34,1056.72,1057.21
2023-05-11 11:00:00,1057.34,1058.83,1056.96,1058.55
2023-05-11 13:00:00,1058.33,1059.92,1057.59,1059.47
2023-05-11 14:00:00,1059.4,1059.78,1057.12,1057.12
2023-05-12 09:00:00,1057.12,1059.17,1053.97,1058.44
2023-05-12 10:00:00,1058.49,1062.62,1058.18,1060.17
2023-05-12 11:00:00,1060.16,1061.18,1059.81,1060.84
2023-05-12 13:00:00,1060.72,1060.91,1058.11,1059.79
2023-05-12 14:00:00,1059.6,1066.9,1059.23,1066.9
2023-05-15 09:00:00,1066.9,1076.32,1066.9,1074.17
2023-05-15 10:00:00,1074.07,1075.79,1072.84,1073.43
2023-05-15 11:00:00,1073.45,1073.68,1072.84,1073.02
2023-05-15 13:00:00,1072.56,1074.49,1071.42,1071.89
2023-05-15 14:00:00,1071.84,1071.98,1065.71,1065.71
2023-05-16 09:00:00,1065.71,1069.27,1065.36,1067.54
2023-05-16 10:00:00,1067.49,1067.8,1065.92,1067.65
2023-05-16 11:00:00,1067.56,1068.77,1067.51,1068.77
2023-05-16 13:00:00,1068.16,1068.47,1064.16,1065.89
2023-05-16 14:00:00,1065.76,1067.04,1063.65,1065.91
2023-05-17 09:00:00,1065.91,1067.33,1065.26,1067.06
2023-05-17 10:00:00,1067.03,1069.02,1064.88,1068.57
2023-05-17 11:00:00,1068.7,1069.95,1067.13,1067.24
2023-05-17 13:00:00,1066.97,1067.95,1065.43,1065.45
2023-05-17 14:00:00,1065.34,1065.43,1060.44,1060.44
2023-05-18 09:00:00,1060.44,1064.07,1060.44,1063.63
2023-05-18 10:00:00,1063.65,1064.85,1062.4,1064.05
2023-05-18 11:00:00,1064.08,1064.74,1063.66,1064.67
2023-05-18 13:00:00,1064.24,1067.64,1063.21,1066.85
2023-05-18 14:00:00,1066.78,1073.41,1066.32,1068.31
2023-05-19 09:00:00,1068.31,1070.15,1063.7,1066.95
2023-05-19 10:00:00,1066.98,1069.53,1066.77,1068.23
2023-05-19 11:00:00,1068.27,1068.94,1066.46,1066.6
2023-05-19 13:00:00,1066.31,1066.86,1062.16,1062.88
2023-05-19 14:00:00,1062.61,1067.07,1058.56,1067.07
2023-05-22 09:00:00,1067.07,1070.03,1066.44,1068.07
2023-05-22 10:00:00,1067.84,1070.63,1067.84,1069.08
2023-05-22 11:00:00,1069.02,1069.48,1066.65,1067.54
2023-05-22 13:00:00,1067.47,1068.99,1065.88,1068.48
2023-05-22 14:00:00,1068.49,1070.64,1067.95,1070.64
2023-05-23 09:00:00,1073.12,1073.96,1071.64,1072.09
2023-05-23 10:00:00,1072.2,1072.54,1069.72,1070.83
2023-05-23 11:00:00,1070.76,1070.76,1068.1,1068.3
2023-05-23 13:00:00,1068.29,1070.16,1065.84,1066.51
2023-05-23 14:00:00,1066.43,1066.46,1062.15,1065.85
2023-05-24 09:00:00,1065.85,1069.61,1064.74,1065.38
2023-05-24 10:00:00,1065.41,1065.99,1062.97,1065.09
2023-05-24 11:00:00,1065.17,1065.35,1064.37,1064.76
2023-05-24 13:00:00,1064.49,1067.21,1063.35,1063.78
2023-05-24 14:00:00,1064.26,1064.8,1060.6,1061.79
2023-05-25 09:00:00,1061.79,1062.79,1057.91,1062.76
2023-05-25 10:00:00,1062.71,1063.71,1061.65,1062.78
2023-05-25 11:00:00,1062.84,1062.91,1060.29,1060.35
2023-05-25 13:00:00,1059.99,1065.01,1058.81,1064.78
2023-05-25 14:00:00,1064.77,1065.5,1061.35,1064.63
2023-05-26 09:00:00,1064.63,1067.28,1064.09,1065.74
2023-05-26 10:00:00,1065.81,1066.7,1064.87,1065.9
2023-05-26 11:00:00,1065.93,1066.06,1065.18,1065.74
2023-05-26 13:00:00,1065.45,1066.41,1064.27,1064.63
2023-05-26 14:00:00,1064.72,1066.78,1063.76,1063.76
2023-05-29 09:00:00,1063.76,1070.66,1063.76,1070.58
2023-05-29 10:00:00,1070.61,1073.74,1069.78,1072.47
2023-05-29 11:00:00,1072.52,1073.26,1071.91,1073.02
2023-05-29 13:00:00,1072.84,1074.32,1070.97,1074.26
2023-05-29 14:00:00,1074.05,1077.18,1073.94,1074.98
2023-05-30 09:00:00,1074.98,1079.31,1074.98,1076.87
2023-05-30 10:00:00,1077.01,1077.26,1074.17,1074.24
2023-05-30 11:00:00,1074.25,1074.82,1073.6,1074.69
2023-05-30 13:00:00,1074.13,1075.35,1073.06,1073.34
2023-05-30 14:00:00,1073.3,1078.91,1071.01,1078.05
2023-05-31 09:00:00,1078.05,1079.11,1076.56,1077.39
2023-05-31 10:00:00,1077.38,1077.74,1075.96,1076.45
2023-05-31 11:00:00,1076.51,1076.97,1076.06,1076.67
2023-05-31 13:00:00,1075.92,1077.92,1074.83,1075.01
2023-05-31 14:00:00,1074.97,1075.56,1071.38,1075.17
2023-06-01 09:00:00,1075.17,1077.96,1075.17,1076.54
2023-06-01 10:00:00,1076.55,1077.66,1074.81,1075.06
2023-06-01 11:00:00,1075.07,1075.23,1072.47,1073.36
2023-06-01 13:00:00,1073.1,1075.06,1071.61,1074.23
2023-06-01 14:00:00,1074.55,1078.39,1074.22,1078.39
2023-06-02 09:00:00,1084.19,1087.06,1083.36,1085.68
2023-06-02 10:00:00,1085.78,1090.01,1085.11,1087.47
2023-06-02 11:00:00,1087.52,1089.68,1087.51,1089.3
2023-06-02 13:00:00,1089.04,1090.65,1086.31,1087.41
2023-06-02 14:00:00,1087.61,1092.24,1087.51,1090.84
2023-06-05 09:00:00,1090.84,1103.81,1090.84,1103.81
2023-06-05 10:00:00,1103.66,1103.66,1099.38,1100.36
2023-06-05 11:00:00,1100.44,1102.09,1100.32,1101.2
2023-06-05 13:00:00,1100.88,1100.88,1097.63,1099.26
2023-06-05 14:00:00,1099.22,1099.31,1096.76,1097.82
2023-06-06 09:00:00,1097.82,1102.57,1097.82,1101.34
2023-06-06 10:00:00,1101.44,1101.74,1098.59,1098.6
2023-06-06 11:00:00,1098.62,1101.13,1098.51,1100.52
2023-06-06 13:00:00,1100.37,1103.78,1098.28,1102.6
2023-06-06 14:00:00,1102.58,1108.31,1101.17,1108.31
2023-06-07 09:00:00,1108.31,1112.28,1108.31,1109.39
2023-06-07 10:00:00,1109.27,1110.62,1105.4,1106.51
2023-06-07 11:00:00,1106.49,1107.56,1106.15,1106.15
2023-06-07 13:00:00,1106.27,1109.18,1104.26,1108.6
2023-06-07 14:00:00,1108.67,1111.68,1106.93,1109.54
2023-06-08 09:00:00,1109.54,1115.14,1109.54,1110.87
2023-06-08 10:00:00,1110.93,1112.56,1108.71,1112.16
2023-06-08 11:00:00,1112.02,1112.23,1110.34,1110.49
2023-06-08 13:00:00,1110.23,1113.61,1106.46,1111.53
2023-06-08 14:00:00,1111.47,1112.03,1101.32,1101.32
2023-06-09 09:00:00,1101.32,1105.5,1099.14,1103.46
2023-06-09 10:00:00,1103.47,1105.04,1101.82,1103.84
2023-06-09 11:00:00,1103.98,1104.18,1101.35,1101.45
2023-06-09 13:00:00,1101.09,1103.62,1100.49,1102.18
2023-06-09 14:00:00,1102.08,1107.53,1097.23,1107.53
2023-06-12 09:00:00,1110.26,1111.89,1106.46,1109.1
2023-06-12 10:00:00,1109.11,1109.33,1104.4,1104.87
2023-06-12 11:00:00,1104.82,1105.17,1101.55,1101.76
2023-06-12 13:00:00,1101.26,1105.97,1100.08,1104.52
2023-06-12 14:00:00,1104.65,1116.02,1104.54,1116.02
2023-06-13 09:00:00,1116.02,1120.28,1116.02,1119.35
2023-06-13 10:00:00,1118.9,1121.27,1117.5,1120.05
2023-06-13 11:00:00,1120.08,1120.63,1119.35,1119.77
2023-06-13 13:00:00,1119.49,1120.52,1117.57,1118.69
2023-06-13 14:00:00,1118.77,1122.46,1117.76,1122.46
2023-06-14 09:00:00,1122.46,1129.49,1122.46,1125.87
2023-06-14 10:00:00,1125.76,1126.42,1121.23,1122.93
2023-06-14 11:00:00,1123.02,1123.13,1122.05,1122.53
2023-06-14 13:00:00,1122.09,1125.81,1121.08,1123.3
2023-06-14 14:00:00,1123.34,1127.27,1117.42,1117.42
2023-06-15 09:00:00,1117.42,1118.89,1116.62,1118.12
2023-06-15 10:00:00,1118.02,1120.13,1117.7,1118.43
2023-06-15 11:00:00,1118.32,1119.54,1116.5,1116.56
2023-06-15 13:00:00,1116.18,1119.46,1115.25,1116.42
2023-06-15 14:00:00,1116.28,1118.35,1112.11,1116.97
2023-06-16 09:00:00,1116.97,1123.95,1116.97,1122.11
2023-06-16 10:00:00,1122.32,1125.13,1122.32,1124.5
2023-06-16 11:00:00,1124.46,1126.07,1123.85,1125.71
2023-06-16 13:00:00,1126.0,1128.92,1123.29,1124.37
2023-06-16 14:00:00,1124.45,1124.53,1112.51,1115.22
2023-06-19 09:00:00,1115.22,1117.23,1110.93,1111.62
2023-06-19 10:00:00,1111.64,1113.16,1106.98,1107.14
2023-06-19 11:00:00,1107.09,1109.11,1106.67,1108.19
2023-06-19 13:00:00,1108.21,1111.03,1106.33,1108.24
2023-06-19 14:00:00,1108.22,1110.02,1104.73,1105.4
2023-06-20 09:00:00,1105.4,1108.22,1104.51,1106.76
2023-06-20 10:00:00,1106.77,1107.35,1105.31,1105.53
2023-06-20 11:00:00,1105.42,1105.46,1103.96,1103.96
2023-06-20 13:00:00,1103.97,1105.87,1102.58,1105.8
2023-06-20 14:00:00,1105.58,1111.72,1104.43,1111.72
2023-06-21 09:00:00,1112.73,1115.07,1111.92,1113.91
2023-06-21 10:00:00,1113.89,1115.33,1112.5,1113.13
2023-06-21 11:00:00,1113.08,1113.69,1110.78,1111.13
2023-06-21 13:00:00,1111.39,1114.55,1110.65,1113.98
2023-06-21 14:00:00,1114.16,1118.46,1113.66,1118.46
2023-06-22 09:00:00,1118.46,1127.36,1118.46,1124.82
2023-06-22 10:00:00,1124.77,1125.68,1123.35,1124.51
2023-06-22 11:00:00,1124.34,1125.73,1123.74,1124.39
2023-06-22 13:00:00,1124.48,1127.54,1122.54,1123.17
2023-06-22 14:00:00,1123.27,1127.12,1122.27,1125.3
2023-06-23 09:00:00,1125.3,1128.98,1123.82,1128.32
2023-06-23 10:00:00,1128.34,1130.61,1127.9,1130.14
2023-06-23 11:00:00,1130.2,1130.36,1124.55,1124.76
2023-06-23 13:00:00,1124.23,1127.4,1122.62,1127.12
2023-06-23 14:00:00,1127.31,1129.38,1126.73,1129.38
2023-06-26 09:00:00,1129.38,1134.0,1119.95,1122.37
2023-06-26 10:00:00,1122.49,1125.51,1120.54,1123.88
2023-06-26 11:00:00,1123.99,1124.38,1123.03,1123.77
2023-06-26 13:00:00,1123.32,1126.16,1121.72,1123.71
2023-06-26 14:00:00,1123.78,1132.03,1123.68,1132.03
2023-06-27 09:00:00,1132.03,1136.49,1132.03,1136.03
2023-06-27 10:00:00,1135.96,1136.44,1130.8,1131.82
2023-06-27 11:00:00,1131.9,1133.23,1131.6,1132.25
2023-06-27 13:00:00,1132.23,1133.21,1130.38,1130.43
2023-06-27 14:00:00,1130.2,1134.33,1128.82,1134.33
2023-06-28 09:00:00,1134.33,1138.38,1134.33,1135.91
2023-06-28 10:00:00,1135.98,1138.49,1135.0,1135.32
2023-06-28 11:00:00,1135.35,1135.85,1134.88,1134.88
2023-06-28 13:00:00,1134.28,1135.77,1131.86,1133.55
2023-06-28 14:00:00,1133.62,1140.56,1133.51,1138.35
2023-06-29 09:00:00,1139.42,1140.43,1132.97,1133.0
2023-06-29 10:00:00,1133.18,1136.36,1132.45,1135.33
2023-06-29 11:00:00,1135.26,1135.92,1133.41,1133.9
2023-06-29 13:00:00,1133.71,1134.21,1129.05,1130.34
2023-06-29 14:00:00,1130.29,1135.11,1125.39,1125.39
2023-06-30 09:00:00,1125.39,1126.33,1123.13,1124.82
2023-06-30 10:00:00,1124.85,1125.25,1122.67,1124.01
2023-06-30 11:00:00,1124.06,1124.24,1121.11,1121.34
2023-06-30 13:00:00,1120.85,1124.78,1120.01,1123.3
2023-06-30 14:00:00,1123.27,1123.68,1120.18,1120.18
2023-07-03 09:00:00,1120.18,1128.35,1120.18,1124.9
2023-07-03 10:00:00,1124.73,1125.3,1122.14,1122.47
2023-07-03 11:00:00,1122.51,1122.64,1121.17,1122.58
2023-07-03 13:00:00,1122.0,1125.02,1121.63,1125.01
2023-07-03 14:00:00,1125.09,1126.69,1123.98,1125.5
2023-07-04 09:00:00,1125.5,1127.24,1123.49,1126.84
2023-07-04 10:00:00,1126.68,1129.62,1126.58,1127.49
2023-07-04 11:00:00,1127.66,1129.33,1127.46,1128.11
2023-07-04 13:00:00,1127.96,1129.11,1127.71,1128.9
2023-07-04 14:00:00,1129.1,1132.12,1128.44,1132.0
2023-07-05 09:00:00,1132.0,1138.29,1132.0,1136.37
2023-07-05 10:00:00,1136.52,1136.67,1134.57,1135.89
2023-07-05 11:00:00,1135.93,1137.95,1135.91,1137.47
2023-07-05 13:00:00,1137.03,1138.64,1135.16,1138.15
2023-07-05 14:00:00,1138.37,1138.67,1134.3,1134.62
2023-07-06 09:00:00,1134.62,1135.77,1132.31,1132.64
2023-07-06 10:00:00,1132.61,1135.81,1132.58,1134.11
2023-07-06 11:00:00,1134.21,1134.7,1131.18,1131.18
2023-07-06 13:00:00,1130.44,1130.44,1122.44,1125.67
2023-07-06 14:00:00,1125.91,1128.7,1122.35,1126.22
2023-07-07 09:00:00,1126.22,1128.09,1122.94,1124.39
2023-07-07 10:00:00,1124.15,1127.38,1123.86,1127.16
2023-07-07 11:00:00,1127.34,1128.49,1126.97,1128.23
2023-07-07 13:00:00,1127.9,1132.46,1125.98,1131.38
2023-07-07 14:00:00,1131.3,1138.07,1130.57,1138.07
2023-07-10 09:00:00,1138.07,1144.71,1138.07,1142.45
2023-07-10 10:00:00,1142.6,1144.67,1141.95,1144.46
2023-07-10 11:00:00,1144.42,1145.17,1142.75,1145.0
2023-07-10 13:00:00,1145.12,1145.62,1143.0,1143.99
2023-07-10 14:00:00,1144.01,1149.02,1143.79,1149.02
2023-07-11 09:00:00,1149.02,1155.09,1149.02,1153.45
2023-07-11 10:00:00,1153.38,1155.74,1152.37,1155.61
2023-07-11 11:00:00,1155.69,1157.01,1154.33,1154.96
2023-07-11 13:00:00,1154.44,1157.01,1152.95,1155.42
2023-07-11 14:00:00,1155.39,1155.83,1149.69,1151.77
2023-07-12 09:00:00,1151.77,1157.43,1151.77,1156.53
2023-07-12 10:00:00,1156.6,1157.05,1153.7,1154.22
2023-07-12 11:00:00,1154.05,1154.21,1149.87,1151.75
2023-07-12 13:00:00,1150.62,1155.64,1149.28,1154.14
2023-07-12 14:00:00,1154.06,1154.69,1150.29,1154.2
2023-07-13 09:00:00,1154.2,1162.75,1154.2,1162.39
2023-07-13 10:00:00,1162.37,1162.37,1158.91,1160.66
2023-07-13 11:00:00,1160.67,1161.61,1160.43,1161.07
2023-07-13 13:00:00,1160.75,1161.32,1158.15,1160.43
2023-07-13 14:00:00,1160.41,1165.42,1160.34,1165.42
2023-07-14 09:00:00,1165.42,1169.84,1165.32,1168.18
2023-07-14 10:00:00,1168.15,1168.8,1165.88,1168.8
2023-07-14 11:00:00,1168.79,1169.76,1167.9,1168.19
2023-07-14 13:00:00,1167.8,1167.81,1158.93,1161.2
2023-07-14 14:00:00,1161.25,1168.4,1156.28,1168.4
2023-07-17 09:00:00,1171.75,1172.74,1168.77,1170.83
2023-07-17 10:00:00,1170.88,1173.33,1170.82,1172.83
2023-07-17 11:00:00,1172.98,1173.13,1171.39,1171.81
2023-07-17 13:00:00,1171.07,1174.89,1169.95,1172.86
2023-07-17 14:00:00,1172.63,1173.58,1169.36,1173.13
2023-07-18 09:00:00,1173.13,1174.91,1170.04,1174.82
2023-07-18 10:00:00,1174.85,1175.68,1172.43,1174.95
2023-07-18 11:00:00,1174.93,1175.7,1174.37,1174.99
2023-07-18 13:00:00,1174.38,1174.79,1170.23,1172.55
2023-07-18 14:00:00,1172.63,1174.34,1171.67,1174.09
2023-07-19 09:00:00,1174.09,1178.13,1174.09,1175.82
2023-07-19 10:00:00,1175.86,1178.49,1175.67,1176.57
2023-07-19 11:00:00,1176.6,1177.09,1174.06,1174.66
2023-07-19 13:00:00,1173.93,1176.98,1173.33,1174.93
2023-07-19 14:00:00,1174.92,1178.55,1172.98,1172.98
2023-07-20 09:00:00,1172.98,1174.39,1169.71,1170.72
2023-07-20 10:00:00,1170.66,1171.32,1167.68,1168.04
2023-07-20 11:00:00,1168.24,1169.64,1167.32,1167.96
2023-07-20 13:00:00,1167.84,1170.98,1166.62,1170.46
2023-07-20 14:00:00,1170.17,1174.1,1167.23,1172.81
2023-07-21 09:00:00,1172.81,1174.81,1172.07,1174.26
2023-07-21 10:00:00,1174.3,1176.32,1174.23,1175.17
2023-07-21 11:00:00,1175.11,1175.36,1174.17,1174.57
2023-07-21 13:00:00,1174.54,1178.85,1174.28,1178.7
2023-07-21 14:00:00,1178.36,1185.9,1178.36,1185.9
2023-07-24 09:00:00,1185.9,1193.22,1185.9,1190.84
2023-07-24 10:00:00,1190.76,1191.0,1187.83,1190.1
2023-07-24 11:00:00,1190.12,1190.38,1188.56,1188.61
2023-07-24 13:00:00,1188.54,1188.81,1183.39,1186.19
2023-07-24 14:00:00,1186.24,1190.72,1185.79,1190.72
2023-07-25 09:00:00,1190.72,1199.27,1190.72,1196.66
2023-07-25 10:00:00,1196.6,1197.63,1195.29,1197.42
2023-07-25 11:00:00,1197.44,1197.73,1194.88,1195.03
2023-07-25 13:00:00,1194.69,1198.94,1194.41,1198.83
2023-07-25 14:00:00,1198.77,1199.27,1193.34,1195.9
2023-07-26 09:00:00,1195.9,1199.76,1195.5,1196.35
2023-07-26 10:00:00,1196.49,1199.49,1195.44,1198.46
2023-07-26 11:00:00,1198.34,1198.68,1197.31,1198.39
2023-07-26 13:00:00,1198.09,1200.04,1196.02,1199.77
2023-07-26 14:00:00,1199.83,1200.84,1196.25,1200.84
2023-07-27 09:00:00,1200.84,1203.69,1200.54,1201.6
2023-07-27 10:00:00,1201.85,1203.27,1196.32,1198.87
2023-07-27 11:00:00,1198.84,1199.07,1194.29,1194.29
2023-07-27 13:00:00,1193.58,1196.83,1191.08,1196.83
2023-07-27 14:00:00,1196.85,1199.46,1195.55,1197.33
2023-07-28 09:00:00,1197.33,1198.51,1195.86,1197.52
2023-07-28 10:00:00,1197.71,1201.72,1197.56,1201.61
2023-07-28 11:00:00,1201.67,1202.8,1201.63,1202.32
2023-07-28 13:00:00,1201.93,1205.95,1197.92,1201.67
2023-07-28 14:00:00,1201.71,1207.67,1200.76,1207.67
2023-07-31 09:00:00,1207.67,1222.32,1207.67,1218.8
2023-07-31 10:00:00,1218.97,1218.97,1213.81,1214.04
2023-07-31 11:00:00,1213.89,1215.13,1213.81,1214.86
2023-07-31 13:00:00,1214.63,1217.67,1212.81,1216.83
2023-07-31 14:00:00,1216.69,1224.81,1216.58,1222.9
2023-08-01 09:00:00,1222.9,1233.29,1222.9,1229.51
2023-08-01 10:00:00,1229.83,1234.5,1229.49,1233.29
2023-08-01 11:00:00,1233.25,1234.39,1232.97,1233.12
2023-08-01 13:00:00,1232.8,1232.8,1225.56,1229.69
2023-08-01 14:00:00,1229.74,1231.92,1217.56,1217.56
2023-08-02 09:00:00,1217.56,1219.89,1213.18,1219.25
2023-08-02 10:00:00,1219.63,1219.76,1215.75,1218.67
2023-08-02 11:00:00,1218.6,1219.44,1216.78,1218.01
2023-08-02 13:00:00,1217.15,1221.99,1216.6,1219.28
2023-08-02 14:00:00,1219.52,1223.04,1218.65,1220.43
2023-08-03 09:00:00,1219.73,1221.64,1216.65,1220.56
2023-08-03 10:00:00,1220.73,1222.35,1220.42,1221.3
2023-08-03 11:00:00,1221.34,1221.61,1215.72,1217.22
2023-08-03 13:00:00,1216.9,1218.54,1212.67,1215.63
2023-08-03 14:00:00,1215.72,1216.28,1209.06,1210.95
2023-08-04 09:00:00,1210.95,1220.49,1210.95,1219.1
2023-08-04 10:00:00,1219.45,1220.41,1217.68,1220.18
2023-08-04 11:00:00,1220.3,1221.03,1219.74,1220.37
2023-08-04 13:00:00,1220.34,1222.56,1218.44,1221.91
2023-08-04 14:00:00,1222.01,1228.12,1221.61,1225.98
2023-08-07 09:00:00,1233.1,1239.14,1233.01,1238.89
2023-08-07 10:00:00,1238.93,1239.02,1235.62,1238.16
2023-08-07 11:00:00,1238.33,1238.59,1235.46,1235.66
2023-08-07 13:00:00,1235.61,1235.92,1230.38,1232.93
2023-08-07 14:00:00,1233.17,1241.42,1231.99,1241.42
2023-08-08 09:00:00,1241.42,1246.22,1241.42,1246.19
2023-08-08 10:00:00,1246.15,1246.15,1239.99,1242.55
2023-08-08 11:00:00,1242.49,1244.81,1242.47,1244.75
2023-08-08 13:00:00,1244.36,1245.5,1239.01,1242.19
2023-08-08 14:00:00,1242.18,1245.37,1239.12,1242.23
2023-08-09 09:00:00,1242.23,1242.23,1235.58,1236.62
2023-08-09 10:00:00,1236.61,1240.93,1236.61,1240.64
2023-08-09 11:00:00,1240.6,1240.6,1234.33,1234.49
2023-08-09 13:00:00,1233.92,1235.53,1231.28,1234.18
2023-08-09 14:00:00,1234.17,1237.67,1233.38,1233.99
2023-08-10 09:00:00,1233.99,1238.19,1233.99,1236.1
2023-08-10 10:00:00,1235.83,1235.96,1231.29,1231.62
2023-08-10 11:00:00,1231.51,1233.75,1231.35,1233.73
2023-08-10 13:00:00,1233.35,1235.97,1225.64,1227.08
2023-08-10 14:00:00,1227.52,1228.58,1220.61,1220.61
2023-08-11 09:00:00,1220.61,1230.23,1220.61,1227.19
2023-08-11 10:00:00,1227.12,1228.65,1219.04,1219.09
2023-08-11 11:00:00,1218.81,1220.68,1218.1,1218.8
2023-08-11 13:00:00,1218.02,1221.39,1213.37,1220.91
2023-08-11 14:00:00,1220.7,1232.21,1220.7,1232.21
2023-08-14 09:00:00,1232.21,1237.43,1229.04,1234.55
2023-08-14 10:00:00,1235.0,1237.22,1232.52,1237.22
2023-08-14 11:00:00,1237.44,1239.55,1235.82,1239.32
2023-08-14 13:00:00,1239.13,1239.61,1236.24,1236.25
2023-08-14 14:00:00,1236.16,1237.24,1234.02,1236.84
2023-08-15 09:00:00,1236.84,1239.42,1234.32,1236.27
2023-08-15 10:00:00,1236.24,1236.55,1231.66,1233.8
2023-08-15 11:00:00,1233.84,1235.07,1232.8,1232.93
2023-08-15 13:00:00,1232.51,1235.23,1230.58,1234.33
2023-08-15 14:00:00,1234.13,1235.13,1231.67,1234.05
2023-08-16 09:00:00,1234.05,1241.38,1234.05,1238.83
2023-08-16 10:00:00,1238.94,1242.83,1238.49,1242.32
2023-08-16 11:00:00,1242.35,1242.85,1241.09,1241.49
2023-08-16 13:00:00,1241.2,1242.09,1237.52,1239.57
2023-08-16 14:00:00,1239.43,1243.48,1239.25,1243.26
2023-08-17 09:00:00,1242.58,1243.98,1240.5,1243.44
2023-08-17 10:00:00,1243.47,1243.79,1241.0,1241.33
2023-08-17 11:00:00,1241.28,1242.21,1239.6,1241.88
2023-08-17 13:00:00,1241.3,1243.83,1239.31,1239.34
2023-08-17 14:00:00,1239.43,1240.85,1233.48,1233.48
2023-08-18 09:00:00,1233.48,1233.48,1222.08,1222.08
2023-08-18 10:00:00,1222.03,1222.25,1213.91,1218.54
2023-08-18 11:00:00,1218.52,1219.66,1213.19,1213.27
2023-08-18 13:00:00,1211.31,1211.77,1188.01,1192.2
2023-08-18 14:00:00,1192.44,1192.44,1177.74,1177.99
2023-08-21 09:00:00,1177.99,1180.91,1172.75,1176.44
2023-08-21 10:00:00,1176.5,1178.06,1164.63,1177.79
2023-08-21 11:00:00,1177.93,1178.42,1173.41,1175.7
2023-08-21 13:00:00,1175.46,1180.62,1171.45,1180.34
2023-08-21 14:00:00,1180.36,1188.16,1176.74,1179.76
2023-08-22 09:00:00,1179.76,1184.43,1175.76,1177.25
2023-08-22 10:00:00,1177.4,1177.48,1166.86,1166.86
2023-08-22 11:00:00,1166.8,1167.39,1154.79,1154.91
2023-08-22 13:00:00,1153.33,1176.24,1149.13,1176.24
2023-08-22 14:00:00,1176.7,1180.49,1169.62,1180.49
2023-08-23 09:00:00,1180.49,1193.79,1180.49,1181.36
2023-08-23 10:00:00,1181.21,1184.1,1178.17,1178.17
2023-08-23 11:00:00,1178.23,1178.75,1174.89,1176.14
2023-08-23 13:00:00,1175.27,1181.24,1168.89,1173.1
2023-08-23 14:00:00,1172.88,1179.04,1169.79,1172.56
2023-08-24 09:00:00,1172.56,1177.86,1171.33,1174.49
2023-08-24 10:00:00,1174.29,1180.57,1174.09,1179.91
2023-08-24 11:00:00,1179.88,1180.3,1176.22,1177.12
2023-08-24 13:00:00,1176.46,1185.93,1175.42,1185.67
2023-08-24 14:00:00,1185.35,1189.99,1184.3,1189.39
2023-08-25 09:00:00,1189.39,1192.59,1185.66,1190.59
2023-08-25 10:00:00,1190.6,1191.35,1184.26,1186.65
2023-08-25 11:00:00,1186.74,1187.01,1182.6,1182.8
2023-08-25 13:00:00,1181.91,1188.41,1181.6,1184.2
2023-08-25 14:00:00,1184.49,1186.49,1183.04,1183.37
2023-08-28 09:00:00,1183.37,1194.99,1183.37,1193.4
2023-08-28 10:00:00,1193.3,1195.91,1190.4,1195.5
2023-08-28 11:00:00,1195.46,1195.57,1192.76,1194.01
2023-08-28 13:00:00,1193.94,1197.11,1192.16,1196.07
2023-08-28 14:00:00,1196.11,1202.02,1196.09,1201.72
2023-08-29 09:00:00,1201.72,1208.78,1201.72,1207.45
2023-08-29 10:00:00,1207.46,1207.57,1201.97,1202.38
2023-08-29 11:00:00,1202.51,1202.79,1199.14,1199.6
2023-08-29 13:00:00,1198.93,1204.02,1197.57,1201.62
2023-08-29 14:00:00,1201.45,1206.19,1201.19,1204.43
2023-08-30 09:00:00,1206.1,1209.31,1204.5,1206.11
2023-08-30 10:00:00,1206.18,1209.98,1205.24,1208.83
2023-08-30 11:00:00,1208.85,1209.58,1205.41,1205.66
2023-08-30 13:00:00,1204.62,1210.63,1203.51,1210.45
2023-08-30 14:00:00,1210.46,1213.52,1209.04,1213.16
2023-08-31 09:00:00,1213.16,1220.94,1213.16,1220.67
2023-08-31 10:00:00,1220.73,1223.41,1219.64,1222.72
2023-08-31 11:00:00,1222.95,1222.95,1220.96,1222.34
2023-08-31 13:00:00,1221.67,1224.84,1220.42,1222.96
2023-08-31 14:00:00,1222.69,1224.53,1220.88,1224.05
2023-09-05 09:00:00,1224.05,1234.54,1224.05,1233.36
2023-09-05 10:00:00,1233.52,1236.21,1231.84,1234.77
2023-09-05 11:00:00,1234.97,1235.03,1233.37,1233.48
2023-09-05 13:00:00,1232.97,1235.69,1231.14,1233.16
2023-09-05 14:00:00,1233.22,1234.98,1228.7,1234.98
2023-09-06 09:00:00,1234.98,1237.42,1229.89,1236.44
2023-09-06 10:00:00,1236.43,1239.44,1235.52,1236.34
2023-09-06 11:00:00,1236.29,1236.29,1231.54,1231.96
2023-09-06 13:00:00,1231.18,1236.77,1230.56,1236.43
2023-09-06 14:00:00,1236.34,1245.5,1236.34,1245.5
2023-09-07 09:00:00,1245.5,1252.78,1245.5,1251.34
2023-09-07 10:00:00,1251.52,1255.11,1247.42,1248.18
2023-09-07 11:00:00,1248.17,1248.57,1244.49,1244.85
2023-09-07 13:00:00,1244.0,1248.14,1241.19,1244.52
2023-09-07 14:00:00,1244.68,1245.22,1240.82,1243.14
2023-09-08 09:00:00,1243.14,1245.96,1240.15,1245.96
2023-09-08 10:00:00,1245.86,1248.1,1243.8,1245.47
2023-09-08 11:00:00,1245.33,1246.83,1245.1,1245.56
2023-09-08 13:00:00,1245.46,1247.09,1242.08,1244.02
2023-09-08 14:00:00,1244.05,1245.57,1240.28,1241.48
2023-09-11 09:00:00,1241.48,1251.37,1241.48,1247.64
2023-09-11 10:00:00,1247.55,1247.91,1244.69,1245.88
2023-09-11 11:00:00,1245.79,1245.86,1241.74,1243.08
2023-09-11 13:00:00,1242.77,1243.43,1232.93,1235.91
2023-09-11 14:00:00,1235.95,1236.02,1223.33,1223.63
2023-09-12 09:00:00,1223.63,1228.86,1220.85,1225.54
2023-09-12 10:00:00,1225.34,1232.29,1225.16,1232.19
2023-09-12 11:00:00,1232.25,1233.75,1228.82,1229.24
2023-09-12 13:00:00,1229.2,1234.16,1226.8,1234.11
2023-09-12 14:00:00,1234.09,1245.44,1234.04,1245.44
2023-09-13 09:00:00,1245.44,1250.25,1245.04,1248.18
2023-09-13 10:00:00,1248.32,1248.33,1241.57,1245.64
2023-09-13 11:00:00,1245.56,1248.92,1245.44,1247.02
2023-09-13 13:00:00,1246.71,1250.61,1243.11,1246.48
2023-09-13 14:00:00,1246.4,1246.4,1232.84,1238.39
2023-09-14 09:00:00,1238.39,1244.21,1235.44,1240.27
2023-09-14 10:00:00,1240.37,1240.86,1231.4,1235.55
2023-09-14 11:00:00,1235.51,1235.52,1232.05,1232.22
2023-09-14 13:00:00,1231.55,1233.1,1223.32,1228.29
2023-09-14 14:00:00,1228.34,1235.31,1223.03,1223.81
2023-09-15 09:00:00,1223.81,1233.87,1223.81,1233.56
2023-09-15 10:00:00,1233.6,1233.83,1224.77,1224.89
2023-09-15 11:00:00,1224.97,1225.05,1220.89,1223.41
2023-09-15 13:00:00,1222.88,1228.66,1220.27,1228.52
2023-09-15 14:00:00,1228.46,1231.49,1224.61,1227.36
2023-09-18 09:00:00,1227.36,1227.36,1218.49,1220.26
2023-09-18 10:00:00,1220.3,1221.02,1216.99,1218.41
2023-09-18 11:00:00,1218.43,1219.54,1214.43,1214.61
2023-09-18 13:00:00,1214.26,1217.2,1210.65,1212.98
2023-09-18 14:00:00,1212.97,1214.54,1203.88,1211.81
2023-09-19 09:00:00,1211.81,1219.57,1211.81,1213.02
2023-09-19 10:00:00,1212.97,1213.06,1204.72,1204.83
2023-09-19 11:00:00,1204.89,1205.38,1199.85,1205.38
2023-09-19 13:00:00,1204.23,1212.62,1201.83,1206.58
2023-09-19 14:00:00,1206.36,1212.36,1200.42,1211.5
2023-09-20 09:00:00,1211.5,1217.21,1209.46,1215.38
2023-09-20 10:00:00,1215.39,1218.09,1213.13,1216.55
2023-09-20 11:00:00,1216.38,1217.16,1216.3,1217.11
2023-09-20 13:00:00,1216.88,1221.87,1216.67,1220.46
2023-09-20 14:00:00,1220.25,1226.11,1219.64,1226.11
2023-09-21 09:00:00,1226.11,1227.88,1223.92,1224.5
2023-09-21 10:00:00,1224.77,1224.96,1220.23,1220.54
2023-09-21 11:00:00,1220.65,1222.32,1219.89,1220.08
2023-09-21 13:00:00,1219.68,1221.88,1216.26,1218.86
2023-09-21 14:00:00,1218.85,1218.85,1211.65,1212.74
2023-09-22 09:00:00,1212.74,1212.74,1191.52,1196.1
2023-09-22 10:00:00,1195.62,1196.0,1174.57,1176.26
2023-09-22 11:00:00,1176.13,1183.23,1175.83,1179.93
2023-09-22 13:00:00,1179.23,1194.38,1177.66,1193.84
2023-09-22 14:00:00,1193.69,1198.61,1189.01,1193.05
2023-09-25 09:00:00,1193.05,1193.29,1186.5,1190.15
2023-09-25 10:00:00,1190.14,1195.62,1188.76,1192.11
2023-09-25 11:00:00,1192.13,1192.83,1191.42,1191.98
2023-09-25 13:00:00,1191.25,1191.55,1176.73,1179.79
2023-09-25 14:00:00,1179.86,1179.86,1153.2,1153.2
2023-09-26 09:00:00,1153.2,1159.36,1145.9,1149.02
2023-09-26 10:00:00,1148.74,1161.4,1148.08,1154.19
2023-09-26 11:00:00,1154.23,1156.03,1145.05,1145.23
2023-09-26 13:00:00,1144.92,1158.74,1141.99,1158.73
2023-09-26 14:00:00,1158.69,1163.52,1137.96,1137.96
2023-09-27 09:00:00,1137.96,1143.12,1135.1,1135.24
2023-09-27 10:00:00,1135.09,1137.05,1132.1,1134.44
2023-09-27 11:00:00,1134.39,1134.71,1126.36,1131.02
2023-09-27 13:00:00,1130.25,1139.87,1129.94,1136.3
2023-09-27 14:00:00,1136.34,1153.85,1136.26,1153.85
2023-09-28 09:00:00,1153.85,1153.87,1147.32,1148.88
2023-09-28 10:00:00,1148.85,1149.22,1136.99,1141.7
2023-09-28 11:00:00,1141.81,1143.62,1138.84,1142.19
2023-09-28 13:00:00,1141.67,1151.19,1137.73,1149.85
2023-09-28 14:00:00,1149.89,1155.39,1143.38,1152.43
2023-09-29 09:00:00,1152.43,1162.65,1152.43,1160.61
2023-09-29 10:00:00,1160.44,1163.88,1157.05,1159.32
2023-09-29 11:00:00,1159.28,1159.69,1156.39,1156.93
2023-09-29 13:00:00,1156.56,1158.53,1152.45,1156.42
2023-09-29 14:00:00,1156.53,1159.28,1154.01,1154.15
2023-10-02 09:00:00,1154.15,1156.54,1149.63,1156.54
2023-10-02 10:00:00,1156.61,1160.32,1156.61,1157.66
2023-10-02 11:00:00,1157.71,1159.31,1157.45,1159.26
2023-10-02 13:00:00,1158.93,1161.48,1151.99,1153.9
2023-10-02 14:00:00,1154.03,1156.71,1152.32,1155.25
2023-10-03 09:00:00,1155.25,1155.25,1133.34,1138.56
2023-10-03 10:00:00,1138.59,1142.82,1131.32,1131.32
2023-10-03 11:00:00,1131.37,1133.73,1123.39,1126.51
2023-10-03 13:00:00,1125.1,1132.38,1117.58,1129.68
2023-10-03 14:00:00,1129.64,1129.64,1117.28,1118.1
2023-10-04 09:00:00,1118.1,1118.1,1106.4,1113.19
2023-10-04 10:00:00,1113.06,1122.9,1112.41,1120.14
2023-10-04 11:00:00,1120.04,1124.26,1117.64,1123.94
2023-10-04 13:00:00,1123.82,1129.13,1121.41,1128.95
2023-10-04 14:00:00,1129.12,1133.79,1127.13,1128.67
2023-10-05 09:00:00,1128.67,1133.12,1126.86,1130.11
2023-10-05 10:00:00,1130.23,1130.45,1123.22,1126.52
2023-10-05 11:00:00,1126.51,1127.05,1125.89,1126.3
2023-10-05 13:00:00,1126.15,1127.05,1121.69,1123.03
2023-10-05 14:00:00,1123.09,1123.53,1113.89,1113.89
2023-10-06 09:00:00,1113.89,1116.79,1108.85,1116.53
2023-10-06 10:00:00,1116.37,1116.66,1110.74,1112.28
2023-10-06 11:00:00,1112.41,1113.1,1107.4,1110.37
2023-10-06 13:00:00,1109.99,1118.59,1108.99,1115.98
2023-10-06 14:00:00,1115.92,1129.13,1115.92,1128.54
2023-10-09 09:00:00,1128.54,1133.6,1127.03,1130.6
2023-10-09 10:00:00,1130.63,1135.37,1130.17,1131.86
2023-10-09 11:00:00,1131.99,1133.4,1131.02,1132.41
2023-10-09 13:00:00,1132.24,1134.32,1128.81,1131.75
2023-10-09 14:00:00,1131.84,1137.36,1131.77,1137.36
2023-10-10 09:00:00,1137.36,1149.7,1137.36,1146.92
2023-10-10 10:00:00,1146.84,1150.34,1146.45,1149.83
2023-10-10 11:00:00,1149.85,1149.9,1148.0,1148.18
2023-10-10 13:00:00,1147.86,1147.86,1143.78,1145.18
2023-10-10 14:00:00,1145.1,1146.72,1141.97,1143.69
2023-10-11 09:00:00,1143.69,1147.24,1142.39,1145.13
2023-10-11 10:00:00,1145.11,1145.73,1142.59,1142.89
2023-10-11 11:00:00,1143.46,1144.07,1139.99,1140.48
2023-10-11 13:00:00,1139.93,1145.0,1138.22,1143.01
2023-10-11 14:00:00,1143.03,1150.81,1143.03,1150.81
2023-10-12 09:00:00,1150.81,1156.73,1150.81,1154.75
2023-10-12 10:00:00,1154.92,1155.74,1151.78,1154.68
2023-10-12 11:00:00,1154.72,1155.95,1154.52,1154.83
2023-10-12 13:00:00,1154.2,1156.02,1149.65,1152.59
2023-10-12 14:00:00,1152.68,1153.45,1148.11,1151.61
2023-10-13 09:00:00,1151.61,1151.61,1143.65,1147.46
2023-10-13 10:00:00,1147.19,1147.97,1143.84,1146.06
2023-10-13 11:00:00,1145.92,1146.05,1141.82,1142.19
2023-10-13 13:00:00,1141.2,1144.64,1138.99,1144.24
2023-10-13 14:00:00,1144.21,1155.1,1144.21,1154.73
2023-10-16 09:00:00,1154.73,1157.46,1152.67,1153.94
2023-10-16 10:00:00,1153.84,1154.04,1148.18,1150.71
2023-10-16 11:00:00,1150.72,1150.77,1148.38,1149.1
2023-10-16 13:00:00,1148.73,1151.11,1146.65,1148.59
2023-10-16 14:00:00,1148.51,1148.76,1140.64,1141.42
2023-10-17 09:00:00,1145.34,1146.71,1141.38,1141.38
2023-10-17 10:00:00,1141.29,1145.77,1140.75,1144.91
2023-10-17 11:00:00,1144.87,1147.83,1144.46,1147.64
2023-10-17 13:00:00,1147.42,1147.89,1141.29,1144.41
2023-10-17 14:00:00,1144.26,1144.65,1121.65,1121.65
2023-10-18 09:00:00,1121.65,1125.27,1116.11,1117.91
2023-10-18 10:00:00,1117.79,1119.29,1113.28,1116.08
2023-10-18 11:00:00,1116.09,1119.91,1116.09,1119.49
2023-10-18 13:00:00,1119.47,1121.69,1113.17,1113.17
2023-10-18 14:00:00,1113.3,1113.77,1088.87,1103.4
2023-10-19 09:00:00,1103.4,1104.03,1095.07,1099.09
2023-10-19 10:00:00,1098.99,1098.99,1088.76,1090.32
2023-10-19 11:00:00,1090.19,1094.81,1089.95,1094.26
2023-10-19 13:00:00,1094.42,1097.09,1088.7,1093.64
2023-10-19 14:00:00,1093.44,1100.71,1087.85,1087.85
2023-10-20 09:00:00,1087.85,1091.71,1084.76,1088.7
2023-10-20 10:00:00,1088.73,1089.3,1078.43,1078.55
2023-10-20 11:00:00,1078.41,1078.41,1073.73,1077.1
2023-10-20 13:00:00,1076.72,1092.19,1076.06,1090.05
2023-10-20 14:00:00,1090.04,1108.16,1089.88,1108.03
2023-10-23 09:00:00,1108.03,1108.03,1098.47,1098.98
2023-10-23 10:00:00,1099.11,1099.67,1093.34,1093.62
2023-10-23 11:00:00,1093.54,1094.34,1089.85,1090.53
2023-10-23 13:00:00,1090.47,1095.67,1086.54,1091.81
2023-10-23 14:00:00,1091.89,1094.26,1087.2,1093.53
2023-10-24 09:00:00,1093.53,1099.88,1093.53,1096.14
2023-10-24 10:00:00,1096.05,1096.13,1089.85,1090.1
2023-10-24 11:00:00,1090.09,1093.43,1088.17,1092.96
2023-10-24 13:00:00,1092.76,1102.84,1092.49,1100.86
2023-10-24 14:00:00,1101.11,1107.3,1100.78,1105.9
2023-10-25 09:00:00,1105.9,1109.63,1105.9,1108.68
2023-10-25 10:00:00,1108.78,1111.39,1108.58,1109.82
2023-10-25 11:00:00,1109.83,1109.89,1109.17,1109.22
2023-10-25 13:00:00,1108.89,1110.69,1105.14,1106.64
2023-10-25 14:00:00,1106.69,1106.79,1100.64,1101.66
2023-10-26 09:00:00,1101.66,1101.66,1052.05,1059.68
2023-10-26 10:00:00,1059.6,1064.35,1057.01,1057.51
2023-10-26 11:00:00,1057.36,1057.41,1053.13,1057.04
2023-10-26 13:00:00,1056.47,1064.0,1052.52,1052.71
2023-10-26 14:00:00,1052.66,1058.26,1049.71,1055.45
2023-10-27 09:00:00,1055.45,1061.87,1048.77,1053.3
2023-10-27 10:00:00,1053.26,1054.89,1045.33,1048.4
2023-10-27 11:00:00,1048.3,1053.14,1048.3,1049.55
2023-10-27 13:00:00,1048.56,1049.59,1037.46,1043.96
2023-10-27 14:00:00,1044.18,1060.62,1044.18,1060.62
2023-10-30 09:00:00,1054.03,1056.89,1049.98,1050.09
2023-10-30 10:00:00,1050.04,1053.32,1048.29,1050.68
2023-10-30 11:00:00,1050.57,1054.68,1047.71,1053.12
2023-10-30 13:00:00,1052.37,1060.39,1048.97,1060.39
2023-10-30 14:00:00,1060.17,1060.22,1042.4,1042.4
2023-10-31 09:00:00,1042.4,1046.17,1039.5,1041.63
2023-10-31 10:00:00,1041.68,1041.75,1034.24,1037.84
2023-10-31 11:00:00,1037.85,1044.73,1037.48,1043.97
2023-10-31 13:00:00,1043.42,1043.86,1033.88,1038.12
2023-10-31 14:00:00,1038.32,1038.66,1025.03,1028.19
2023-11-01 09:00:00,1028.19,1034.74,1025.13,1026.17
2023-11-01 10:00:00,1026.05,1033.23,1021.43,1031.32
2023-11-01 11:00:00,1031.34,1031.41,1028.74,1029.26
2023-11-01 13:00:00,1028.6,1030.14,1020.01,1026.57
2023-11-01 14:00:00,1026.0,1039.66,1026.0,1039.66
2023-11-02 09:00:00,1039.66,1050.12,1039.66,1048.11
2023-11-02 10:00:00,1048.16,1055.51,1046.76,1055.51
2023-11-02 11:00:00,1055.62,1056.16,1052.84,1055.4
2023-11-02 13:00:00,1055.32,1063.36,1054.85,1063.32
2023-11-02 14:00:00,1063.4,1075.47,1063.4,1075.47
2023-11-03 09:00:00,1075.47,1081.61,1073.84,1077.29
2023-11-03 10:00:00,1077.2,1078.15,1074.1,1075.29
2023-11-03 11:00:00,1075.28,1075.28,1072.52,1074.0
2023-11-03 13:00:00,1072.87,1082.18,1071.11,1079.44
2023-11-03 14:00:00,1079.39,1082.23,1076.78,1076.78
2023-11-06 09:00:00,1076.78,1087.41,1076.78,1085.59
2023-11-06 10:00:00,1085.84,1088.8,1082.23,1082.38
2023-11-06 11:00:00,1082.58,1084.14,1082.41,1083.74
2023-11-06 13:00:00,1082.45,1088.6,1081.01,1087.28
2023-11-06 14:00:00,1087.27,1089.66,1083.24,1089.66
2023-11-07 09:00:00,1089.66,1089.66,1080.66,1087.26
2023-11-07 10:00:00,1087.22,1089.89,1085.73,1086.77
2023-11-07 11:00:00,1086.71,1087.04,1084.05,1084.24
2023-11-07 13:00:00,1083.61,1084.82,1080.09,1080.09
2023-11-07 14:00:00,1080.12,1084.05,1079.42,1080.29
2023-11-08 09:00:00,1080.29,1080.29,1076.55,1077.22
2023-11-08 10:00:00,1077.25,1081.13,1077.18,1080.93
2023-11-08 11:00:00,1081.13,1082.02,1078.86,1079.0
2023-11-08 13:00:00,1078.93,1093.6,1075.8,1091.35
2023-11-08 14:00:00,1091.79,1113.43,1091.23,1113.43
2023-11-09 09:00:00,1113.43,1121.27,1112.13,1117.08
2023-11-09 10:00:00,1117.14,1124.78,1116.69,1119.89
2023-11-09 11:00:00,1119.96,1120.06,1117.09,1119.57
2023-11-09 13:00:00,1118.63,1118.63,1112.44,1114.85
2023-11-09 14:00:00,1114.84,1121.38,1113.89,1113.89
2023-11-10 09:00:00,1113.89,1113.89,1102.91,1105.11
2023-11-10 10:00:00,1105.15,1108.43,1102.1,1105.96
2023-11-10 11:00:00,1105.99,1106.73,1105.1,1105.44
2023-11-10 13:00:00,1104.65,1116.02,1103.43,1110.48
2023-11-10 14:00:00,1110.52,1110.69,1101.23,1101.68
2023-11-13 09:00:00,1103.66,1105.91,1101.74,1104.34
2023-11-13 10:00:00,1104.26,1105.87,1100.43,1105.61
2023-11-13 11:00:00,1105.66,1107.91,1104.4,1104.83
2023-11-13 13:00:00,1104.71,1105.99,1099.85,1100.21
2023-11-13 14:00:00,1099.83,1100.12,1093.19,1100.07
2023-11-14 09:00:00,1100.07,1111.49,1100.07,1109.61
2023-11-14 10:00:00,1109.65,1115.6,1108.26,1112.11
2023-11-14 11:00:00,1112.27,1112.97,1110.97,1111.12
2023-11-14 13:00:00,1111.29,1112.07,1101.67,1105.34
2023-11-14 14:00:00,1105.35,1109.73,1102.74,1109.73
2023-11-15 09:00:00,1109.73,1128.59,1109.73,1126.98
2023-11-15 10:00:00,1127.07,1132.75,1126.53,1128.9
2023-11-15 11:00:00,1128.79,1129.92,1128.27,1128.83
2023-11-15 13:00:00,1128.25,1128.91,1123.97,1124.24
2023-11-15 14:00:00,1124.22,1126.4,1118.74,1122.5
2023-11-16 09:00:00,1122.5,1122.5,1117.01,1120.47
2023-11-16 10:00:00,1120.72,1121.31,1117.66,1117.8
2023-11-16 11:00:00,1117.68,1117.86,1116.43,1116.65
2023-11-16 13:00:00,1116.2,1120.31,1114.97,1117.99
2023-11-16 14:00:00,1117.91,1125.53,1115.43,1125.53
2023-11-17 09:00:00,1125.53,1129.84,1123.95,1123.95
2023-11-17 10:00:00,1123.94,1127.18,1122.99,1125.81
2023-11-17 11:00:00,1125.73,1126.1,1118.88,1119.69
2023-11-17 13:00:00,1117.8,1117.8,1096.19,1101.61
2023-11-17 14:00:00,1100.91,1115.01,1096.16,1101.19
2023-11-20 09:00:00,1101.19,1101.19,1085.32,1094.2
2023-11-20 10:00:00,1094.23,1100.32,1092.81,1095.27
2023-11-20 11:00:00,1095.21,1101.82,1095.21,1100.19
2023-11-20 13:00:00,1099.81,1108.59,1098.98,1108.57
2023-11-20 14:00:00,1108.85,1111.26,1099.12,1103.66
2023-11-21 09:00:00,1103.66,1112.77,1103.66,1107.52
2023-11-21 10:00:00,1107.59,1110.85,1107.22,1109.87
2023-11-21 11:00:00,1109.86,1109.98,1106.13,1106.85
2023-11-21 13:00:00,1106.11,1110.23,1103.79,1108.66
2023-11-21 14:00:00,1108.63,1110.46,1105.97,1110.46
2023-11-22 09:00:00,1110.46,1113.64,1109.47,1112.38
2023-11-22 10:00:00,1112.27,1115.47,1111.07,1112.59
2023-11-22 11:00:00,1112.58,1112.69,1109.16,1109.33
2023-11-22 13:00:00,1108.44,1109.35,1103.26,1106.19
2023-11-22 14:00:00,1106.26,1113.83,1105.08,1113.82
2023-11-23 09:00:00,1113.82,1118.54,1113.82,1116.53
2023-11-23 10:00:00,1116.52,1116.83,1112.64,1113.63
2023-11-23 11:00:00,1113.23,1114.91,1112.52,1113.06
2023-11-23 13:00:00,1113.14,1115.98,1111.81,1112.81
2023-11-23 14:00:00,1112.82,1115.19,1088.49,1088.49
2023-11-24 09:00:00,1088.49,1091.71,1083.11,1085.25
2023-11-24 10:00:00,1085.29,1086.36,1080.07,1081.71
2023-11-24 11:00:00,1081.63,1086.7,1080.66,1086.34
2023-11-24 13:00:00,1085.88,1087.71,1080.06,1084.04
2023-11-24 14:00:00,1083.63,1095.61,1073.31,1095.61
2023-11-27 09:00:00,1095.61,1096.84,1093.09,1094.38
2023-11-27 10:00:00,1094.37,1094.45,1090.05,1090.16
2023-11-27 11:00:00,1090.15,1091.12,1088.78,1090.3
2023-11-27 13:00:00,1089.45,1091.64,1088.23,1090.92
2023-11-27 14:00:00,1091.07,1092.55,1085.69,1088.06
2023-11-28 09:00:00,1088.06,1089.39,1082.84,1084.12
2023-11-28 10:00:00,1084.21,1084.46,1078.91,1080.58
2023-11-28 11:00:00,1080.63,1080.65,1076.45,1078.14
2023-11-28 13:00:00,1077.71,1086.39,1076.73,1084.49
2023-11-28 14:00:00,1084.39,1095.43,1083.63,1095.43
2023-11-29 09:00:00,1095.43,1099.8,1095.43,1099.79
2023-11-29 10:00:00,1099.71,1100.3,1097.04,1098.02
2023-11-29 11:00:00,1098.06,1098.72,1097.29,1098.09
2023-11-29 13:00:00,1097.72,1103.23,1096.33,1101.27
2023-11-29 14:00:00,1101.44,1105.28,1101.29,1102.8
2023-11-30 09:00:00,1101.75,1106.05,1101.61,1105.97
2023-11-30 10:00:00,1106.09,1107.45,1104.15,1104.45
2023-11-30 11:00:00,1104.42,1104.53,1102.02,1103.24
2023-11-30 13:00:00,1102.93,1103.78,1100.19,1102.09
2023-11-30 14:00:00,1102.03,1102.72,1094.13,1094.13
2023-12-01 09:00:00,1094.13,1099.46,1094.13,1097.83
2023-12-01 10:00:00,1097.82,1098.17,1093.16,1093.86
2023-12-01 11:00:00,1094.45,1095.24,1092.99,1093.27
2023-12-01 13:00:00,1093.02,1094.01,1090.08,1092.56
2023-12-01 14:00:00,1092.73,1102.2,1091.97,1102.16
2023-12-04 09:00:00,1102.16,1110.12,1102.16,1107.87
2023-12-04 10:00:00,1107.88,1118.54,1106.62,1116.63
2023-12-04 11:00:00,1116.6,1117.3,1114.17,1114.63
2023-12-04 13:00:00,1115.04,1119.35,1114.44,1119.0
2023-12-04 14:00:00,1119.01,1123.96,1118.29,1120.49
2023-12-05 09:00:00,1120.49,1124.11,1120.21,1122.83
2023-12-05 10:00:00,1122.97,1122.97,1116.75,1117.21
2023-12-05 11:00:00,1117.29,1118.29,1116.6,1116.94
2023-12-05 13:00:00,1117.07,1119.04,1115.34,1117.43
2023-12-05 14:00:00,1117.31,1117.46,1113.55,1115.97
2023-12-06 09:00:00,1115.97,1120.68,1115.97,1118.58
2023-12-06 10:00:00,1118.6,1123.44,1118.46,1122.41
2023-12-06 11:00:00,1122.35,1122.4,1119.47,1119.55
2023-12-06 13:00:00,1119.14,1122.31,1117.93,1121.38
2023-12-06 14:00:00,1121.35,1126.43,1120.67,1126.43
2023-12-07 09:00:00,1126.43,1129.83,1119.67,1121.45
2023-12-07 10:00:00,1121.29,1121.53,1114.07,1114.07
2023-12-07 11:00:00,1114.01,1114.55,1109.51,1111.52
2023-12-07 13:00:00,1110.52,1117.42,1109.89,1116.67
2023-12-07 14:00:00,1116.79,1126.82,1116.7,1121.49
2023-12-08 09:00:00,1121.49,1125.48,1120.97,1120.97
2023-12-08 10:00:00,1121.0,1126.44,1120.94,1125.85
2023-12-08 11:00:00,1125.73,1125.99,1124.06,1124.47
2023-12-08 13:00:00,1124.38,1127.46,1123.6,1126.75
2023-12-08 14:00:00,1126.6,1127.06,1119.43,1124.44
2023-12-11 09:00:00,1124.44,1129.15,1123.68,1125.37
2023-12-11 10:00:00,1125.22,1125.49,1122.71,1123.05
2023-12-11 11:00:00,1123.04,1124.09,1122.87,1123.38
2023-12-11 13:00:00,1122.78,1125.07,1120.32,1123.72
2023-12-11 14:00:00,1123.77,1127.0,1123.77,1125.5
2023-12-12 09:00:00,1125.5,1129.77,1125.5,1126.32
2023-12-12 10:00:00,1126.39,1127.88,1124.46,1124.98
2023-12-12 11:00:00,1125.02,1125.22,1123.35,1124.22
2023-12-12 13:00:00,1124.07,1126.57,1123.45,1125.75
2023-12-12 14:00:00,1125.85,1127.76,1123.73,1127.63
2023-12-13 09:00:00,1127.63,1131.21,1127.63,1128.53
2023-12-13 10:00:00,1128.43,1129.27,1125.13,1125.83
2023-12-13 11:00:00,1125.75,1126.5,1123.94,1124.15
2023-12-13 13:00:00,1124.28,1125.16,1120.62,1120.82
2023-12-13 14:00:00,1120.94,1120.99,1112.08,1114.2
2023-12-14 09:00:00,1114.2,1120.36,1114.2,1116.28
2023-12-14 10:00:00,1116.23,1116.63,1112.19,1114.69
2023-12-14 11:00:00,1114.56,1116.78,1114.32,1115.98
2023-12-14 13:00:00,1116.11,1116.31,1113.41,1113.55
2023-12-14 14:00:00,1113.43,1114.18,1107.86,1110.13
2023-12-15 09:00:00,1110.13,1110.55,1105.55,1108.68
2023-12-15 10:00:00,1108.72,1109.59,1105.6,1106.25
2023-12-15 11:00:00,1106.26,1106.4,1103.06,1104.84
2023-12-15 13:00:00,1104.41,1109.19,1104.0,1107.51
2023-12-15 14:00:00,1107.62,1112.79,1102.3,1102.3
2023-12-18 09:00:00,1102.3,1103.74,1098.08,1100.64
2023-12-18 10:00:00,1100.81,1101.05,1094.84,1094.85
2023-12-18 11:00:00,1094.91,1095.62,1093.43,1094.99
2023-12-18 13:00:00,1094.87,1098.67,1092.46,1096.7
2023-12-18 14:00:00,1096.81,1098.51,1091.45,1091.88
2023-12-19 09:00:00,1091.88,1093.78,1088.6,1091.15
2023-12-19 10:00:00,1091.11,1091.11,1084.76,1085.75
2023-12-19 11:00:00,1086.16,1088.61,1086.07,1087.35
2023-12-19 13:00:00,1087.37,1088.6,1085.32,1085.98
2023-12-19 14:00:00,1085.92,1096.3,1082.29,1096.3
2023-12-20 09:00:00,1096.3,1098.25,1094.59,1094.86
2023-12-20 10:00:00,1094.89,1096.96,1094.47,1094.98
2023-12-20 11:00:00,1095.09,1095.51,1093.69,1094.12
2023-12-20 13:00:00,1093.9,1098.31,1093.38,1096.77
2023-12-20 14:00:00,1096.64,1102.27,1096.54,1100.76
2023-12-21 09:00:00,1100.76,1100.76,1094.47,1097.18
2023-12-21 10:00:00,1097.12,1097.79,1095.25,1097.05
2023-12-21 11:00:00,1097.08,1097.74,1096.56,1096.86
2023-12-21 13:00:00,1096.84,1099.4,1095.51,1098.96
2023-12-21 14:00:00,1098.85,1102.43,1096.97,1102.43
2023-12-22 09:00:00,1102.43,1104.65,1100.62,1101.85
2023-12-22 10:00:00,1101.78,1102.06,1100.08,1100.34
2023-12-22 11:00:00,1100.76,1101.33,1099.32,1100.89
2023-12-22 13:00:00,1101.22,1103.71,1100.13,1101.77
2023-12-22 14:00:00,1102.11,1104.45,1099.59,1103.06
2023-12-25 09:00:00,1103.06,1113.16,1103.06,1110.67
2023-12-25 10:00:00,1110.69,1113.92,1110.35,1112.69
2023-12-25 11:00:00,1112.6,1113.06,1111.94,1112.3
2023-12-25 13:00:00,1112.53,1116.68,1112.1,1116.68
2023-12-25 14:00:00,1116.67,1118.31,1115.77,1117.66
2023-12-26 09:00:00,1117.66,1123.11,1117.66,1121.47
2023-12-26 10:00:00,1121.58,1122.48,1118.86,1120.51
2023-12-26 11:00:00,1120.68,1121.34,1119.43,1120.34
2023-12-26 13:00:00,1120.4,1121.45,1119.59,1120.05
2023-12-26 14:00:00,1119.96,1122.48,1117.93,1122.25
2023-12-27 09:00:00,1122.25,1126.47,1122.25,1124.06
2023-12-27 10:00:00,1124.11,1125.53,1123.47,1123.72
2023-12-27 11:00:00,1123.71,1123.96,1122.47,1122.8
2023-12-27 13:00:00,1122.38,1126.0,1122.2,1125.59
2023-12-27 14:00:00,1125.42,1126.25,1121.99,1121.99
2023-12-28 09:00:00,1121.99,1124.05,1120.5,1123.19
2023-12-28 10:00:00,1122.95,1124.47,1122.82,1123.86
2023-12-28 11:00:00,1123.85,1126.02,1123.41,1125.85
2023-12-28 13:00:00,1125.5,1129.98,1125.3,1128.91
2023-12-28 14:00:00,1128.83,1130.58,1127.5,1128.93
2023-12-29 09:00:00,1128.93,1133.33,1128.93,1132.99
2023-12-29 10:00:00,1133.05,1135.01,1131.63,1134.44
2023-12-29 11:00:00,1134.77,1135.05,1133.96,1134.66
2023-12-29 13:00:00,1134.53,1134.98,1130.87,1131.25
2023-12-29 14:00:00,1131.43,1133.87,1129.93,1129.93
2024-01-02 09:00:00,1129.93,1139.71,1129.93,1139.5
2024-01-02 10:00:00,1139.52,1139.58,1131.02,1131.51
2024-01-02 11:00:00,1131.55,1133.57,1128.69,1131.51
2024-01-02 13:00:00,1130.94,1133.89,1130.44,1133.68
2024-01-02 14:00:00,1133.84,1134.92,1131.62,1131.72
2024-01-03 09:00:00,1131.72,1132.07,1128.32,1130.26
2024-01-03 10:00:00,1130.1,1134.24,1130.1,1134.2
2024-01-03 11:00:00,1134.08,1134.77,1133.68,1134.27
2024-01-03 13:00:00,1134.49,1137.39,1132.93,1137.08
2024-01-03 14:00:00,1137.24,1144.17,1137.13,1144.17
2024-01-04 09:00:00,1145.49,1148.93,1144.32,1147.6
2024-01-04 10:00:00,1147.42,1149.6,1146.85,1149.43
2024-01-04 11:00:00,1149.5,1155.4,1149.38,1154.86
2024-01-04 13:00:00,1154.04,1159.99,1152.59,1157.84
2024-01-04 14:00:00,1157.83,1160.08,1150.72,1150.72
2024-01-05 09:00:00,1150.72,1155.84,1150.72,1153.54
2024-01-05 10:00:00,1153.6,1155.14,1149.08,1150.94
2024-01-05 11:00:00,1150.99,1151.95,1150.13,1151.78
2024-01-05 13:00:00,1150.65,1152.86,1149.18,1150.22
2024-01-05 14:00:00,1150.25,1155.02,1150.24,1154.68
2024-01-08 09:00:00,1154.68,1162.56,1154.68,1160.97
2024-01-08 10:00:00,1161.06,1162.53,1158.7,1158.75
2024-01-08 11:00:00,1158.92,1159.8,1157.64,1157.99
2024-01-08 13:00:00,1157.78,1160.88,1155.48,1160.8
2024-01-08 14:00:00,1160.75,1161.14,1157.93,1160.19
2024-01-09 09:00:00,1160.19,1162.83,1157.29,1161.64
2024-01-09 10:00:00,1161.55,1161.61,1159.28,1160.39
2024-01-09 11:00:00,1160.41,1160.41,1157.31,1157.45
2024-01-09 13:00:00,1157.09,1158.75,1155.46,1155.89
2024-01-09 14:00:00,1155.8,1160.75,1155.56,1158.59
2024-01-10 09:00:00,1158.59,1160.86,1156.68,1160.41
2024-01-10 10:00:00,1160.22,1166.1,1159.99,1163.42
2024-01-10 11:00:00,1163.45,1163.93,1161.24,1161.43
2024-01-10 13:00:00,1160.77,1161.01,1155.94,1160.68
2024-01-10 14:00:00,1160.58,1163.06,1156.7,1161.54
2024-01-11 09:00:00,1161.54,1167.01,1161.54,1166.75
2024-01-11 10:00:00,1166.81,1169.09,1165.12,1169.05
2024-01-11 11:00:00,1169.1,1169.1,1165.64,1165.72
2024-01-11 13:00:00,1165.41,1165.66,1160.3,1161.92
2024-01-11 14:00:00,1161.9,1162.22,1157.43,1162.22
2024-01-12 09:00:00,1162.22,1162.22,1146.75,1150.1
2024-01-12 10:00:00,1150.11,1161.91,1149.13,1158.82
2024-01-12 11:00:00,1158.53,1159.55,1157.6,1159.24
2024-01-12 13:00:00,1158.49,1160.51,1156.44,1159.15
2024-01-12 14:00:00,1159.17,1159.17,1151.09,1154.7
2024-01-15 09:00:00,1154.7,1163.75,1154.7,1159.79
2024-01-15 10:00:00,1159.83,1161.3,1158.02,1158.83
2024-01-15 11:00:00,1158.89,1158.89,1157.22,1157.22
2024-01-15 13:00:00,1156.97,1159.49,1155.81,1159.07
2024-01-15 14:00:00,1159.21,1159.88,1154.12,1154.12
2024-01-16 09:00:00,1154.12,1154.12,1147.71,1150.24
2024-01-16 10:00:00,1150.26,1154.54,1149.39,1154.54
2024-01-16 11:00:00,1154.58,1155.21,1152.97,1154.4
2024-01-16 13:00:00,1153.24,1155.87,1152.46,1153.42
2024-01-16 14:00:00,1153.07,1163.12,1153.07,1163.12
2024-01-17 09:00:00,1161.95,1165.81,1160.45,1165.15
2024-01-17 10:00:00,1165.34,1168.46,1164.52,1167.76
2024-01-17 11:00:00,1167.63,1168.38,1167.43,1167.43
2024-01-17 13:00:00,1167.48,1167.67,1161.65,1164.25
2024-01-17 14:00:00,1163.88,1164.82,1161.09,1162.53
2024-01-18 09:00:00,1162.53,1165.91,1162.53,1165.67
2024-01-18 10:00:00,1165.68,1166.39,1162.62,1163.06
2024-01-18 11:00:00,1163.16,1164.59,1162.98,1164.25
2024-01-18 13:00:00,1163.63,1169.73,1163.27,1167.9
2024-01-18 14:00:00,1167.95,1169.65,1165.75,1169.06
2024-01-19 09:00:00,1171.5,1175.22,1171.47,1174.0
2024-01-19 10:00:00,1174.09,1176.94,1174.04,1175.62
2024-01-19 11:00:00,1175.57,1177.08,1175.54,1176.6
2024-01-19 13:00:00,1176.32,1179.49,1174.46,1176.27
2024-01-19 14:00:00,1176.04,1181.5,1174.93,1181.5
2024-01-22 09:00:00,1181.5,1186.96,1179.1,1179.12
2024-01-22 10:00:00,1179.14,1182.2,1179.07,1180.9
2024-01-22 11:00:00,1180.76,1181.15,1179.03,1179.28
2024-01-22 13:00:00,1178.99,1179.37,1175.54,1178.11
2024-01-22 14:00:00,1178.15,1183.89,1177.35,1182.86
2024-01-23 09:00:00,1182.86,1184.74,1181.11,1181.29
2024-01-23 10:00:00,1181.25,1181.61,1178.37,1178.76
2024-01-23 11:00:00,1178.8,1179.45,1175.62,1176.27
2024-01-23 13:00:00,1175.95,1177.31,1174.04,1176.81
2024-01-23 14:00:00,1176.69,1177.98,1173.78,1177.5
2024-01-24 09:00:00,1177.5,1179.75,1175.37,1177.48
2024-01-24 10:00:00,1177.43,1177.83,1173.6,1173.88
2024-01-24 11:00:00,1173.86,1176.79,1173.64,1176.25
2024-01-24 13:00:00,1176.03,1180.3,1175.78,1175.98
2024-01-24 14:00:00,1175.96,1176.33,1172.0,1172.97
2024-01-25 09:00:00,1172.97,1173.7,1170.19,1170.34
2024-01-25 10:00:00,1170.3,1173.48,1168.84,1171.63
2024-01-25 11:00:00,1171.78,1171.92,1170.39,1170.91
2024-01-25 13:00:00,1170.5,1173.83,1169.88,1169.98
2024-01-25 14:00:00,1169.99,1171.71,1168.5,1170.37
2024-01-26 09:00:00,1170.37,1175.77,1170.37,1174.23
2024-01-26 10:00:00,1174.36,1176.32,1173.53,1174.64
2024-01-26 11:00:00,1174.66,1175.44,1174.18,1175.03
2024-01-26 13:00:00,1174.88,1176.21,1173.49,1173.65
2024-01-26 14:00:00,1173.59,1176.76,1173.57,1175.67
2024-01-29 09:00:00,1175.67,1178.32,1175.67,1177.89
2024-01-29 10:00:00,1177.93,1180.46,1177.93,1178.18
2024-01-29 11:00:00,1178.27,1179.25,1177.69,1178.7
2024-01-29 13:00:00,1178.52,1179.29,1176.85,1177.62
2024-01-29 14:00:00,1177.32,1177.62,1174.88,1175.69
2024-01-30 09:00:00,1175.69,1177.4,1174.84,1176.4
2024-01-30 10:00:00,1176.45,1177.16,1175.62,1176.32
2024-01-30 11:00:00,1176.36,1177.31,1175.4,1175.92
2024-01-30 13:00:00,1175.78,1177.02,1174.13,1176.96
2024-01-30 14:00:00,1176.86,1179.92,1175.84,1179.65
2024-01-31 09:00:00,1179.65,1182.53,1178.6,1178.9
2024-01-31 10:00:00,1178.94,1179.07,1172.31,1174.75
2024-01-31 11:00:00,1174.65,1174.74,1169.98,1170.56
2024-01-31 13:00:00,1170.16,1171.98,1164.9,1167.76
2024-01-31 14:00:00,1167.73,1170.04,1163.13,1164.31
2024-02-01 09:00:00,1164.31,1167.87,1162.45,1165.03
2024-02-01 10:00:00,1164.9,1171.76,1163.94,1171.53
2024-02-01 11:00:00,1171.58,1171.58,1170.4,1171.12
2024-02-01 13:00:00,1170.96,1174.5,1169.82,1172.26
2024-02-01 14:00:00,1172.43,1173.98,1171.02,1173.02
2024-02-02 09:00:00,1173.02,1178.27,1173.02,1176.69
2024-02-02 10:00:00,1176.58,1177.04,1172.23,1174.26
2024-02-02 11:00:00,1174.28,1174.49,1173.41,1173.72
2024-02-02 13:00:00,1173.53,1174.99,1171.53,1172.75
2024-02-02 14:00:00,1172.83,1173.35,1169.7,1172.55
2024-02-05 09:00:00,1172.55,1177.69,1172.55,1177.56
2024-02-05 10:00:00,1177.66,1179.57,1176.99,1177.44
2024-02-05 11:00:00,1177.37,1178.66,1177.37,1178.01
2024-02-05 13:00:00,1177.91,1185.91,1177.14,1185.91
2024-02-05 14:00:00,1185.87,1188.45,1184.78,1186.06
2024-02-06 09:00:00,1186.06,1190.92,1186.06,1187.88
2024-02-06 10:00:00,1187.98,1188.75,1186.68,1188.54
2024-02-06 11:00:00,1188.49,1189.15,1187.97,1188.85
2024-02-06 13:00:00,1188.55,1188.66,1185.68,1186.04
2024-02-06 14:00:00,1186.0,1189.24,1185.7,1188.48
2024-02-07 09:00:00,1188.48,1195.09,1188.48,1194.04
2024-02-07 10:00:00,1193.87,1194.68,1191.93,1193.26
2024-02-07 11:00:00,1193.31,1193.97,1192.74,1192.92
2024-02-07 13:00:00,1192.9,1198.51,1192.17,1198.41
2024-02-07 14:00:00,1198.52,1199.52,1197.09,1198.53
2024-02-15 09:00:00,1203.08,1205.72,1201.43,1203.49
2024-02-15 10:00:00,1203.54,1204.56,1202.58,1203.66
2024-02-15 11:00:00,1203.58,1206.41,1203.53,1205.51
2024-02-15 13:00:00,1205.23,1207.56,1204.04,1206.24
2024-02-15 14:00:00,1206.34,1206.34,1198.81,1202.5
2024-02-16 09:00:00,1202.5,1207.85,1202.5,1206.99
2024-02-16 10:00:00,1207.07,1210.25,1206.68,1208.6
2024-02-16 11:00:00,1208.54,1208.54,1205.54,1206.02
2024-02-16 13:00:00,1206.19,1209.01,1205.33,1207.88
2024-02-16 14:00:00,1207.56,1209.7,1206.34,1209.7
2024-02-19 09:00:00,1209.7,1215.63,1209.7,1215.58
2024-02-19 10:00:00,1215.51,1219.21,1213.65,1215.17
2024-02-19 11:00:00,1215.28,1215.9,1214.07,1214.12
2024-02-19 13:00:00,1213.78,1220.65,1212.7,1220.35
2024-02-19 14:00:00,1220.5,1225.48,1220.2,1224.97
2024-02-20 09:00:00,1224.97,1228.08,1222.66,1226.25
2024-02-20 10:00:00,1226.18,1229.41,1225.12,1228.6
2024-02-20 11:00:00,1228.49,1228.91,1226.35,1226.75
2024-02-20 13:00:00,1226.18,1228.07,1223.18,1227.4
2024-02-20 14:00:00,1227.04,1230.47,1224.38,1230.06
2024-02-21 09:00:00,1230.06,1231.78,1223.43,1230.76
2024-02-21 10:00:00,1230.77,1234.22,1227.73,1229.2
2024-02-21 11:00:00,1229.23,1229.35,1225.03,1225.1
2024-02-21 13:00:00,1224.31,1228.38,1222.92,1228.33
2024-02-21 14:00:00,1228.56,1233.98,1228.17,1230.04
2024-02-22 09:00:00,1230.04,1231.05,1227.58,1230.94
2024-02-22 10:00:00,1230.95,1230.98,1226.15,1228.01
2024-02-22 11:00:00,1228.0,1229.95,1227.93,1229.52
2024-02-22 13:00:00,1229.47,1232.09,1226.71,1227.23
2024-02-22 14:00:00,1227.55,1230.79,1226.91,1227.31
2024-02-23 09:00:00,1227.31,1233.03,1227.22,1227.41
2024-02-23 10:00:00,1227.29,1238.81,1227.18,1236.08
2024-02-23 11:00:00,1236.11,1237.24,1235.51,1236.82
2024-02-23 13:00:00,1236.4,1240.81,1231.33,1232.45
2024-02-23 14:00:00,1232.73,1232.75,1211.55,1212.0
2024-02-26 09:00:00,1212.0,1220.68,1210.52,1215.0
2024-02-26 10:00:00,1215.19,1221.15,1215.06,1217.56
2024-02-26 11:00:00,1217.54,1217.91,1215.26,1215.85
2024-02-26 13:00:00,1215.61,1222.36,1215.02,1220.93
2024-02-26 14:00:00,1221.07,1225.21,1220.94,1224.17
2024-02-27 09:00:00,1224.17,1232.24,1224.17,1232.1
2024-02-27 10:00:00,1232.13,1233.65,1230.61,1232.13
2024-02-27 11:00:00,1232.15,1232.34,1229.2,1229.5
2024-02-27 13:00:00,1228.74,1232.68,1227.14,1231.25
2024-02-27 14:00:00,1231.38,1237.6,1230.73,1237.46
2024-02-28 09:00:00,1237.46,1243.79,1236.32,1240.47
2024-02-28 10:00:00,1240.54,1241.17,1237.54,1238.7
2024-02-28 11:00:00,1238.56,1239.61,1237.65,1239.61
2024-02-28 13:00:00,1239.24,1253.53,1238.73,1250.07
2024-02-28 14:00:00,1250.46,1254.55,1247.09,1254.55
2024-02-29 09:00:00,1254.55,1264.39,1254.55,1259.35
2024-02-29 10:00:00,1259.36,1259.62,1253.25,1257.76
2024-02-29 11:00:00,1257.75,1257.83,1250.78,1251.14
2024-02-29 13:00:00,1250.61,1255.61,1247.7,1252.0
2024-02-29 14:00:00,1251.71,1255.52,1249.57,1252.73
2024-03-01 09:00:00,1256.72,1256.95,1251.08,1251.11
2024-03-01 10:00:00,1251.19,1255.42,1248.38,1255.32
2024-03-01 11:00:00,1255.43,1255.91,1253.2,1253.81
2024-03-01 13:00:00,1253.24,1255.86,1251.18,1252.04
2024-03-01 14:00:00,1252.23,1258.76,1247.87,1258.28
2024-03-04 09:00:00,1258.28,1264.48,1258.28,1261.59
2024-03-04 10:00:00,1261.69,1262.26,1256.54,1259.66
2024-03-04 11:00:00,1259.74,1264.11,1259.74,1262.41
2024-03-04 13:00:00,1261.85,1266.69,1260.95,1266.69
2024-03-04 14:00:00,1266.81,1268.25,1258.6,1261.41
2024-03-05 09:00:00,1261.41,1263.58,1258.91,1262.01
2024-03-05 10:00:00,1261.93,1261.93,1257.85,1258.24
2024-03-05 11:00:00,1258.52,1261.17,1258.15,1260.44
2024-03-05 13:00:00,1259.96,1262.28,1257.81,1262.28
2024-03-05 14:00:00,1262.23,1269.98,1260.61,1269.98
2024-03-06 09:00:00,1269.98,1277.51,1269.21,1273.88
2024-03-06 10:00:00,1273.71,1274.98,1267.76,1270.97
2024-03-06 11:00:00,1270.9,1271.42,1262.66,1263.83
2024-03-06 13:00:00,1263.11,1264.06,1256.3,1257.84
2024-03-06 14:00:00,1256.84,1265.21,1256.31,1262.73
2024-03-07 09:00:00,1262.73,1266.8,1260.41,1262.56
2024-03-07 10:00:00,1262.57,1268.68,1262.11,1265.28
2024-03-07 11:00:00,1265.32,1265.42,1261.36,1261.77
2024-03-07 13:00:00,1261.39,1269.88,1260.24,1265.81
2024-03-07 14:00:00,1265.9,1269.61,1264.41,1268.46
2024-03-08 09:00:00,1268.46,1274.3,1257.74,1261.46
2024-03-08 10:00:00,1261.47,1262.61,1253.97,1258.6
2024-03-08 11:00:00,1258.7,1262.75,1257.23,1257.23
2024-03-08 13:00:00,1256.72,1258.19,1250.35,1255.83
2024-03-08 14:00:00,1256.24,1261.99,1247.35,1247.35
2024-03-11 09:00:00,1247.35,1254.01,1245.24,1253.89
2024-03-11 10:00:00,1253.85,1253.86,1247.01,1249.66
2024-03-11 11:00:00,1249.57,1252.33,1248.59,1251.93
2024-03-11 13:00:00,1251.47,1252.16,1244.9,1245.48
2024-03-11 14:00:00,1245.62,1246.74,1233.49,1235.49
2024-03-12 09:00:00,1235.49,1240.41,1233.14,1238.52
2024-03-12 10:00:00,1238.58,1242.42,1237.66,1239.57
2024-03-12 11:00:00,1239.67,1243.76,1239.65,1243.55
2024-03-12 13:00:00,1243.59,1248.33,1240.87,1241.94
2024-03-12 14:00:00,1242.12,1246.91,1241.69,1245.0
2024-03-13 09:00:00,1245.0,1252.48,1245.0,1252.48
2024-03-13 10:00:00,1252.36,1258.18,1251.51,1256.33
2024-03-13 11:00:00,1256.23,1258.39,1255.34,1258.01
2024-03-13 13:00:00,1257.88,1262.45,1254.49,1260.41
2024-03-13 14:00:00,1260.34,1270.51,1260.15,1270.51
2024-03-14 09:00:00,1270.51,1276.41,1268.37,1272.19
2024-03-14 10:00:00,1272.18,1275.35,1270.78,1272.82
2024-03-14 11:00:00,1272.75,1274.71,1272.57,1272.66
2024-03-14 13:00:00,1271.95,1272.28,1264.26,1267.24
2024-03-14 14:00:00,1267.33,1267.33,1258.67,1264.26
2024-03-15 09:00:00,1264.26,1264.59,1257.67,1264.46
2024-03-15 10:00:00,1264.6,1266.8,1262.08,1262.18
2024-03-15 11:00:00,1262.07,1262.34,1257.68,1257.68
2024-03-15 13:00:00,1256.95,1260.68,1252.36,1260.47
2024-03-15 14:00:00,1260.72,1271.63,1255.42,1263.78
2024-03-18 09:00:00,1263.78,1269.9,1258.73,1258.84
2024-03-18 10:00:00,1258.72,1258.83,1232.44,1238.68
2024-03-18 11:00:00,1238.82,1238.82,1221.67,1227.87
2024-03-18 13:00:00,1226.5,1243.9,1226.17,1241.65
2024-03-18 14:00:00,1242.29,1244.05,1236.65,1243.56
2024-03-19 09:00:00,1246.54,1249.75,1238.92,1241.1
2024-03-19 10:00:00,1241.13,1245.2,1240.23,1242.74
2024-03-19 11:00:00,1242.66,1246.85,1242.54,1246.34
2024-03-19 13:00:00,1246.3,1246.79,1241.65,1243.13
2024-03-19 14:00:00,1243.1,1243.59,1239.43,1242.46
2024-03-20 09:00:00,1242.46,1244.2,1239.11,1240.0
2024-03-20 10:00:00,1240.02,1252.9,1235.46,1251.3
2024-03-20 11:00:00,1251.22,1253.38,1248.67,1248.72
2024-03-20 13:00:00,1248.55,1257.41,1247.03,1254.55
2024-03-20 14:00:00,1254.92,1261.55,1253.15,1260.08
2024-03-21 09:00:00,1260.08,1272.61,1260.08,1268.16
2024-03-21 10:00:00,1268.12,1269.82,1265.71,1267.98
2024-03-21 11:00:00,1268.12,1273.01,1267.95,1270.78
2024-03-21 13:00:00,1270.25,1270.87,1265.98,1267.59
2024-03-21 14:00:00,1267.45,1276.42,1267.45,1276.42
2024-03-22 09:00:00,1276.42,1291.27,1276.42,1284.65
2024-03-22 10:00:00,1284.49,1285.67,1280.09,1282.99
2024-03-22 11:00:00,1282.96,1284.94,1282.68,1284.7
2024-03-22 13:00:00,1283.9,1286.38,1280.87,1283.96
2024-03-22 14:00:00,1283.98,1284.32,1276.38,1281.8
2024-03-25 09:00:00,1281.8,1285.59,1276.32,1285.56
2024-03-25 10:00:00,1285.54,1286.84,1282.59,1284.27
2024-03-25 11:00:00,1284.16,1284.42,1283.08,1283.52
2024-03-25 13:00:00,1282.61,1283.24,1274.68,1277.28
2024-03-25 14:00:00,1277.18,1277.28,1264.51,1267.86
2024-03-26 09:00:00,1267.86,1271.77,1264.42,1269.82
2024-03-26 10:00:00,1269.94,1274.44,1269.5,1274.31
2024-03-26 11:00:00,1274.27,1277.05,1274.08,1276.1
2024-03-26 13:00:00,1275.83,1280.71,1274.44,1280.69
2024-03-26 14:00:00,1280.55,1282.5,1278.43,1282.21
2024-03-27 09:00:00,1282.21,1286.72,1282.21,1283.18
2024-03-27 10:00:00,1283.29,1283.65,1279.43,1280.3
2024-03-27 11:00:00,1279.8,1280.47,1278.07,1278.65
2024-03-27 13:00:00,1278.55,1282.11,1276.95,1281.46
2024-03-27 14:00:00,1281.56,1284.42,1279.74,1283.09
2024-03-28 09:00:00,1283.09,1293.9,1283.09,1292.72
2024-03-28 10:00:00,1292.71,1292.81,1288.68,1289.02
2024-03-28 11:00:00,1289.08,1289.4,1288.05,1288.96
2024-03-28 13:00:00,1288.55,1290.11,1285.52,1285.83
2024-03-28 14:00:00,1285.79,1291.25,1285.52,1290.18
2024-03-29 09:00:00,1290.18,1293.04,1286.68,1286.98
2024-03-29 10:00:00,1286.93,1287.82,1284.19,1285.32
2024-03-29 11:00:00,1285.36,1285.63,1283.16,1284.02
2024-03-29 13:00:00,1283.0,1287.24,1282.44,1287.15
2024-03-29 14:00:00,1287.46,1288.48,1283.66,1284.09
2024-04-01 09:00:00,1284.09,1286.8,1280.16,1286.23
2024-04-01 10:00:00,1286.22,1286.8,1278.13,1279.83
2024-04-01 11:00:00,1279.81,1279.81,1274.09,1276.8
2024-04-01 13:00:00,1276.5,1280.37,1274.6,1280.25
2024-04-01 14:00:00,1280.46,1283.63,1278.5,1281.52
2024-04-02 09:00:00,1281.52,1281.52,1269.92,1273.4
2024-04-02 10:00:00,1273.34,1275.69,1268.48,1270.07
2024-04-02 11:00:00,1270.2,1277.14,1270.18,1275.76
2024-04-02 13:00:00,1276.04,1280.95,1274.49,1280.05
2024-04-02 14:00:00,1279.97,1287.04,1278.12,1287.04
2024-04-03 09:00:00,1287.04,1287.52,1282.87,1286.62
2024-04-03 10:00:00,1286.53,1288.99,1283.16,1283.33
2024-04-03 11:00:00,1283.29,1283.55,1280.5,1281.92
2024-04-03 13:00:00,1281.38,1283.91,1278.97,1279.77
2024-04-03 14:00:00,1279.81,1282.23,1271.47,1271.47
2024-04-04 09:00:00,1271.47,1277.62,1270.9,1273.02
2024-04-04 10:00:00,1272.98,1275.55,1267.69,1269.21
2024-04-04 11:00:00,1269.12,1270.44,1267.08,1267.08
2024-04-04 13:00:00,1266.83,1274.17,1265.12,1270.83
2024-04-04 14:00:00,1271.05,1274.46,1268.25,1268.25
2024-04-05 09:00:00,1268.25,1268.25,1253.61,1258.09
2024-04-05 10:00:00,1258.24,1258.25,1253.56,1257.1
2024-04-05 11:00:00,1257.32,1260.15,1256.96,1259.37
2024-04-05 13:00:00,1259.83,1264.44,1258.89,1259.0
2024-04-05 14:00:00,1259.06,1265.14,1255.11,1255.11
2024-04-08 09:00:00,1255.11,1257.01,1249.83,1250.07
2024-04-08 10:00:00,1250.14,1254.66,1246.87,1251.92
2024-04-08 11:00:00,1251.87,1252.92,1250.96,1252.14
2024-04-08 13:00:00,1252.3,1258.34,1250.43,1258.03
2024-04-08 14:00:00,1258.34,1258.4,1250.35,1250.35
2024-04-09 09:00:00,1252.4,1254.81,1251.25,1252.53
2024-04-09 10:00:00,1252.62,1252.63,1247.7,1249.5
2024-04-09 11:00:00,1249.66,1253.28,1249.18,1253.08
2024-04-09 13:00:00,1253.18,1255.64,1252.55,1254.26
2024-04-09 14:00:00,1254.65,1262.82,1254.47,1262.82
2024-04-10 09:00:00,1262.82,1268.72,1262.82,1266.61
2024-04-10 10:00:00,1266.51,1267.88,1263.83,1263.95
2024-04-10 11:00:00,1264.14,1264.65,1263.44,1264.33
2024-04-10 13:00:00,1264.11,1265.73,1259.88,1260.28
2024-04-10 14:00:00,1260.32,1264.63,1258.56,1258.56
2024-04-11 09:00:00,1258.56,1258.56,1248.11,1252.27
2024-04-11 10:00:00,1252.42,1256.02,1252.21,1253.56
2024-04-11 11:00:00,1253.54,1253.78,1251.36,1253.45
2024-04-11 13:00:00,1253.19,1261.22,1252.57,1258.02
2024-04-11 14:00:00,1257.98,1262.03,1257.38,1258.2
2024-04-12 09:00:00,1258.2,1265.49,1258.2,1260.77
2024-04-12 10:00:00,1260.52,1262.05,1259.5,1261.49
2024-04-12 11:00:00,1261.51,1265.19,1260.96,1264.15
2024-04-12 13:00:00,1264.2,1271.34,1263.42,1268.67
2024-04-12 14:00:00,1268.74,1278.39,1267.61,1276.6
2024-04-15 09:00:00,1276.6,1281.81,1272.62,1273.12
2024-04-15 10:00:00,1273.18,1273.26,1267.94,1271.4
2024-04-15 11:00:00,1271.46,1272.4,1269.43,1270.17
2024-04-15 13:00:00,1269.78,1272.22,1264.22,1264.63
2024-04-15 14:00:00,1264.73,1266.67,1216.61,1216.61
2024-04-16 09:00:00,1216.61,1222.45,1205.83,1215.79
2024-04-16 10:00:00,1215.84,1219.18,1209.72,1212.41
2024-04-16 11:00:00,1211.78,1211.78,1206.97,1206.97
2024-04-16 13:00:00,1205.48,1211.89,1191.73,1207.77
2024-04-16 14:00:00,1208.07,1215.68,1202.77,1215.68
2024-04-17 09:00:00,1215.68,1221.47,1215.68,1218.69
2024-04-17 10:00:00,1218.76,1218.94,1210.46,1210.52
2024-04-17 11:00:00,1210.6,1211.88,1209.52,1211.63
2024-04-17 13:00:00,1211.13,1211.85,1202.55,1204.77
2024-04-17 14:00:00,1204.79,1204.93,1193.01,1193.01
2024-04-19 09:00:00,1193.01,1193.01,1174.24,1182.47
2024-04-19 10:00:00,1182.42,1182.77,1172.45,1175.56
2024-04-19 11:00:00,1175.64,1177.04,1169.41,1169.93
2024-04-19 13:00:00,1168.19,1186.26,1165.99,1185.98
2024-04-19 14:00:00,1186.28,1190.96,1174.85,1174.85
2024-04-22 09:00:00,1174.85,1188.07,1174.85,1185.98
2024-04-22 10:00:00,1186.05,1190.28,1184.48,1189.95
2024-04-22 11:00:00,1189.98,1189.98,1182.7,1182.77
2024-04-22 13:00:00,1182.14,1189.94,1181.13,1189.94
2024-04-22 14:00:00,1190.01,1193.88,1187.33,1190.22
2024-04-23 09:00:00,1190.22,1192.8,1188.23,1190.46
2024-04-23 10:00:00,1190.57,1190.63,1184.02,1187.24
2024-04-23 11:00:00,1187.22,1187.51,1183.04,1184.27
2024-04-23 13:00:00,1183.51,1186.42,1181.84,1183.98
2024-04-23 14:00:00,1184.04,1184.15,1169.61,1177.4
2024-04-24 09:00:00,1177.4,1195.63,1177.4,1193.51
2024-04-24 10:00:00,1193.43,1197.3,1191.83,1197.02
2024-04-24 11:00:00,1196.98,1197.19,1195.84,1197.03
2024-04-24 13:00:00,1197.38,1203.38,1197.13,1202.18
2024-04-24 14:00:00,1202.38,1207.61,1201.42,1205.61
2024-04-25 09:00:00,1205.61,1207.52,1200.9,1206.96
2024-04-25 10:00:00,1207.06,1207.28,1202.43,1203.07
2024-04-25 11:00:00,1203.09,1204.27,1201.76,1203.94
2024-04-25 13:00:00,1203.39,1208.41,1200.67,1205.67
2024-04-25 14:00:00,1205.88,1205.93,1200.21,1204.97
2024-04-26 09:00:00,1204.97,1207.31,1198.73,1207.23
2024-04-26 10:00:00,1207.3,1216.6,1207.3,1213.06
2024-04-26 11:00:00,1213.2,1213.2,1208.48,1208.61
2024-04-26 13:00:00,1207.83,1208.62,1203.2,1205.89
2024-04-26 14:00:00,1205.83,1210.81,1203.95,1209.52
2024-05-02 09:00:00,1212.13,1213.79,1207.28,1211.81
2024-05-02 10:00:00,1211.82,1214.39,1206.57,1207.82
2024-05-02 11:00:00,1208.06,1208.66,1206.77,1207.95
2024-05-02 13:00:00,1207.07,1211.99,1206.28,1211.44
2024-05-02 14:00:00,1211.32,1216.36,1210.75,1216.36
2024-05-03 09:00:00,1216.36,1225.75,1216.36,1221.89
2024-05-03 10:00:00,1221.86,1225.29,1220.82,1223.76
2024-05-03 11:00:00,1223.89,1224.12,1223.22,1223.44
2024-05-03 13:00:00,1223.56,1224.72,1220.86,1224.01
2024-05-03 14:00:00,1224.19,1224.36,1218.33,1221.03
2024-05-06 09:00:00,1221.03,1228.51,1221.03,1227.33
2024-05-06 10:00:00,1227.3,1235.67,1227.25,1235.67
2024-05-06 11:00:00,1235.64,1236.27,1235.07,1235.48
2024-05-06 13:00:00,1235.4,1236.35,1233.18,1236.03
2024-05-06 14:00:00,1236.15,1241.58,1235.96,1241.58
2024-05-07 09:00:00,1241.58,1246.25,1241.58,1243.86
2024-05-07 10:00:00,1244.01,1246.43,1240.09,1245.69
2024-05-07 11:00:00,1245.55,1245.57,1244.17,1244.48
2024-05-07 13:00:00,1244.52,1247.17,1243.96,1245.37
2024-05-07 14:00:00,1245.1,1250.63,1244.79,1248.63
2024-05-08 09:00:00,1248.63,1248.63,1234.76,1247.36
2024-05-08 10:00:00,1247.3,1251.62,1244.9,1250.66
2024-05-08 11:00:00,1250.75,1250.9,1246.57,1247.2
2024-05-08 13:00:00,1246.86,1246.86,1241.66,1243.79
2024-05-08 14:00:00,1244.24,1250.46,1243.61,1250.46
2024-05-09 09:00:00,1250.46,1256.3,1250.46,1254.76
2024-05-09 10:00:00,1254.66,1256.8,1249.61,1250.02
2024-05-09 11:00:00,1250.04,1251.75,1245.53,1245.59
2024-05-09 13:00:00,1244.9,1252.39,1243.29,1250.22
2024-05-09 14:00:00,1250.47,1253.54,1247.09,1248.64
2024-05-10 09:00:00,1248.64,1252.5,1247.03,1249.12
2024-05-10 10:00:00,1248.96,1250.71,1244.01,1244.14
2024-05-10 11:00:00,1244.2,1244.21,1239.47,1240.01
2024-05-10 13:00:00,1239.48,1244.76,1237.46,1241.41
2024-05-10 14:00:00,1241.5,1246.39,1240.69,1244.7
2024-05-13 09:00:00,1244.7,1249.2,1244.7,1246.23
2024-05-13 10:00:00,1246.18,1246.28,1241.15,1241.83
2024-05-13 11:00:00,1241.87,1242.46,1239.69,1240.34
2024-05-13 13:00:00,1239.5,1242.23,1237.68,1241.6
2024-05-13 14:00:00,1241.51,1242.11,1233.56,1240.18
2024-05-14 09:00:00,1240.18,1251.7,1240.18,1251.7
2024-05-14 10:00:00,1251.56,1252.52,1244.25,1244.25
2024-05-14 11:00:00,1244.3,1244.72,1243.55,1243.98
2024-05-14 13:00:00,1243.8,1244.29,1240.88,1241.71
2024-05-14 14:00:00,1241.62,1245.47,1241.53,1243.28
2024-05-15 09:00:00,1243.28,1250.95,1243.28,1248.9
2024-05-15 10:00:00,1248.75,1251.43,1248.43,1250.59
2024-05-15 11:00:00,1250.58,1253.02,1250.53,1252.9
2024-05-15 13:00:00,1252.89,1257.92,1252.82,1255.66
2024-05-15 14:00:00,1255.78,1256.36,1252.91,1254.39
2024-05-16 09:00:00,1254.39,1266.76,1254.39,1265.79
2024-05-16 10:00:00,1265.5,1269.62,1265.25,1267.83
2024-05-16 11:00:00,1267.85,1268.1,1266.66,1267.77
2024-05-16 13:00:00,1267.18,1269.0,1265.18,1266.22
2024-05-16 14:00:00,1266.2,1271.66,1265.39,1268.78
2024-05-17 09:00:00,1268.78,1272.17,1266.32,1272.07
2024-05-17 10:00:00,1272.42,1272.75,1268.96,1269.72
2024-05-17 11:00:00,1269.7,1274.27,1269.55,1274.27
2024-05-17 13:00:00,1273.99,1274.26,1269.62,1269.75
2024-05-17 14:00:00,1269.95,1273.11,1268.39,1273.11
2024-05-20 09:00:00,1273.11,1285.19,1273.11,1283.47
2024-05-20 10:00:00,1283.63,1284.1,1281.72,1282.8
2024-05-20 11:00:00,1282.81,1282.81,1278.35,1278.76
2024-05-20 13:00:00,1278.44,1282.11,1277.36,1281.13
2024-05-20 14:00:00,1281.08,1282.06,1277.58,1277.58
2024-05-21 09:00:00,1277.58,1281.29,1275.49,1275.59
2024-05-21 10:00:00,1275.62,1280.06,1273.99,1276.66
2024-05-21 11:00:00,1276.86,1276.93,1274.66,1275.02
2024-05-21 13:00:00,1274.56,1275.38,1271.21,1272.32
2024-05-21 14:00:00,1272.3,1277.14,1267.29,1277.14
2024-05-22 09:00:00,1277.14,1283.06,1277.14,1278.86
2024-05-22 10:00:00,1278.84,1280.65,1277.81,1277.97
2024-05-22 11:00:00,1278.14,1278.18,1273.71,1275.4
2024-05-22 13:00:00,1275.09,1276.24,1271.16,1272.58
2024-05-22 14:00:00,1272.82,1273.01,1263.87,1266.91
2024-05-23 09:00:00,1266.91,1271.04,1263.09,1269.28
2024-05-23 10:00:00,1269.05,1269.53,1266.43,1268.8
2024-05-23 11:00:00,1268.61,1269.01,1262.88,1264.35
2024-05-23 13:00:00,1263.87,1272.22,1262.29,1272.22
2024-05-23 14:00:00,1272.4,1281.03,1272.07,1281.03
2024-05-24 09:00:00,1281.03,1281.88,1272.96,1281.88
2024-05-24 10:00:00,1282.19,1285.07,1280.18,1283.17
2024-05-24 11:00:00,1283.22,1283.27,1270.79,1272.53
2024-05-24 13:00:00,1272.19,1272.63,1263.04,1264.66
2024-05-24 14:00:00,1264.93,1266.94,1250.28,1261.93
2024-05-27 09:00:00,1263.46,1267.1,1258.2,1266.21
2024-05-27 10:00:00,1266.09,1266.21,1261.57,1263.58
2024-05-27 11:00:00,1263.67,1264.29,1263.1,1263.99
2024-05-27 13:00:00,1263.53,1264.48,1257.27,1259.25
2024-05-27 14:00:00,1259.38,1267.68,1259.38,1267.68
2024-05-28 09:00:00,1267.68,1275.29,1267.68,1274.29
2024-05-28 10:00:00,1274.39,1274.45,1269.37,1272.2
2024-05-28 11:00:00,1272.08,1272.94,1271.3,1272.47
2024-05-28 13:00:00,1272.45,1275.06,1270.28,1271.43
2024-05-28 14:00:00,1271.21,1281.73,1271.21,1281.73
2024-05-29 09:00:00,1281.73,1285.63,1280.76,1281.26
2024-05-29 10:00:00,1281.23,1281.43,1276.62,1278.69
2024-05-29 11:00:00,1278.6,1279.56,1277.87,1278.48
2024-05-29 13:00:00,1278.13,1282.62,1277.75,1281.85
2024-05-29 14:00:00,1281.97,1282.28,1271.6,1272.64
2024-05-30 09:00:00,1272.64,1272.64,1263.96,1267.21
2024-05-30 10:00:00,1267.36,1268.24,1260.09,1262.41
2024-05-30 11:00:00,1262.47,1263.13,1256.46,1256.83
2024-05-30 13:00:00,1255.71,1261.74,1251.8,1260.25
2024-05-30 14:00:00,1260.18,1268.78,1256.83,1266.32
2024-05-31 09:00:00,1266.32,1270.76,1265.22,1265.22
2024-05-31 10:00:00,1265.28,1271.07,1265.02,1267.84
2024-05-31 11:00:00,1267.8,1268.14,1265.93,1266.25
2024-05-31 13:00:00,1266.31,1268.53,1264.17,1266.72
2024-05-31 14:00:00,1266.85,1266.96,1261.43,1261.72
2024-06-03 09:00:00,1261.72,1274.91,1261.72,1274.04
2024-06-03 10:00:00,1273.95,1279.27,1273.81,1278.58
2024-06-03 11:00:00,1278.4,1284.48,1278.31,1283.92
2024-06-03 13:00:00,1284.35,1284.35,1281.53,1281.95
2024-06-03 14:00:00,1281.85,1283.07,1279.13,1280.0
2024-06-04 09:00:00,1280.0,1289.31,1280.0,1288.82
2024-06-04 10:00:00,1288.84,1288.89,1284.26,1285.85
2024-06-04 11:00:00,1285.83,1287.84,1285.6,1287.65
2024-06-04 13:00:00,1288.07,1288.94,1282.53,1282.87
2024-06-04 14:00:00,1282.72,1285.66,1282.08,1283.52
2024-06-05 09:00:00,1283.52,1293.1,1283.52,1292.6
2024-06-05 10:00:00,1292.67,1293.93,1290.75,1291.03
2024-06-05 11:00:00,1291.0,1292.01,1289.71,1291.93
2024-06-05 13:00:00,1291.57,1291.57,1289.4,1291.22
2024-06-05 14:00:00,1291.15,1292.15,1284.35,1284.35
2024-06-06 09:00:00,1288.79,1292.02,1287.4,1290.23
2024-06-06 10:00:00,1290.47,1290.47,1287.06,1287.52
2024-06-06 11:00:00,1287.4,1289.28,1287.24,1288.8
2024-06-06 13:00:00,1289.01,1291.34,1285.21,1285.24
2024-06-06 14:00:00,1285.46,1287.19,1278.4,1283.56
2024-06-07 09:00:00,1283.56,1293.03,1283.56,1287.88
2024-06-07 10:00:00,1287.96,1288.18,1285.62,1287.85
2024-06-07 11:00:00,1287.86,1289.3,1287.86,1288.31
2024-06-07 13:00:00,1288.27,1289.57,1285.07,1285.64
2024-06-07 14:00:00,1285.84,1287.86,1283.13,1287.58
2024-06-10 09:00:00,1287.58,1297.39,1287.58,1294.01
2024-06-10 10:00:00,1294.12,1295.45,1292.61,1295.04
2024-06-10 11:00:00,1295.01,1295.37,1292.3,1292.95
2024-06-10 13:00:00,1293.13,1293.75,1290.94,1291.94
2024-06-10 14:00:00,1291.88,1292.41,1287.44,1290.67
2024-06-11 09:00:00,1290.67,1296.41,1289.28,1289.49
2024-06-11 10:00:00,1289.53,1291.55,1285.84,1286.55
2024-06-11 11:00:00,1286.59,1287.49,1284.9,1284.92
2024-06-11 13:00:00,1284.36,1284.96,1279.47,1282.08
2024-06-11 14:00:00,1282.17,1285.0,1281.33,1284.41
2024-06-12 09:00:00,1284.41,1286.38,1282.11,1284.68
2024-06-12 10:00:00,1284.7,1285.16,1281.71,1281.87
2024-06-12 11:00:00,1281.91,1284.61,1281.91,1284.32
2024-06-12 13:00:00,1284.17,1289.51,1282.61,1288.51
2024-06-12 14:00:00,1288.61,1301.35,1288.41,1300.19
2024-06-13 09:00:00,1305.69,1306.01,1299.39,1299.39
2024-06-13 10:00:00,1299.49,1302.9,1299.36,1300.53
2024-06-13 11:00:00,1300.61,1301.59,1300.04,1301.27
2024-06-13 13:00:00,1300.78,1301.04,1297.6,1300.16
2024-06-13 14:00:00,1300.36,1304.84,1300.17,1301.51
2024-06-14 09:00:00,1301.51,1305.02,1300.23,1303.55
2024-06-14 10:00:00,1303.38,1304.97,1300.81,1301.06
2024-06-14 11:00:00,1301.01,1301.55,1300.2,1301.3
2024-06-14 13:00:00,1300.65,1304.21,1299.22,1299.22
2024-06-14 14:00:00,1299.48,1299.85,1279.91,1279.91
2024-06-17 09:00:00,1279.91,1282.08,1274.43,1276.59
2024-06-17 10:00:00,1276.62,1283.1,1276.45,1279.09
2024-06-17 11:00:00,1278.9,1279.04,1276.28,1276.31
2024-06-17 13:00:00,1276.23,1280.23,1272.54,1276.05
2024-06-17 14:00:00,1276.23,1278.02,1274.05,1274.77
2024-06-18 09:00:00,1274.77,1282.03,1274.77,1280.89
2024-06-18 10:00:00,1281.0,1284.76,1280.91,1284.19
2024-06-18 11:00:00,1284.18,1284.49,1283.44,1284.23
2024-06-18 13:00:00,1283.99,1286.52,1281.12,1286.05
2024-06-18 14:00:00,1286.2,1286.5,1279.5,1279.5
2024-06-19 09:00:00,1279.5,1283.29,1278.0,1278.04
2024-06-19 10:00:00,1278.03,1278.18,1273.98,1274.7
2024-06-19 11:00:00,1274.69,1275.42,1270.89,1271.91
2024-06-19 13:00:00,1271.83,1278.8,1270.66,1276.15
2024-06-19 14:00:00,1276.27,1284.14,1275.96,1279.79
2024-06-20 09:00:00,1279.79,1286.54,1279.79,1284.86
2024-06-20 10:00:00,1285.15,1285.83,1279.42,1280.23
2024-06-20 11:00:00,1280.09,1280.77,1278.44,1278.89
2024-06-20 13:00:00,1278.71,1280.86,1273.54,1275.86
2024-06-20 14:00:00,1275.79,1284.97,1275.52,1282.3
2024-06-21 09:00:00,1282.3,1285.11,1280.55,1284.25
2024-06-21 10:00:00,1284.33,1288.06,1284.01,1286.28
2024-06-21 11:00:00,1286.29,1287.77,1286.25,1286.8
2024-06-21 13:00:00,1286.65,1286.67,1282.44,1283.3
2024-06-21 14:00:00,1283.45,1285.63,1279.44,1282.02
2024-06-24 09:00:00,1282.02,1284.84,1280.98,1281.11
2024-06-24 10:00:00,1281.0,1281.0,1260.95,1263.21
2024-06-24 11:00:00,1263.25,1266.62,1263.25,1263.99
2024-06-24 13:00:00,1262.87,1263.17,1256.57,1261.97
2024-06-24 14:00:00,1262.12,1265.98,1252.66,1254.12
2024-06-25 09:00:00,1254.12,1260.07,1254.11,1258.82
2024-06-25 10:00:00,1258.78,1259.7,1255.78,1256.69
2024-06-25 11:00:00,1256.72,1257.35,1251.96,1251.96
2024-06-25 13:00:00,1251.28,1259.62,1250.25,1255.21
2024-06-25 14:00:00,1255.19,1258.4,1250.98,1256.56
2024-06-26 09:00:00,1256.56,1262.67,1256.56,1260.77
2024-06-26 10:00:00,1260.67,1260.83,1254.5,1254.6
2024-06-26 11:00:00,1254.49,1254.7,1247.55,1251.25
2024-06-26 13:00:00,1251.3,1256.31,1249.81,1256.27
2024-06-26 14:00:00,1256.01,1261.38,1255.08,1261.24
2024-06-27 09:00:00,1261.24,1262.49,1257.95,1259.38
2024-06-27 10:00:00,1259.26,1262.21,1257.07,1257.98
2024-06-27 11:00:00,1257.99,1258.61,1256.73,1257.03
2024-06-27 13:00:00,1256.71,1260.53,1255.12,1258.41
2024-06-27 14:00:00,1258.61,1261.92,1258.53,1259.09
2024-06-28 09:00:00,1259.09,1262.61,1257.62,1258.24
2024-06-28 10:00:00,1258.22,1259.68,1257.55,1257.72
2024-06-28 11:00:00,1257.75,1257.97,1254.86,1255.96
2024-06-28 13:00:00,1255.44,1256.12,1247.89,1251.02
2024-06-28 14:00:00,1251.15,1255.94,1240.15,1245.32
2024-07-01 09:00:00,1245.32,1248.42,1241.99,1243.62
2024-07-01 10:00:00,1243.56,1244.65,1240.07,1243.36
2024-07-01 11:00:00,1243.37,1243.49,1240.99,1241.5
2024-07-01 13:00:00,1241.39,1247.49,1240.72,1247.49
2024-07-01 14:00:00,1247.46,1254.56,1246.44,1254.56
2024-07-02 09:00:00,1254.56,1261.05,1254.56,1261.05
2024-07-02 10:00:00,1260.89,1266.0,1260.72,1265.37
2024-07-02 11:00:00,1265.25,1267.71,1265.02,1267.22
2024-07-02 13:00:00,1267.47,1269.11,1265.78,1268.41
2024-07-02 14:00:00,1268.51,1270.47,1267.11,1269.79
2024-07-03 09:00:00,1269.79,1273.39,1269.79,1271.39
2024-07-03 10:00:00,1271.38,1272.16,1268.23,1271.02
2024-07-03 11:00:00,1271.05,1271.91,1269.86,1271.29
2024-07-03 13:00:00,1270.49,1277.27,1269.97,1276.2
2024-07-03 14:00:00,1276.37,1278.14,1275.63,1276.85
2024-07-04 09:00:00,1276.85,1282.44,1276.85,1282.41
2024-07-04 10:00:00,1282.54,1283.13,1279.08,1280.53
2024-07-04 11:00:00,1280.54,1280.86,1278.41,1278.89
2024-07-04 13:00:00,1278.35,1280.97,1277.58,1279.82
2024-07-04 14:00:00,1280.04,1280.69,1274.58,1279.89
2024-07-05 09:00:00,1279.89,1283.19,1279.77,1282.72
2024-07-05 10:00:00,1282.64,1284.98,1281.25,1281.51
2024-07-05 11:00:00,1281.61,1281.7,1278.1,1278.13
2024-07-05 13:00:00,1277.94,1282.39,1276.93,1280.81
2024-07-05 14:00:00,1280.79,1284.93,1279.35,1283.04
2024-07-08 09:00:00,1283.04,1287.14,1283.04,1285.07
2024-07-08 10:00:00,1285.16,1285.25,1279.06,1279.21
2024-07-08 11:00:00,1279.16,1281.68,1277.68,1281.66
2024-07-08 13:00:00,1281.45,1286.14,1280.01,1285.79
2024-07-08 14:00:00,1285.66,1285.99,1279.84,1283.56
2024-07-09 09:00:00,1283.56,1287.62,1283.56,1284.22
2024-07-09 10:00:00,1284.18,1288.89,1283.62,1287.51
2024-07-09 11:00:00,1287.55,1290.43,1287.35,1290.12
2024-07-09 13:00:00,1289.66,1293.81,1289.02,1292.36
2024-07-09 14:00:00,1292.01,1294.15,1290.1,1293.71
2024-07-10 09:00:00,1293.71,1297.13,1292.53,1294.93
2024-07-10 10:00:00,1295.02,1297.96,1292.94,1292.94
2024-07-10 11:00:00,1292.98,1295.1,1292.65,1294.66
2024-07-10 13:00:00,1294.07,1294.07,1288.22,1290.97
2024-07-10 14:00:00,1291.07,1291.56,1285.94,1285.94
2024-07-11 09:00:00,1285.94,1293.32,1285.94,1292.18
2024-07-11 10:00:00,1292.11,1292.32,1289.67,1289.89
2024-07-11 11:00:00,1289.86,1289.86,1286.45,1287.23
2024-07-11 13:00:00,1286.83,1289.62,1284.99,1287.61
2024-07-11 14:00:00,1287.33,1288.33,1283.8,1283.8
2024-07-12 09:00:00,1283.8,1288.67,1283.8,1285.59
2024-07-12 10:00:00,1285.72,1286.35,1282.79,1285.21
2024-07-12 11:00:00,1285.25,1285.25,1283.23,1283.47
2024-07-12 13:00:00,1283.39,1284.76,1279.74,1281.5
2024-07-12 14:00:00,1281.58,1285.2,1277.16,1280.75
2024-07-15 09:00:00,1280.75,1286.37,1280.75,1284.81
2024-07-15 10:00:00,1284.84,1284.92,1282.14,1283.41
2024-07-15 11:00:00,1283.47,1284.35,1282.98,1284.28
2024-07-15 13:00:00,1283.8,1284.21,1279.59,1281.32
2024-07-15 14:00:00,1281.83,1281.83,1276.27,1279.82
2024-07-16 09:00:00,1279.82,1285.6,1279.82,1285.11
2024-07-16 10:00:00,1285.12,1291.47,1284.84,1289.71
2024-07-16 11:00:00,1289.62,1290.13,1288.62,1289.79
2024-07-16 13:00:00,1289.21,1289.46,1284.71,1284.9
2024-07-16 14:00:00,1285.12,1285.13,1279.37,1281.18
2024-07-17 09:00:00,1281.18,1287.48,1281.18,1281.88
2024-07-17 10:00:00,1281.84,1282.56,1275.16,1279.54
2024-07-17 11:00:00,1279.8,1282.8,1279.35,1279.77
2024-07-17 13:00:00,1278.99,1285.55,1275.15,1284.3
2024-07-17 14:00:00,1284.27,1290.76,1256.42,1268.66
2024-07-18 09:00:00,1268.66,1273.56,1267.92,1268.74
2024-07-18 10:00:00,1268.73,1271.21,1266.24,1268.91
2024-07-18 11:00:00,1268.92,1269.06,1265.11,1265.49
2024-07-18 13:00:00,1264.12,1265.59,1259.01,1259.01
2024-07-18 14:00:00,1258.84,1274.67,1256.21,1274.44
2024-07-19 09:00:00,1274.44,1279.94,1272.11,1275.8
2024-07-19 10:00:00,1275.96,1276.46,1270.8,1270.95
2024-07-19 11:00:00,1271.11,1271.38,1267.31,1270.37
2024-07-19 13:00:00,1269.76,1269.76,1265.0,1269.27
2024-07-19 14:00:00,1269.31,1269.31,1260.68,1264.78
2024-07-22 09:00:00,1264.78,1267.43,1253.25,1263.57
2024-07-22 10:00:00,1263.67,1264.63,1250.06,1250.36
2024-07-22 11:00:00,1250.6,1253.47,1247.61,1249.09
2024-07-22 13:00:00,1247.2,1253.33,1245.02,1250.02
2024-07-22 14:00:00,1250.2,1259.91,1249.83,1254.64
2024-07-23 09:00:00,1254.64,1258.74,1254.2,1255.97
2024-07-23 10:00:00,1255.96,1256.05,1249.96,1251.82
2024-07-23 11:00:00,1252.04,1253.92,1251.69,1253.92
2024-07-23 13:00:00,1252.16,1252.54,1244.93,1245.21
2024-07-23 14:00:00,1245.15,1247.77,1231.81,1231.81
2024-07-24 09:00:00,1231.81,1232.74,1225.5,1228.26
2024-07-24 10:00:00,1228.08,1232.42,1218.65,1228.76
2024-07-24 11:00:00,1228.81,1231.17,1228.63,1229.28
2024-07-24 13:00:00,1227.81,1236.75,1226.6,1229.96
2024-07-24 14:00:00,1229.93,1242.4,1229.93,1238.47
2024-07-25 09:00:00,1238.47,1238.47,1230.37,1234.69
2024-07-25 10:00:00,1234.75,1235.42,1228.56,1228.85
2024-07-25 11:00:00,1229.04,1229.47,1227.35,1227.86
2024-07-25 13:00:00,1226.72,1233.08,1226.2,1230.63
2024-07-25 14:00:00,1230.46,1235.67,1228.1,1233.19
2024-07-26 09:00:00,1233.19,1237.72,1233.19,1237.34
2024-07-26 10:00:00,1237.37,1238.7,1235.71,1237.93
2024-07-26 11:00:00,1237.92,1237.92,1236.3,1237.02
2024-07-26 13:00:00,1236.51,1240.14,1234.61,1234.99
2024-07-26 14:00:00,1235.19,1242.11,1234.73,1242.11
2024-07-29 09:00:00,1242.11,1249.68,1242.11,1248.94
2024-07-29 10:00:00,1248.84,1248.86,1245.92,1246.62
2024-07-29 11:00:00,1246.39,1246.64,1244.41,1244.84
2024-07-29 13:00:00,1244.38,1247.85,1243.08,1247.03
2024-07-29 14:00:00,1246.76,1247.9,1245.69,1246.6
2024-07-30 09:00:00,1246.6,1247.49,1242.79,1244.65
2024-07-30 10:00:00,1244.7,1246.12,1243.97,1244.93
2024-07-30 11:00:00,1244.92,1245.49,1244.22,1245.47
2024-07-30 13:00:00,1245.36,1248.73,1241.41,1241.89
2024-07-30 14:00:00,1241.54,1245.14,1236.97,1245.06
2024-07-31 09:00:00,1245.06,1252.36,1245.06,1249.7
2024-07-31 10:00:00,1249.94,1254.68,1249.62,1254.11
2024-07-31 11:00:00,1254.24,1255.05,1253.68,1255.02
2024-07-31 13:00:00,1255.34,1255.77,1249.64,1250.01
2024-07-31 14:00:00,1249.86,1253.59,1246.3,1251.51
2024-08-01 09:00:00,1251.51,1257.85,1251.51,1253.84
2024-08-01 10:00:00,1253.61,1253.61,1245.19,1245.29
2024-08-01 11:00:00,1245.22,1248.58,1245.01,1245.91
2024-08-01 13:00:00,1244.09,1244.35,1230.14,1234.29
2024-08-01 14:00:00,1234.21,1234.8,1222.51,1226.96
2024-08-02 09:00:00,1226.96,1226.96,1214.06,1217.07
2024-08-02 10:00:00,1216.93,1219.83,1212.9,1214.33
2024-08-02 11:00:00,1214.55,1214.77,1210.1,1213.75
2024-08-02 13:00:00,1212.51,1222.38,1209.77,1222.27
2024-08-02 14:00:00,1222.49,1236.6,1221.65,1236.6
2024-08-05 09:00:00,1236.6,1236.6,1213.92,1217.67
2024-08-05 10:00:00,1217.7,1220.99,1216.35,1216.85
2024-08-05 11:00:00,1216.76,1216.99,1210.6,1212.22
2024-08-05 13:00:00,1209.5,1209.5,1193.88,1196.01
2024-08-05 14:00:00,1195.87,1202.0,1184.53,1188.07
2024-08-06 09:00:00,1188.07,1200.96,1188.07,1190.82
2024-08-06 10:00:00,1190.91,1195.98,1186.74,1194.1
2024-08-06 11:00:00,1194.19,1198.54,1194.05,1198.29
2024-08-06 13:00:00,1198.59,1208.02,1198.28,1207.96
2024-08-06 14:00:00,1207.98,1213.35,1207.5,1210.28
2024-08-07 09:00:00,1210.28,1217.79,1210.28,1214.77
2024-08-07 10:00:00,1214.73,1214.73,1210.47,1210.49
2024-08-07 11:00:00,1210.47,1210.68,1207.12,1207.3
2024-08-07 13:00:00,1206.86,1214.95,1205.11,1212.07
2024-08-07 14:00:00,1212.13,1216.41,1211.25,1215.88
2024-08-08 09:00:00,1215.88,1215.88,1209.91,1210.77
2024-08-08 10:00:00,1210.65,1216.83,1208.94,1216.6
2024-08-08 11:00:00,1216.57,1219.97,1216.37,1218.45
2024-08-08 13:00:00,1217.95,1218.14,1206.8,1207.85
2024-08-08 14:00:00,1207.9,1209.53,1202.58,1208.32
2024-08-09 09:00:00,1208.32,1218.57,1208.32,1218.09
2024-08-09 10:00:00,1217.91,1219.33,1214.71,1214.76
2024-08-09 11:00:00,1214.69,1215.16,1214.05,1214.62
2024-08-09 13:00:00,1214.09,1222.33,1212.4,1222.28
2024-08-09 14:00:00,1222.09,1225.02,1221.88,1223.64
2024-08-12 09:00:00,1223.64,1227.8,1221.16,1224.61
2024-08-12 10:00:00,1224.41,1225.75,1223.04,1224.4
2024-08-12 11:00:00,1224.44,1227.46,1224.05,1227.38
2024-08-12 13:00:00,1227.27,1227.27,1222.39,1226.57
2024-08-12 14:00:00,1226.51,1231.46,1225.2,1230.28
2024-08-13 09:00:00,1229.81,1231.55,1227.09,1230.68
2024-08-13 10:00:00,1230.74,1230.74,1225.82,1226.91
2024-08-13 11:00:00,1226.83,1227.0,1224.79,1224.79
2024-08-13 13:00:00,1224.25,1229.04,1223.3,1224.74
2024-08-13 14:00:00,1224.6,1231.32,1223.01,1230.42
2024-08-14 09:00:00,1230.42,1236.51,1230.42,1233.5
2024-08-14 10:00:00,1233.47,1234.78,1231.24,1231.94
2024-08-14 11:00:00,1231.97,1233.83,1231.81,1233.06
2024-08-14 13:00:00,1232.66,1234.61,1229.03,1232.02
2024-08-14 14:00:00,1232.13,1234.1,1228.93,1230.36
2024-08-15 09:00:00,1230.36,1231.69,1227.68,1229.26
2024-08-15 10:00:00,1229.27,1229.34,1226.14,1227.46
2024-08-15 11:00:00,1227.41,1227.96,1225.85,1225.9
2024-08-15 13:00:00,1225.44,1227.69,1223.78,1224.78
2024-08-15 14:00:00,1224.79,1227.65,1222.28,1223.56
2024-08-16 09:00:00,1223.56,1231.62,1223.56,1231.57
2024-08-16 10:00:00,1231.6,1244.59,1231.39,1244.59
2024-08-16 11:00:00,1244.57,1244.69,1242.89,1243.98
2024-08-16 13:00:00,1244.52,1251.77,1244.49,1251.44
2024-08-16 14:00:00,1251.23,1253.24,1250.77,1252.23
2024-08-19 09:00:00,1252.23,1263.23,1252.23,1261.29
2024-08-19 10:00:00,1261.31,1261.59,1258.56,1261.2
2024-08-19 11:00:00,1261.19,1261.64,1260.41,1261.64
2024-08-19 13:00:00,1260.89,1263.84,1258.65,1262.92
2024-08-19 14:00:00,1262.85,1263.1,1260.91,1261.62
2024-08-20 09:00:00,1261.62,1270.99,1261.62,1270.93
2024-08-20 10:00:00,1270.81,1271.25,1266.24,1266.51
2024-08-20 11:00:00,1266.31,1267.0,1265.22,1266.4
2024-08-20 13:00:00,1265.72,1274.76,1264.42,1274.7
2024-08-20 14:00:00,1274.25,1275.95,1270.54,1272.55
2024-08-21 09:00:00,1272.55,1275.48,1271.31,1273.38
2024-08-21 10:00:00,1273.29,1275.69,1268.91,1270.45
2024-08-21 11:00:00,1270.44,1273.22,1269.14,1273.22
2024-08-21 13:00:00,1272.75,1279.6,1271.28,1277.38
2024-08-21 14:00:00,1277.14,1284.05,1276.87,1284.05
2024-08-22 09:00:00,1284.05,1288.42,1280.71,1281.06
2024-08-22 10:00:00,1281.0,1283.46,1280.43,1282.34
2024-08-22 11:00:00,1282.58,1285.08,1282.58,1284.77
2024-08-22 13:00:00,1284.33,1284.41,1280.48,1281.65
2024-08-22 14:00:00,1281.47,1283.89,1280.42,1282.78
2024-08-23 09:00:00,1282.78,1286.24,1278.46,1282.89
2024-08-23 10:00:00,1282.91,1283.78,1280.54,1281.99
2024-08-23 11:00:00,1281.91,1281.92,1277.77,1277.78
2024-08-23 13:00:00,1277.35,1283.3,1276.43,1281.13
2024-08-23 14:00:00,1281.12,1287.43,1279.85,1285.32
2024-08-26 09:00:00,1285.32,1290.45,1285.32,1287.62
2024-08-26 10:00:00,1287.65,1288.22,1284.45,1287.03
2024-08-26 11:00:00,1286.98,1287.23,1285.95,1286.55
2024-08-26 13:00:00,1286.19,1288.1,1283.52,1286.47
2024-08-26 14:00:00,1286.33,1287.29,1278.72,1280.02
2024-08-27 09:00:00,1280.02,1281.66,1277.41,1278.76
2024-08-27 10:00:00,1278.85,1282.92,1275.77,1277.42
2024-08-27 11:00:00,1277.4,1277.59,1275.18,1276.02
2024-08-27 13:00:00,1276.0,1280.21,1274.7,1278.45
2024-08-27 14:00:00,1278.35,1281.93,1278.33,1280.56
2024-08-28 09:00:00,1280.56,1284.93,1280.56,1283.88
2024-08-28 10:00:00,1283.95,1284.95,1281.75,1284.75
2024-08-28 11:00:00,1284.7,1285.72,1277.37,1277.92
2024-08-28 13:00:00,1277.81,1283.47,1276.9,1280.57
2024-08-28 14:00:00,1280.12,1283.37,1279.22,1281.44
2024-08-29 09:00:00,1281.44,1288.2,1281.05,1286.47
2024-08-29 10:00:00,1286.65,1287.17,1284.69,1284.93
2024-08-29 11:00:00,1285.01,1286.98,1284.69,1286.17
2024-08-29 13:00:00,1285.57,1285.81,1280.24,1281.76
2024-08-29 14:00:00,1281.79,1285.1,1281.47,1281.47
2024-08-30 09:00:00,1281.47,1286.46,1281.47,1283.32
2024-08-30 10:00:00,1283.27,1284.61,1282.58,1283.82
2024-08-30 11:00:00,1283.79,1284.41,1283.61,1284.04
2024-08-30 13:00:00,1283.89,1286.07,1283.6,1284.77
2024-08-30 14:00:00,1284.85,1286.84,1283.73,1283.87
2024-09-04 09:00:00,1283.87,1283.87,1268.53,1276.68
2024-09-04 10:00:00,1276.84,1277.01,1270.78,1270.98
2024-09-04 11:00:00,1271.14,1272.22,1270.54,1270.96
2024-09-04 13:00:00,1270.77,1273.62,1268.43,1272.56
2024-09-04 14:00:00,1272.51,1276.43,1272.07,1275.8
2024-09-05 09:00:00,1275.8,1281.1,1275.8,1281.07
2024-09-05 10:00:00,1280.99,1282.21,1277.97,1278.67
2024-09-05 11:00:00,1278.66,1278.79,1277.5,1277.82
2024-09-05 13:00:00,1277.45,1277.95,1271.75,1271.87
2024-09-05 14:00:00,1272.07,1273.61,1266.05,1268.21
2024-09-06 09:00:00,1268.21,1270.49,1266.03,1268.9
2024-09-06 10:00:00,1269.06,1269.48,1264.96,1265.38
2024-09-06 11:00:00,1265.42,1265.42,1263.5,1264.45
2024-09-06 13:00:00,1263.67,1269.73,1262.94,1267.69
2024-09-06 14:00:00,1267.67,1274.44,1267.67,1273.96
2024-09-09 09:00:00,1273.96,1273.96,1264.83,1268.38
2024-09-09 10:00:00,1268.37,1269.43,1266.8,1268.82
2024-09-09 11:00:00,1268.92,1269.11,1267.46,1267.72
2024-09-09 13:00:00,1267.63,1269.02,1262.97,1265.03
2024-09-09 14:00:00,1265.13,1269.22,1263.73,1267.73
2024-09-10 09:00:00,1267.73,1271.83,1267.73,1269.2
2024-09-10 10:00:00,1269.19,1270.32,1265.3,1265.58
2024-09-10 11:00:00,1265.51,1266.74,1264.3,1264.46
2024-09-10 13:00:00,1264.2,1264.36,1255.8,1256.55
2024-09-10 14:00:00,1256.37,1257.86,1252.22,1255.23
2024-09-11 09:00:00,1255.23,1255.23,1251.3,1252.11
2024-09-11 10:00:00,1252.12,1252.64,1244.79,1248.53
2024-09-11 11:00:00,1248.58,1249.79,1248.2,1248.41
2024-09-11 13:00:00,1247.81,1253.85,1246.43,1253.75
2024-09-11 14:00:00,1253.58,1256.86,1252.21,1253.27
2024-09-12 09:00:00,1253.27,1260.93,1253.27,1258.32
2024-09-12 10:00:00,1258.52,1260.31,1258.31,1259.19
2024-09-12 11:00:00,1259.2,1259.53,1257.27,1258.1
2024-09-12 13:00:00,1257.75,1259.75,1257.04,1258.4
2024-09-12 14:00:00,1258.36,1259.85,1255.87,1256.35
2024-09-13 09:00:00,1256.35,1256.35,1249.38,1251.15
2024-09-13 10:00:00,1251.06,1253.25,1249.75,1252.3
2024-09-13 11:00:00,1252.47,1252.66,1251.17,1252.04
2024-09-13 13:00:00,1251.59,1251.92,1248.78,1251.41
2024-09-13 14:00:00,1251.35,1253.94,1251.16,1251.71
2024-09-16 09:00:00,1251.71,1255.42,1250.78,1253.77
2024-09-16 10:00:00,1253.75,1254.55,1249.23,1249.29
2024-09-16 11:00:00,1249.28,1249.83,1247.02,1247.09
2024-09-16 13:00:00,1246.46,1248.09,1243.54,1246.87
2024-09-16 14:00:00,1246.83,1246.93,1239.26,1239.26
2024-09-17 09:00:00,1239.26,1243.56,1238.69,1240.14
2024-09-17 10:00:00,1240.18,1242.75,1238.87,1238.93
2024-09-17 11:00:00,1239.11,1240.54,1239.04,1240.34
2024-09-17 13:00:00,1239.87,1246.16,1239.12,1246.16
2024-09-17 14:00:00,1246.13,1258.95,1246.08,1258.95
2024-09-18 09:00:00,1258.95,1263.33,1257.93,1262.29
2024-09-18 10:00:00,1262.36,1270.64,1262.16,1267.82
2024-09-18 11:00:00,1267.79,1271.02,1267.73,1270.97
2024-09-18 13:00:00,1270.46,1271.77,1264.81,1266.82
2024-09-18 14:00:00,1266.88,1268.0,1263.99,1264.9
2024-09-19 09:00:00,1264.9,1269.75,1264.9,1267.87
2024-09-19 10:00:00,1267.57,1268.7,1264.82,1267.01
2024-09-19 11:00:00,1266.95,1268.37,1266.85,1267.12
2024-09-19 13:00:00,1266.96,1268.68,1265.95,1267.68
2024-09-19 14:00:00,1267.8,1271.27,1267.66,1271.27
2024-09-20 09:00:00,1271.27,1283.3,1271.27,1281.49
2024-09-20 10:00:00,1281.42,1282.76,1279.04,1281.03
2024-09-20 11:00:00,1281.1,1282.14,1280.48,1280.78
2024-09-20 13:00:00,1280.6,1280.6,1275.69,1276.35
2024-09-20 14:00:00,1276.16,1276.88,1272.04,1272.04
2024-09-23 09:00:00,1275.15,1276.99,1270.51,1270.92
2024-09-23 10:00:00,1270.96,1273.07,1270.42,1271.59
2024-09-23 11:00:00,1271.5,1272.01,1270.67,1271.36
2024-09-23 13:00:00,1271.03,1272.75,1269.33,1271.07
2024-09-23 14:00:00,1271.19,1271.6,1267.87,1268.48
2024-09-24 09:00:00,1268.48,1271.74,1267.37,1269.37
2024-09-24 10:00:00,1269.34,1269.83,1267.91,1268.0
2024-09-24 11:00:00,1268.01,1268.96,1266.68,1268.31
2024-09-24 13:00:00,1267.93,1272.84,1267.51,1271.02
2024-09-24 14:00:00,1270.96,1276.99,1269.91,1276.99
2024-09-25 09:00:00,1276.99,1284.07,1276.99,1283.6
2024-09-25 10:00:00,1283.67,1285.88,1281.25,1285.76
2024-09-25 11:00:00,1285.59,1288.44,1285.59,1287.35
2024-09-25 13:00:00,1287.48,1288.08,1284.79,1286.42
2024-09-25 14:00:00,1286.49,1287.48,1284.85,1287.48
2024-09-26 09:00:00,1290.03,1295.03,1289.15,1293.21
2024-09-26 10:00:00,1292.93,1293.36,1290.94,1291.62
2024-09-26 11:00:00,1291.69,1291.69,1290.4,1290.8
2024-09-26 13:00:00,1290.44,1298.71,1290.44,1296.98
2024-09-26 14:00:00,1297.45,1298.35,1290.29,1291.49
2024-09-27 09:00:00,1295.03,1300.31,1294.85,1295.51
2024-09-27 10:00:00,1295.72,1295.78,1292.52,1295.14
2024-09-27 11:00:00,1295.13,1296.47,1293.52,1293.7
2024-09-27 13:00:00,1293.34,1294.48,1290.45,1291.23
2024-09-27 14:00:00,1290.97,1292.76,1287.21,1290.92
2024-09-30 09:00:00,1290.92,1290.94,1285.35,1288.27
2024-09-30 10:00:00,1288.26,1292.03,1288.01,1289.46
2024-09-30 11:00:00,1289.56,1289.6,1287.47,1288.12
2024-09-30 13:00:00,1287.75,1288.49,1285.77,1286.08
2024-09-30 14:00:00,1286.14,1288.19,1283.92,1287.94
2024-10-01 09:00:00,1287.94,1296.7,1287.94,1295.87
2024-10-01 10:00:00,1295.85,1300.24,1295.85,1297.76
2024-10-01 11:00:00,1297.82,1301.61,1297.58,1301.23
2024-10-01 13:00:00,1301.51,1302.22,1297.16,1297.3
2024-10-01 14:00:00,1297.36,1297.64,1291.27,1292.2
2024-10-02 09:00:00,1292.2,1292.2,1287.32,1290.41
2024-10-02 10:00:00,1290.54,1293.69,1288.55,1291.87
2024-10-02 11:00:00,1291.86,1292.16,1289.26,1289.38
2024-10-02 13:00:00,1289.18,1289.18,1285.14,1285.24
2024-10-02 14:00:00,1285.43,1290.1,1285.4,1287.84
2024-10-03 09:00:00,1287.84,1295.46,1287.84,1292.57
2024-10-03 10:00:00,1292.58,1299.36,1292.48,1293.47
2024-10-03 11:00:00,1293.46,1293.57,1287.72,1287.72
2024-10-03 13:00:00,1286.62,1288.14,1280.19,1283.35
2024-10-03 14:00:00,1283.48,1286.56,1276.51,1278.1
2024-10-04 09:00:00,1278.9,1279.11,1274.31,1277.69
2024-10-04 10:00:00,1277.62,1278.17,1274.75,1275.25
2024-10-04 11:00:00,1275.32,1275.99,1274.21,1275.26
2024-10-04 13:00:00,1274.96,1279.33,1274.43,1277.79
2024-10-04 14:00:00,1277.87,1279.0,1270.6,1270.6
2024-10-07 09:00:00,1270.6,1278.61,1270.6,1274.06
2024-10-07 10:00:00,1274.25,1274.55,1271.77,1272.0
2024-10-07 11:00:00,1272.07,1274.93,1271.84,1274.85
2024-10-07 13:00:00,1274.73,1274.89,1268.95,1269.08
2024-10-07 14:00:00,1268.97,1269.93,1264.65,1269.93
2024-10-08 09:00:00,1269.93,1275.49,1269.93,1273.38
2024-10-08 10:00:00,1273.46,1273.53,1266.94,1269.63
2024-10-08 11:00:00,1269.75,1271.02,1268.94,1269.23
2024-10-08 13:00:00,1269.31,1275.76,1268.08,1275.54
2024-10-08 14:00:00,1275.67,1275.82,1270.3,1271.98
2024-10-09 09:00:00,1273.96,1276.78,1273.04,1276.07
2024-10-09 10:00:00,1276.25,1276.55,1273.24,1274.84
2024-10-09 11:00:00,1275.06,1275.85,1274.38,1275.22
2024-10-09 13:00:00,1275.0,1280.6,1275.0,1279.16
2024-10-09 14:00:00,1279.32,1283.01,1279.32,1281.85
2024-10-10 09:00:00,1281.85,1294.33,1281.85,1291.78
2024-10-10 10:00:00,1291.72,1293.62,1289.56,1289.63
2024-10-10 11:00:00,1289.86,1290.23,1289.28,1289.69
2024-10-10 13:00:00,1289.34,1292.08,1287.99,1289.48
2024-10-10 14:00:00,1289.71,1289.71,1284.97,1286.36
2024-10-11 09:00:00,1286.36,1289.35,1286.36,1288.48
2024-10-11 10:00:00,1288.51,1289.37,1286.82,1287.06
2024-10-11 11:00:00,1286.81,1287.43,1285.42,1285.93
2024-10-11 13:00:00,1285.6,1286.07,1283.65,1283.79
2024-10-11 14:00:00,1283.71,1288.39,1283.56,1288.39
2024-10-14 09:00:00,1288.39,1297.67,1288.39,1290.66
2024-10-14 10:00:00,1290.51,1293.27,1289.09,1289.46
2024-10-14 11:00:00,1289.38,1290.33,1288.77,1290.2
2024-10-14 13:00:00,1289.94,1290.99,1287.57,1287.96
2024-10-14 14:00:00,1288.06,1292.19,1286.13,1286.34
2024-10-15 09:00:00,1287.81,1293.65,1287.62,1293.36
2024-10-15 10:00:00,1293.7,1294.05,1286.0,1287.47
2024-10-15 11:00:00,1287.61,1288.27,1285.96,1286.33
2024-10-15 13:00:00,1286.06,1288.06,1282.3,1282.36
2024-10-15 14:00:00,1282.39,1284.64,1279.81,1281.08
2024-10-16 09:00:00,1279.86,1282.84,1279.69,1280.38
2024-10-16 10:00:00,1280.35,1283.33,1278.38,1282.57
2024-10-16 11:00:00,1282.56,1283.27,1281.13,1281.36
2024-10-16 13:00:00,1281.33,1281.48,1278.35,1279.92
2024-10-16 14:00:00,1279.76,1280.77,1276.4,1279.48
2024-10-17 09:00:00,1279.48,1283.42,1279.48,1281.63
2024-10-17 10:00:00,1281.82,1282.16,1277.87,1278.29
2024-10-17 11:00:00,1278.31,1278.51,1273.69,1273.87
2024-10-17 13:00:00,1273.29,1279.93,1271.82,1277.85
2024-10-17 14:00:00,1277.95,1286.52,1277.47,1286.52
2024-10-18 09:00:00,1291.16,1294.1,1289.34,1291.5
2024-10-18 10:00:00,1291.59,1293.38,1289.11,1289.11
2024-10-18 11:00:00,1289.08,1289.17,1286.7,1286.99
2024-10-18 13:00:00,1286.77,1290.22,1285.95,1289.74
2024-10-18 14:00:00,1289.87,1292.96,1285.46,1285.46
2024-10-21 09:00:00,1284.17,1286.89,1283.63,1283.69
2024-10-21 10:00:00,1283.66,1287.07,1282.5,1285.26
2024-10-21 11:00:00,1285.35,1287.47,1285.21,1287.43
2024-10-21 13:00:00,1286.76,1287.71,1283.45,1283.68
2024-10-21 14:00:00,1283.72,1284.39,1279.77,1279.77
2024-10-22 09:00:00,1280.21,1280.21,1275.17,1275.19
2024-10-22 10:00:00,1275.25,1277.65,1274.95,1277.39
2024-10-22 11:00:00,1277.4,1279.37,1277.3,1278.24
2024-10-22 13:00:00,1277.92,1279.56,1276.18,1278.67
2024-10-22 14:00:00,1278.38,1278.44,1265.44,1269.89
2024-10-23 09:00:00,1270.58,1273.21,1266.54,1268.56
2024-10-23 10:00:00,1268.61,1269.04,1263.26,1265.63
2024-10-23 11:00:00,1265.51,1268.47,1265.23,1268.38
2024-10-23 13:00:00,1268.26,1271.41,1267.54,1269.52
2024-10-23 14:00:00,1269.45,1271.94,1266.62,1270.9
2024-10-24 09:00:00,1271.17,1274.11,1269.64,1272.0
2024-10-24 10:00:00,1272.15,1272.47,1268.62,1269.02
2024-10-24 11:00:00,1268.85,1268.97,1267.12,1267.61
2024-10-24 13:00:00,1267.13,1267.97,1262.83,1265.51
2024-10-24 14:00:00,1265.48,1267.49,1257.41,1257.41
2024-10-25 09:00:00,1257.41,1261.72,1257.23,1259.35
2024-10-25 10:00:00,1259.38,1260.02,1255.67,1255.94
2024-10-25 11:00:00,1255.77,1257.77,1254.86,1257.2
2024-10-25 13:00:00,1257.01,1258.09,1254.9,1256.16
2024-10-25 14:00:00,1256.1,1256.3,1251.75,1252.72
2024-10-28 09:00:00,1252.72,1255.03,1251.72,1251.78
2024-10-28 10:00:00,1251.87,1253.99,1251.59,1253.8
2024-10-28 11:00:00,1253.82,1254.15,1252.14,1252.35
2024-10-28 13:00:00,1252.17,1255.18,1251.68,1252.41
2024-10-28 14:00:00,1252.44,1254.77,1250.94,1254.77
2024-10-29 09:00:00,1258.03,1261.02,1257.94,1261.01
2024-10-29 10:00:00,1260.98,1262.38,1260.35,1260.39
2024-10-29 11:00:00,1260.42,1260.8,1259.8,1260.46
2024-10-29 13:00:00,1260.48,1260.72,1257.43,1259.46
2024-10-29 14:00:00,1259.53,1261.82,1259.46,1261.78
2024-10-30 09:00:00,1261.78,1264.84,1261.78,1262.71
2024-10-30 10:00:00,1262.81,1262.91,1259.37,1259.47
2024-10-30 11:00:00,1259.52,1259.7,1257.52,1257.64
2024-10-30 13:00:00,1257.55,1260.99,1257.18,1258.11
2024-10-30 14:00:00,1257.78,1258.63,1255.07,1258.63
2024-10-31 09:00:00,1258.63,1260.26,1257.78,1258.15
2024-10-31 10:00:00,1258.2,1258.4,1255.55,1257.31
2024-10-31 11:00:00,1257.21,1259.7,1256.64,1258.58
2024-10-31 13:00:00,1258.67,1265.17,1258.67,1264.33
2024-10-31 14:00:00,1264.3,1267.88,1264.3,1264.48
2024-11-01 09:00:00,1264.48,1264.48,1261.75,1262.74
2024-11-01 10:00:00,1262.78,1264.67,1261.55,1262.15
2024-11-01 11:00:00,1262.22,1262.22,1259.76,1260.62
2024-11-01 13:00:00,1259.91,1261.32,1257.63,1258.66
2024-11-01 14:00:00,1258.76,1258.96,1254.33,1254.89
2024-11-04 09:00:00,1254.89,1256.96,1250.94,1252.01
2024-11-04 10:00:00,1251.92,1251.98,1247.76,1247.82
2024-11-04 11:00:00,1247.89,1248.89,1245.72,1245.83
2024-11-04 13:00:00,1245.3,1248.59,1242.36,1245.99
2024-11-04 14:00:00,1245.94,1248.87,1243.93,1244.71
2024-11-05 09:00:00,1244.71,1247.36,1243.55,1244.11
2024-11-05 10:00:00,1243.99,1246.13,1243.99,1245.84
2024-11-05 11:00:00,1245.9,1246.06,1243.88,1244.31
2024-11-05 13:00:00,1244.11,1248.97,1244.11,1246.37
2024-11-05 14:00:00,1246.57,1246.76,1244.94,1245.76
2024-11-06 09:00:00,1251.22,1254.1,1250.57,1252.17
2024-11-06 10:00:00,1252.09,1253.87,1251.36,1253.76
2024-11-06 11:00:00,1253.72,1255.67,1253.72,1254.69
2024-11-06 13:00:00,1254.62,1259.26,1254.25,1259.23
2024-11-06 14:00:00,1259.28,1262.44,1259.14,1261.28
2024-11-07 09:00:00,1261.28,1267.09,1261.28,1263.18
2024-11-07 10:00:00,1263.24,1266.08,1263.13,1265.02
2024-11-07 11:00:00,1264.98,1265.03,1262.9,1262.9
2024-11-07 13:00:00,1262.64,1265.58,1261.99,1262.84
2024-11-07 14:00:00,1262.76,1263.05,1259.75,1259.75
2024-11-08 09:00:00,1259.75,1264.09,1259.75,1260.42
2024-11-08 10:00:00,1260.46,1260.48,1256.39,1256.67
2024-11-08 11:00:00,1256.75,1256.82,1254.26,1254.73
2024-11-08 13:00:00,1254.69,1257.5,1253.36,1254.3
2024-11-08 14:00:00,1254.36,1255.12,1250.77,1252.56
2024-11-11 09:00:00,1253.81,1253.87,1249.32,1250.35
2024-11-11 10:00:00,1250.43,1250.8,1242.45,1244.69
2024-11-11 11:00:00,1244.68,1245.7,1244.4,1245.05
2024-11-11 13:00:00,1244.91,1246.91,1241.29,1246.75
2024-11-11 14:00:00,1246.65,1250.32,1245.6,1250.32
2024-11-12 09:00:00,1250.32,1257.02,1250.32,1254.44
2024-11-12 10:00:00,1254.59,1255.42,1252.73,1253.36
2024-11-12 11:00:00,1253.4,1253.47,1249.88,1250.16
2024-11-12 13:00:00,1250.09,1250.09,1243.92,1246.3
2024-11-12 14:00:00,1246.29,1247.52,1242.91,1244.82
2024-11-13 09:00:00,1244.82,1246.09,1241.22,1245.41
2024-11-13 10:00:00,1245.54,1245.72,1236.96,1239.54
2024-11-13 11:00:00,1239.56,1239.79,1236.03,1236.33
2024-11-13 13:00:00,1235.16,1243.05,1234.62,1240.73
2024-11-13 14:00:00,1240.68,1247.04,1240.68,1246.04
2024-11-14 09:00:00,1246.04,1246.04,1241.79,1243.88
2024-11-14 10:00:00,1243.86,1247.07,1243.72,1243.91
2024-11-14 11:00:00,1243.83,1243.98,1242.48,1242.74
2024-11-14 13:00:00,1242.1,1244.01,1240.3,1241.63
2024-11-14 14:00:00,1241.55,1241.68,1231.69,1231.89
2024-11-15 09:00:00,1229.36,1229.59,1225.75,1226.97
2024-11-15 10:00:00,1226.96,1229.06,1222.13,1222.13
2024-11-15 11:00:00,1222.16,1222.25,1217.03,1220.42
2024-11-15 13:00:00,1219.42,1227.26,1217.57,1225.92
2024-11-15 14:00:00,1226.26,1227.57,1218.22,1218.57
2024-11-18 09:00:00,1218.57,1220.01,1211.96,1215.33
2024-11-18 10:00:00,1215.53,1216.0,1208.34,1210.29
2024-11-18 11:00:00,1210.62,1211.21,1207.32,1207.89
2024-11-18 13:00:00,1207.19,1219.34,1204.6,1217.83
2024-11-18 14:00:00,1217.86,1225.38,1215.04,1217.12
2024-11-19 09:00:00,1217.12,1221.4,1213.54,1213.69
2024-11-19 10:00:00,1213.76,1215.06,1211.81,1213.34
2024-11-19 11:00:00,1213.48,1215.6,1212.29,1215.6
2024-11-19 13:00:00,1215.41,1217.19,1210.88,1210.88
2024-11-19 14:00:00,1211.09,1215.19,1205.15,1205.15
2024-11-20 09:00:00,1205.15,1205.15,1197.99,1204.76
2024-11-20 10:00:00,1204.67,1215.08,1203.37,1211.38
2024-11-20 11:00:00,1211.49,1216.43,1211.33,1214.77
2024-11-20 13:00:00,1215.1,1222.73,1215.1,1219.82
2024-11-20 14:00:00,1219.86,1220.15,1212.56,1216.54
2024-11-21 09:00:00,1216.54,1219.11,1214.06,1216.63
2024-11-21 10:00:00,1216.13,1219.3,1214.99,1218.5
2024-11-21 11:00:00,1218.56,1218.57,1217.22,1217.75
2024-11-21 13:00:00,1217.52,1223.23,1216.96,1222.18
2024-11-21 14:00:00,1222.46,1228.55,1220.85,1228.33
2024-11-22 09:00:00,1228.33,1232.29,1227.68,1228.48
2024-11-22 10:00:00,1228.57,1230.17,1227.24,1229.9
2024-11-22 11:00:00,1229.82,1232.05,1229.67,1231.78
2024-11-22 13:00:00,1232.39,1233.42,1228.51,1229.48
2024-11-22 14:00:00,1229.69,1229.83,1226.33,1228.1
2024-11-25 09:00:00,1228.1,1232.05,1228.1,1229.18
2024-11-25 10:00:00,1229.15,1233.21,1229.02,1231.79
2024-11-25 11:00:00,1231.77,1234.43,1231.6,1233.66
2024-11-25 13:00:00,1233.61,1236.36,1232.53,1236.26
2024-11-25 14:00:00,1236.38,1236.57,1232.97,1234.7
2024-11-26 09:00:00,1234.7,1241.17,1234.7,1240.35
2024-11-26 10:00:00,1240.41,1246.83,1240.3,1244.1
2024-11-26 11:00:00,1244.18,1245.05,1243.92,1244.5
2024-11-26 13:00:00,1244.29,1245.15,1241.05,1241.92
2024-11-26 14:00:00,1241.86,1243.63,1241.69,1242.13
2024-11-27 09:00:00,1242.13,1245.34,1241.15,1243.16
2024-11-27 10:00:00,1243.17,1243.42,1241.56,1241.8
2024-11-27 11:00:00,1241.86,1241.94,1240.25,1241.47
2024-11-27 13:00:00,1240.96,1242.57,1239.23,1241.41
2024-11-27 14:00:00,1241.9,1243.24,1241.07,1241.97
2024-11-28 09:00:00,1246.37,1250.46,1246.37,1249.34
2024-11-28 10:00:00,1249.41,1249.45,1244.44,1244.57
2024-11-28 11:00:00,1244.53,1244.8,1243.48,1243.98
2024-11-28 13:00:00,1243.68,1245.37,1243.4,1243.5
2024-11-28 14:00:00,1243.54,1244.32,1240.91,1242.11
2024-11-29 09:00:00,1242.51,1244.45,1241.41,1243.26
2024-11-29 10:00:00,1243.21,1243.91,1241.0,1243.54
2024-11-29 11:00:00,1243.62,1248.48,1243.52,1247.87
2024-11-29 13:00:00,1247.75,1249.41,1247.18,1248.99
2024-11-29 14:00:00,1249.19,1250.92,1247.79,1250.46
2024-12-02 09:00:00,1250.46,1258.05,1250.46,1253.38
2024-12-02 10:00:00,1253.32,1253.72,1251.96,1252.2
2024-12-02 11:00:00,1252.35,1252.56,1251.39,1252.2
2024-12-02 13:00:00,1252.07,1252.93,1248.69,1248.84
2024-12-02 14:00:00,1249.0,1251.21,1247.74,1251.21
2024-12-03 09:00:00,1251.21,1251.94,1246.55,1248.71
2024-12-03 10:00:00,1248.72,1249.0,1244.91,1247.99
2024-12-03 11:00:00,1247.98,1251.18,1247.92,1250.92
2024-12-03 13:00:00,1250.82,1253.83,1250.53,1250.53
2024-12-03 14:00:00,1250.49,1251.33,1248.22,1249.83
2024-12-04 09:00:00,1249.83,1249.83,1244.62,1246.58
2024-12-04 10:00:00,1246.59,1246.94,1242.58,1246.46
2024-12-04 11:00:00,1246.41,1247.78,1246.0,1247.53
2024-12-04 13:00:00,1247.38,1247.38,1244.04,1246.57
2024-12-04 14:00:00,1246.67,1247.13,1239.82,1240.41
2024-12-05 09:00:00,1241.81,1244.22,1239.05,1239.05
2024-12-05 10:00:00,1239.07,1243.57,1238.49,1242.92
2024-12-05 11:00:00,1243.38,1246.82,1243.14,1246.82
2024-12-05 13:00:00,1246.47,1269.18,1246.33,1266.32
2024-12-05 14:00:00,1266.53,1268.54,1262.54,1267.53
2024-12-06 09:00:00,1270.96,1271.88,1268.58,1271.29
2024-12-06 10:00:00,1271.24,1276.1,1271.22,1272.56
2024-12-06 11:00:00,1272.59,1274.46,1272.5,1274.27
2024-12-06 13:00:00,1273.49,1274.02,1269.54,1270.28
2024-12-06 14:00:00,1270.22,1272.93,1269.74,1270.14
2024-12-09 09:00:00,1270.14,1271.75,1269.3,1271.59
2024-12-09 10:00:00,1271.61,1271.74,1268.69,1269.55
2024-12-09 11:00:00,1269.51,1272.65,1269.51,1272.65
2024-12-09 13:00:00,1272.07,1276.0,1270.24,1275.2
2024-12-09 14:00:00,1275.29,1277.69,1272.6,1273.84
2024-12-10 09:00:00,1275.29,1277.69,1272.6,1273.84
2024-12-10 10:00:00,1273.64,1275.26,1272.25,1273.33
2024-12-10 11:00:00,1273.3,1274.33,1272.83,1274.09
2024-12-10 13:00:00,1273.58,1275.61,1272.02,1272.02
2024-12-10 14:00:00,1272.12,1272.91,1270.32,1272.07
2024-12-11 09:00:00,1272.12,1272.91,1270.32,1272.07
2024-12-11 10:00:00,1275.31,1275.31,1272.11,1273.25
2024-12-11 11:00:00,1273.17,1273.27,1271.36,1271.76
2024-12-11 13:00:00,1271.65,1271.77,1268.63,1269.1
2024-12-11 14:00:00,1269.2,1269.43,1264.15,1268.86
2024-12-12 09:00:00,1269.2,1269.43,1264.15,1268.86
2024-12-12 10:00:00,1273.45,1275.07,1272.4,1274.1
2024-12-12 11:00:00,1274.15,1275.64,1273.25,1273.81
2024-12-12 13:00:00,1273.3,1274.18,1267.59,1268.58
2024-12-12 14:00:00,1268.67,1269.86,1265.99,1267.35
2024-12-13 09:00:00,1268.67,1269.86,1265.99,1267.35
2024-12-13 10:00:00,1263.95,1266.55,1263.46,1264.49
2024-12-13 11:00:00,1264.64,1264.64,1262.31,1263.22
2024-12-13 13:00:00,1262.98,1264.93,1262.04,1262.04
2024-12-13 14:00:00,1262.1,1263.65,1260.48,1262.57
2024-12-16 09:00:00,1262.1,1263.65,1260.48,1262.57
2024-12-16 10:00:00,1266.11,1266.36,1262.48,1262.64
2024-12-16 11:00:00,1262.61,1262.88,1261.4,1261.66
2024-12-16 13:00:00,1261.44,1262.59,1258.65,1260.12
2024-12-16 14:00:00,1260.06,1264.65,1259.67,1263.79
2024-12-17 09:00:00,1260.06,1264.65,1259.67,1263.79
2024-12-17 10:00:00,1262.34,1264.22,1261.88,1263.2
2024-12-17 11:00:00,1263.1,1263.83,1261.27,1261.83
2024-12-17 13:00:00,1261.87,1262.82,1260.86,1261.73
2024-12-17 14:00:00,1262.05,1263.13,1260.6,1261.72
2024-12-18 09:00:00,1262.05,1263.13,1260.6,1261.72
2024-12-18 10:00:00,1264.71,1264.74,1261.85,1262.0
2024-12-18 11:00:00,1261.9,1262.89,1261.49,1262.76
2024-12-18 13:00:00,1262.77,1264.29,1261.93,1262.44
2024-12-18 14:00:00,1262.66,1266.53,1262.2,1266.0
2024-12-19 09:00:00,1262.66,1266.53,1262.2,1266.0
2024-12-19 10:00:00,1258.46,1259.76,1256.17,1256.46
2024-12-19 11:00:00,1256.56,1257.17,1256.36,1256.63
2024-12-19 13:00:00,1256.22,1256.31,1252.92,1254.06
2024-12-19 14:00:00,1254.01,1254.99,1249.39,1254.67
2024-12-20 09:00:00,1254.01,1254.99,1249.39,1254.67
2024-12-20 10:00:00,1256.24,1257.71,1255.79,1256.46
2024-12-20 11:00:00,1256.49,1256.57,1254.9,1255.33
2024-12-20 13:00:00,1255.46,1259.0,1254.96,1257.85
2024-12-20 14:00:00,1258.03,1258.59,1256.88,1257.5
2024-12-23 09:00:00,1258.03,1258.59,1256.88,1257.5
2024-12-23 10:00:00,1264.44,1264.71,1261.87,1262.11
2024-12-23 11:00:00,1262.15,1263.17,1261.86,1261.93
2024-12-23 13:00:00,1262.69,1264.43,1261.91,1262.07
2024-12-23 14:00:00,1262.13,1263.39,1261.62,1262.76
2024-12-24 09:00:00,1262.13,1263.39,1261.62,1262.76
2024-12-24 10:00:00,1259.54,1260.41,1258.05,1258.74
2024-12-24 11:00:00,1258.88,1258.9,1255.52,1255.52
2024-12-24 13:00:00,1255.2,1257.0,1253.78,1256.94
2024-12-24 14:00:00,1256.56,1260.36,1256.56,1260.36
2024-12-25 09:00:00,1256.56,1260.36,1256.56,1260.36
2024-12-25 10:00:00,1266.78,1276.49,1266.58,1276.07
2024-12-25 11:00:00,1276.15,1283.09,1276.11,1276.29
2024-12-25 13:00:00,1276.08,1276.79,1273.76,1273.78
2024-12-25 14:00:00,1273.77,1275.93,1273.56,1274.04
2024-12-26 09:00:00,1273.77,1275.93,1273.56,1274.04
2024-12-26 10:00:00,1273.74,1276.12,1273.61,1274.79
2024-12-26 11:00:00,1274.72,1275.22,1273.59,1273.84
2024-12-26 13:00:00,1273.53,1274.66,1272.26,1273.39
2024-12-26 14:00:00,1273.47,1274.85,1271.99,1272.87
2024-12-27 09:00:00,1273.47,1274.85,1271.99,1272.87
2024-12-27 10:00:00,1276.14,1276.2,1274.48,1274.94
2024-12-27 11:00:00,1274.93,1275.0,1273.46,1274.12
2024-12-27 13:00:00,1273.55,1275.37,1272.23,1273.5
2024-12-27 14:00:00,1273.74,1277.07,1273.31,1275.14
2024-12-30 09:00:00,1273.74,1277.07,1273.31,1275.14
2024-12-30 10:00:00,1272.12,1272.62,1270.81,1271.73
2024-12-30 11:00:00,1271.63,1272.92,1271.29,1272.8
2024-12-30 13:00:00,1272.13,1272.43,1269.54,1270.05
2024-12-30 14:00:00,1270.16,1272.15,1268.77,1272.02
2024-12-31 09:00:00,1270.16,1272.15,1268.77,1272.02
2024-12-31 10:00:00,1270.39,1272.19,1270.17,1271.83
2024-12-31 11:00:00,1271.27,1271.63,1269.36,1269.48
2024-12-31 13:00:00,1269.16,1270.17,1268.41,1269.29
2024-12-31 14:00:00,1269.45,1270.32,1266.78,1266.78
2025-01-02 09:00:00,1269.45,1270.32,1266.78,1266.78
2025-01-02 10:00:00,1269.3,1269.54,1263.25,1264.08
2025-01-02 11:00:00,1263.96,1265.18,1263.4,1264.67
2025-01-02 13:00:00,1264.3,1268.59,1264.07,1267.72
2025-01-02 14:00:00,1267.42,1269.9,1267.42,1269.71
2025-01-03 09:00:00,1267.42,1269.9,1267.42,1269.71
2025-01-03 10:00:00,1267.59,1267.71,1264.08,1264.23
2025-01-03 11:00:00,1264.2,1264.2,1260.14,1261.52
2025-01-03 13:00:00,1260.81,1261.39,1257.16,1259.33
2025-01-03 14:00:00,1259.47,1261.39,1254.59,1254.59
2025-01-06 09:00:00,1259.47,1261.39,1254.59,1254.59
2025-01-06 10:00:00,1258.41,1260.37,1257.52,1257.9
2025-01-06 11:00:00,1257.96,1258.15,1255.62,1256.2
2025-01-06 13:00:00,1255.83,1257.83,1252.99,1253.05
2025-01-06 14:00:00,1253.08,1254.41,1244.87,1246.35
2025-01-07 09:00:00,1253.08,1254.41,1244.87,1246.35
2025-01-07 10:00:00,1249.91,1250.96,1248.23,1250.05
2025-01-07 11:00:00,1250.03,1253.41,1249.66,1253.32
2025-01-07 13:00:00,1253.24,1254.09,1246.45,1246.72
2025-01-07 14:00:00,1246.86,1249.5,1243.06,1246.95
2025-01-08 09:00:00,1246.86,1249.5,1243.06,1246.95
2025-01-08 10:00:00,1243.85,1245.0,1239.67,1243.59
2025-01-08 11:00:00,1243.57,1244.44,1242.42,1242.85
2025-01-08 13:00:00,1242.87,1248.3,1242.28,1248.3
2025-01-08 14:00:00,1248.47,1251.02,1248.15,1251.02
2025-01-09 09:00:00,1248.47,1251.02,1248.15,1251.02
2025-01-09 10:00:00,1252.88,1253.04,1246.85,1247.87
2025-01-09 11:00:00,1247.89,1248.34,1245.94,1246.51
2025-01-09 13:00:00,1245.97,1247.17,1244.5,1245.01
2025-01-09 14:00:00,1245.01,1246.08,1242.9,1245.77
2025-01-10 09:00:00,1245.01,1246.08,1242.9,1245.77
2025-01-10 10:00:00,1245.89,1247.8,1244.64,1245.1
2025-01-10 11:00:00,1245.09,1245.09,1241.67,1241.85
2025-01-10 13:00:00,1241.49,1241.49,1237.05,1240.32
2025-01-10 14:00:00,1240.19,1242.86,1230.48,1230.48
2025-01-13 09:00:00,1240.19,1242.86,1230.48,1230.48
2025-01-13 10:00:00,1227.02,1228.18,1223.33,1223.51
2025-01-13 11:00:00,1223.6,1224.04,1222.22,1222.9
2025-01-13 13:00:00,1222.37,1228.28,1220.87,1227.88
2025-01-13 14:00:00,1228.17,1235.65,1228.01,1235.65
2025-01-14 09:00:00,1228.17,1235.65,1228.01,1235.65
2025-01-14 10:00:00,1233.57,1234.19,1230.89,1231.36
2025-01-14 11:00:00,1231.28,1231.42,1230.15,1230.67
2025-01-14 13:00:00,1230.46,1231.87,1226.7,1229.78
2025-01-14 14:00:00,1229.63,1230.51,1226.93,1229.07
2025-01-15 09:00:00,1229.63,1230.51,1226.93,1229.07
2025-01-15 10:00:00,1231.55,1233.85,1231.13,1233.84
2025-01-15 11:00:00,1233.82,1236.89,1233.26,1236.89
2025-01-15 13:00:00,1236.65,1237.46,1232.93,1233.81
2025-01-15 14:00:00,1233.75,1236.32,1232.76,1236.18
2025-01-16 09:00:00,1233.75,1236.32,1232.76,1236.18
2025-01-16 10:00:00,1243.22,1244.34,1241.39,1241.78
2025-01-16 11:00:00,1241.7,1241.81,1239.12,1239.52
2025-01-16 13:00:00,1239.69,1240.18,1238.32,1239.1
2025-01-16 14:00:00,1239.07,1242.36,1235.56,1242.36
2025-01-17 09:00:00,1239.07,1242.36,1235.56,1242.36
2025-01-17 10:00:00,1242.37,1242.79,1240.99,1241.35
2025-01-17 11:00:00,1241.27,1243.09,1241.18,1242.78
2025-01-17 13:00:00,1242.51,1246.07,1241.81,1244.91
2025-01-17 14:00:00,1244.97,1249.11,1244.97,1249.11
2025-01-20 09:00:00,1250.03,1251.35,1248.33,1250.2
2025-01-20 10:00:00,1250.4,1253.02,1249.81,1252.61
2025-01-20 11:00:00,1252.52,1252.79,1250.12,1250.17
2025-01-20 13:00:00,1250.31,1250.46,1247.78,1247.93
2025-01-20 14:00:00,1248.17,1249.71,1247.5,1249.55
2025-01-21 09:00:00,1249.55,1254.17,1249.55,1251.44
2025-01-21 10:00:00,1251.39,1251.65,1246.81,1247.85
2025-01-21 11:00:00,1247.89,1248.45,1247.21,1247.52
2025-01-21 13:00:00,1247.4,1247.47,1243.08,1244.51
2025-01-21 14:00:00,1244.67,1247.16,1243.88,1246.09
2025-01-22 09:00:00,1246.09,1249.14,1245.69,1245.93
2025-01-22 10:00:00,1245.78,1248.76,1244.82,1247.28
2025-01-22 11:00:00,1247.31,1247.32,1244.66,1244.75
2025-01-22 13:00:00,1244.67,1247.26,1244.36,1244.82
2025-01-22 14:00:00,1244.91,1245.21,1242.53,1242.53
2025-01-23 09:00:00,1245.59,1251.34,1244.77,1249.13
2025-01-23 10:00:00,1249.2,1253.62,1248.5,1252.32
2025-01-23 11:00:00,1252.33,1255.16,1252.28,1255.1
2025-01-23 13:00:00,1254.89,1259.24,1254.65,1259.13
2025-01-23 14:00:00,1259.25,1263.59,1258.54,1259.63
2025-01-24 09:00:00,1259.26,1261.42,1259.17,1260.62
2025-01-24 10:00:00,1260.59,1260.64,1258.47,1259.52
2025-01-24 11:00:00,1259.51,1259.71,1258.49,1259.24
2025-01-24 13:00:00,1258.78,1264.1,1258.46,1262.61
2025-01-24 14:00:00,1262.68,1265.38,1261.18,1265.05
2025-02-03 09:00:00,1265.05,1265.05,1251.21,1252.74
2025-02-03 10:00:00,1252.41,1256.43,1249.78,1256.43
2025-02-03 11:00:00,1256.35,1257.53,1255.14,1255.48
2025-02-03 13:00:00,1255.58,1255.77,1251.86,1252.02
2025-02-03 14:00:00,1252.21,1253.82,1250.3,1253.03
2025-02-04 09:00:00,1256.91,1258.88,1255.44,1257.53
2025-02-04 10:00:00,1257.3,1260.01,1256.62,1257.61
2025-02-04 11:00:00,1257.56,1261.85,1257.56,1260.98
2025-02-04 13:00:00,1260.79,1263.26,1260.18,1263.02
2025-02-04 14:00:00,1263.03,1264.68,1262.78,1264.68
2025-02-05 09:00:00,1264.68,1269.65,1264.68,1268.58
2025-02-05 10:00:00,1268.66,1271.8,1268.49,1269.1
2025-02-05 11:00:00,1269.22,1269.41,1267.02,1267.8
2025-02-05 13:00:00,1267.24,1268.77,1266.18,1268.73
2025-02-05 14:00:00,1268.75,1270.95,1268.47,1269.61
2025-02-06 09:00:00,1271.33,1275.47,1271.33,1274.61
2025-02-06 10:00:00,1274.5,1274.96,1270.3,1270.5
2025-02-06 11:00:00,1270.69,1272.58,1270.06,1272.15
2025-02-06 13:00:00,1271.69,1272.01,1268.28,1271.37
2025-02-06 14:00:00,1271.32,1273.23,1270.98,1271.48
2025-02-07 09:00:00,1272.12,1273.36,1269.11,1271.94
2025-02-07 10:00:00,1272.11,1274.09,1272.07,1273.66
2025-02-07 11:00:00,1273.78,1274.78,1273.7,1274.38
2025-02-07 13:00:00,1273.85,1279.35,1273.17,1276.87
2025-02-07 14:00:00,1276.77,1278.24,1274.66,1275.2
2025-02-10 09:00:00,1275.2,1275.2,1264.36,1266.15
2025-02-10 10:00:00,1266.15,1274.47,1266.11,1269.27
2025-02-10 11:00:00,1269.16,1270.26,1269.16,1269.88
2025-02-10 13:00:00,1269.35,1270.91,1266.64,1266.95
2025-02-10 14:00:00,1267.02,1269.43,1263.26,1263.26
2025-02-11 09:00:00,1263.26,1267.72,1263.11,1264.62
2025-02-11 10:00:00,1264.47,1267.62,1264.32,1265.97
2025-02-11 11:00:00,1266.03,1266.46,1265.33,1266.41
2025-02-11 13:00:00,1266.25,1267.61,1265.29,1267.1
2025-02-11 14:00:00,1267.15,1268.45,1264.03,1268.45
2025-02-12 09:00:00,1268.45,1272.73,1268.45,1270.9
2025-02-12 10:00:00,1271.01,1272.86,1270.26,1270.69
2025-02-12 11:00:00,1270.69,1270.94,1270.01,1270.49
2025-02-12 13:00:00,1270.55,1270.74,1267.65,1267.78
2025-02-12 14:00:00,1267.64,1269.18,1266.59,1266.91
2025-02-13 09:00:00,1266.91,1267.55,1265.38,1267.07
2025-02-13 10:00:00,1267.05,1267.36,1263.85,1267.11
2025-02-13 11:00:00,1267.4,1268.29,1267.16,1267.54
2025-02-13 13:00:00,1267.22,1270.67,1266.72,1269.03
2025-02-13 14:00:00,1268.96,1270.35,1267.07,1270.35
2025-02-14 09:00:00,1272.15,1278.62,1272.15,1275.6
2025-02-14 10:00:00,1275.52,1280.6,1275.44,1280.22
2025-02-14 11:00:00,1280.14,1280.43,1278.08,1278.19
2025-02-14 13:00:00,1277.89,1278.46,1274.0,1275.29
2025-02-14 14:00:00,1275.32,1276.68,1274.76,1276.08
2025-02-17 09:00:00,1276.87,1278.49,1275.68,1275.92
2025-02-17 10:00:00,1275.9,1277.36,1274.35,1276.52
2025-02-17 11:00:00,1276.64,1278.17,1276.35,1277.4
2025-02-17 13:00:00,1277.72,1278.17,1276.16,1277.13
2025-02-17 14:00:00,1277.22,1277.77,1272.72,1272.72
2025-02-18 09:00:00,1272.72,1277.36,1272.19,1276.84
2025-02-18 10:00:00,1276.79,1283.34,1276.69,1279.58
2025-02-18 11:00:00,1279.48,1279.64,1277.63,1277.82
2025-02-18 13:00:00,1277.68,1277.92,1275.04,1275.12
2025-02-18 14:00:00,1275.27,1278.14,1274.48,1278.14
2025-02-19 09:00:00,1279.62,1281.55,1278.92,1279.3
2025-02-19 10:00:00,1279.41,1285.29,1279.41,1284.24
2025-02-19 11:00:00,1284.29,1286.27,1283.71,1285.88
2025-02-19 13:00:00,1285.85,1287.79,1284.98,1285.59
2025-02-19 14:00:00,1285.76,1288.56,1285.18,1288.56
2025-02-20 09:00:00,1288.56,1294.52,1288.56,1292.39
2025-02-20 10:00:00,1292.47,1293.37,1291.82,1293.05
2025-02-20 11:00:00,1293.06,1295.82,1292.95,1293.28
2025-02-20 13:00:00,1292.78,1293.34,1290.84,1292.12
2025-02-20 14:00:00,1292.11,1293.59,1291.67,1292.98
2025-02-21 09:00:00,1292.98,1296.73,1292.43,1295.23
2025-02-21 10:00:00,1295.43,1295.81,1292.92,1294.07
2025-02-21 11:00:00,1293.91,1295.63,1293.48,1295.19
2025-02-21 13:00:00,1294.7,1296.51,1292.7,1292.78
2025-02-21 14:00:00,1292.39,1296.75,1290.98,1296.75
2025-02-24 09:00:00,1298.29,1299.47,1294.84,1297.92
2025-02-24 10:00:00,1297.71,1301.4,1297.53,1299.29
2025-02-24 11:00:00,1299.15,1299.57,1296.92,1297.78
2025-02-24 13:00:00,1297.54,1298.12,1294.69,1297.21
2025-02-24 14:00:00,1297.41,1304.56,1296.71,1304.56
2025-02-25 09:00:00,1306.86,1309.97,1306.37,1306.84
2025-02-25 10:00:00,1306.85,1306.98,1304.92,1305.7
2025-02-25 11:00:00,1305.66,1305.66,1302.12,1302.62
2025-02-25 13:00:00,1302.23,1303.55,1300.73,1301.37
2025-02-25 14:00:00,1301.27,1304.45,1298.54,1303.16
2025-02-26 09:00:00,1304.5,1306.49,1303.91,1304.78
2025-02-26 10:00:00,1304.71,1305.91,1302.33,1302.7
2025-02-26 11:00:00,1302.98,1303.34,1302.46,1302.92
2025-02-26 13:00:00,1302.64,1304.62,1301.2,1303.92
2025-02-26 14:00:00,1304.04,1304.04,1301.75,1302.96
2025-02-27 09:00:00,1307.31,1307.87,1304.15,1305.63
2025-02-27 10:00:00,1305.67,1306.01,1302.82,1302.93
2025-02-27 11:00:00,1302.87,1302.95,1299.54,1300.01
2025-02-27 13:00:00,1299.39,1302.14,1296.43,1301.94
2025-02-27 14:00:00,1301.67,1307.8,1301.18,1307.8
2025-02-28 09:00:00,1307.8,1308.77,1304.8,1305.15
2025-02-28 10:00:00,1305.04,1305.97,1300.66,1303.94
2025-02-28 11:00:00,1304.09,1305.65,1303.7,1305.17
2025-02-28 13:00:00,1305.2,1307.52,1303.62,1304.26
2025-02-28 14:00:00,1304.33,1308.22,1303.25,1305.36
2025-03-03 09:00:00,1305.3,1309.17,1304.3,1308.36
2025-03-03 10:00:00,1308.12,1309.53,1306.5,1307.22
2025-03-03 11:00:00,1307.16,1308.16,1306.9,1308.12
2025-03-03 13:00:00,1307.76,1309.77,1306.16,1308.99
2025-03-03 14:00:00,1308.74,1309.58,1307.64,1309.37
2025-03-04 09:00:00,1309.37,1309.75,1304.61,1309.64
2025-03-04 10:00:00,1309.46,1309.67,1298.28,1302.68
2025-03-04 11:00:00,1302.57,1303.38,1302.32,1303.22
2025-03-04 13:00:00,1302.89,1312.94,1301.4,1309.89
2025-03-04 14:00:00,1309.9,1313.21,1309.61,1311.91
2025-03-05 09:00:00,1312.96,1319.52,1312.76,1315.91
2025-03-05 10:00:00,1316.01,1316.28,1313.49,1314.22
2025-03-05 11:00:00,1314.0,1314.38,1312.74,1313.71
2025-03-05 13:00:00,1313.6,1314.11,1310.23,1310.73
2025-03-05 14:00:00,1310.8,1312.65,1304.71,1304.71
2025-03-06 09:00:00,1308.39,1311.99,1307.91,1310.79
2025-03-06 10:00:00,1310.87,1311.97,1310.21,1310.61
2025-03-06 11:00:00,1310.47,1311.41,1309.69,1311.21
2025-03-06 13:00:00,1311.08,1312.16,1309.53,1311.67
2025-03-06 14:00:00,1311.82,1318.22,1311.75,1318.22
2025-03-07 09:00:00,1320.08,1321.88,1318.71,1320.05
2025-03-07 10:00:00,1320.06,1324.36,1320.06,1323.84
2025-03-07 11:00:00,1323.61,1323.89,1321.55,1321.59
2025-03-07 13:00:00,1321.08,1325.11,1320.46,1323.6
2025-03-07 14:00:00,1323.54,1327.07,1323.54,1326.05
2025-03-10 09:00:00,1332.03,1335.87,1330.17,1333.18
2025-03-10 10:00:00,1333.12,1333.56,1330.92,1331.33
2025-03-10 11:00:00,1331.39,1334.43,1331.18,1333.7
2025-03-10 13:00:00,1333.55,1334.26,1328.83,1329.52
2025-03-10 14:00:00,1329.58,1331.26,1326.51,1330.28
2025-03-11 09:00:00,1319.09,1323.13,1315.92,1323.08
2025-03-11 10:00:00,1323.13,1325.44,1320.59,1325.31
2025-03-11 11:00:00,1325.57,1326.24,1323.9,1324.23
2025-03-11 13:00:00,1323.69,1328.21,1323.22,1327.31
2025-03-11 14:00:00,1327.17,1332.54,1325.8,1332.54
2025-03-12 09:00:00,1337.63,1342.91,1336.17,1338.71
2025-03-12 10:00:00,1338.77,1338.77,1334.48,1337.09
2025-03-12 11:00:00,1337.08,1338.49,1336.84,1338.02
2025-03-12 13:00:00,1338.0,1338.06,1331.75,1334.89
2025-03-12 14:00:00,1335.03,1337.46,1333.99,1334.41
2025-03-13 09:00:00,1336.41,1336.41,1331.25,1333.63
2025-03-13 10:00:00,1333.57,1340.91,1333.53,1334.29
2025-03-13 11:00:00,1334.28,1335.31,1332.98,1333.17
2025-03-13 13:00:00,1333.06,1335.7,1330.95,1332.86
2025-03-13 14:00:00,1332.86,1333.09,1324.87,1326.27
2025-03-14 09:00:00,1325.84,1332.14,1325.84,1328.63
2025-03-14 10:00:00,1328.53,1333.32,1327.87,1330.86
2025-03-14 11:00:00,1330.98,1331.81,1328.03,1328.21
2025-03-14 13:00:00,1327.9,1329.49,1324.3,1325.67
2025-03-14 14:00:00,1325.83,1327.08,1324.53,1326.15
2025-03-17 09:00:00,1330.62,1333.25,1329.05,1332.36
2025-03-17 10:00:00,1332.52,1333.13,1329.88,1330.36
2025-03-17 11:00:00,1330.36,1331.36,1330.15,1331.01
2025-03-17 13:00:00,1330.78,1333.78,1329.79,1333.31
2025-03-17 14:00:00,1333.48,1336.26,1333.37,1336.26
2025-03-18 09:00:00,1340.59,1341.65,1337.98,1340.8
2025-03-18 10:00:00,1340.89,1341.18,1337.55,1337.92
2025-03-18 11:00:00,1338.01,1338.13,1336.22,1337.48
2025-03-18 13:00:00,1336.97,1337.12,1333.89,1333.91
2025-03-18 14:00:00,1334.16,1335.4,1330.97,1330.97
2025-03-19 09:00:00,1330.46,1330.7,1325.32,1327.16
2025-03-19 10:00:00,1327.03,1329.13,1326.44,1326.44
2025-03-19 11:00:00,1326.53,1326.53,1323.38,1323.67
2025-03-19 13:00:00,1323.23,1325.07,1320.85,1323.14
2025-03-19 14:00:00,1323.03,1326.79,1322.97,1324.63
2025-03-20 09:00:00,1327.2,1332.41,1326.78,1328.72
2025-03-20 10:00:00,1328.77,1328.99,1321.46,1322.66
2025-03-20 11:00:00,1322.56,1322.94,1316.87,1318.08
2025-03-20 13:00:00,1317.31,1323.53,1316.11,1323.53
2025-03-20 14:00:00,1323.01,1324.2,1319.42,1323.93
2025-03-21 09:00:00,1323.94,1325.22,1321.03,1323.02
2025-03-21 10:00:00,1323.22,1324.9,1322.54,1322.54
2025-03-21 11:00:00,1322.58,1324.06,1321.88,1323.94
2025-03-21 13:00:00,1323.38,1323.63,1321.44,1323.19
2025-03-21 14:00:00,1323.15,1324.27,1320.67,1321.88
2025-03-24 09:00:00,1322.9,1325.54,1320.35,1320.39
2025-03-24 10:00:00,1320.52,1321.85,1316.73,1320.99
2025-03-24 11:00:00,1321.16,1321.33,1319.49,1320.21
2025-03-24 13:00:00,1319.81,1324.31,1318.83,1322.96
2025-03-24 14:00:00,1322.91,1330.32,1322.34,1330.32
2025-03-25 09:00:00,1330.99,1336.53,1330.99,1333.06
2025-03-25 10:00:00,1333.01,1337.03,1332.04,1334.32
2025-03-25 11:00:00,1334.38,1335.82,1333.7,1335.46
2025-03-25 13:00:00,1335.6,1337.6,1334.1,1334.56
2025-03-25 14:00:00,1334.72,1334.72,1329.81,1331.92
2025-03-26 09:00:00,1333.61,1338.43,1333.27,1338.22
2025-03-26 10:00:00,1338.29,1338.55,1331.13,1331.13
2025-03-26 11:00:00,1331.24,1332.25,1330.8,1330.91
2025-03-26 13:00:00,1330.44,1333.48,1328.67,1330.23
2025-03-26 14:00:00,1330.14,1330.74,1323.69,1326.09
2025-03-27 09:00:00,1326.21,1328.82,1324.41,1325.54
2025-03-27 10:00:00,1325.68,1327.59,1324.98,1326.72
2025-03-27 11:00:00,1326.71,1327.02,1325.78,1326.31
2025-03-27 13:00:00,1325.83,1327.24,1323.01,1325.66
2025-03-27 14:00:00,1325.78,1326.89,1323.22,1323.81
2025-03-28 09:00:00,1324.42,1325.34,1321.86,1323.73
2025-03-28 10:00:00,1323.72,1324.24,1319.79,1321.98
2025-03-28 11:00:00,1322.0,1322.29,1320.76,1320.8
2025-03-28 13:00:00,1320.27,1321.38,1317.49,1320.87
2025-03-28 14:00:00,1320.75,1321.78,1315.72,1317.46
2025-03-31 09:00:00,1313.34,1313.61,1308.43,1312.18
2025-03-31 10:00:00,1312.24,1314.09,1309.95,1310.7
2025-03-31 11:00:00,1310.65,1310.96,1308.34,1308.83
2025-03-31 13:00:00,1308.39,1309.14,1305.53,1307.73
2025-03-31 14:00:00,1307.73,1309.59,1304.1,1306.86
2025-04-01 09:00:00,1313.03,1314.24,1311.29,1311.72
2025-04-01 10:00:00,1311.82,1315.17,1311.2,1315.13
2025-04-01 11:00:00,1315.37,1317.46,1315.13,1315.17
2025-04-01 13:00:00,1315.14,1315.72,1309.99,1310.24
2025-04-01 14:00:00,1310.23,1317.33,1308.06,1317.33
2025-04-02 09:00:00,1321.81,1323.38,1318.24,1323.15
2025-04-02 10:00:00,1323.29,1324.46,1321.57,1322.51
2025-04-02 11:00:00,1322.51,1322.93,1321.38,1322.84
2025-04-02 13:00:00,1322.3,1322.72,1320.75,1322.0
2025-04-02 14:00:00,1321.72,1324.2,1317.68,1317.83
2025-04-03 09:00:00,1272.87,1277.9,1246.39,1257.84
2025-04-03 10:00:00,1257.68,1258.05,1237.29,1239.46
2025-04-03 11:00:00,1239.0,1240.9,1235.55,1235.55
2025-04-03 13:00:00,1233.74,1233.86,1229.41,1229.63
2025-04-03 14:00:00,1229.59,1229.84,1229.41,1229.84
2025-04-04 09:00:00,1205.64,1205.64,1158.17,1179.6
2025-04-04 10:00:00,1179.66,1202.21,1179.66,1190.35
2025-04-04 11:00:00,1190.34,1190.59,1181.11,1182.07
2025-04-04 13:00:00,1181.18,1189.44,1177.62,1189.44
2025-04-04 14:00:00,1189.82,1210.67,1189.82,1210.67
2025-04-08 09:00:00,1210.67,1210.67,1146.65,1146.95
2025-04-08 10:00:00,1146.79,1146.79,1134.16,1135.31
2025-04-08 11:00:00,1135.38,1142.99,1135.38,1142.93
2025-04-08 13:00:00,1141.38,1141.38,1133.52,1135.75
2025-04-08 14:00:00,1135.72,1136.39,1130.98,1132.79
2025-04-09 09:00:00,1112.27,1117.75,1073.61,1117.58
2025-04-09 10:00:00,1117.76,1141.35,1107.29,1107.29
2025-04-09 11:00:00,1107.51,1116.48,1099.68,1100.31
2025-04-09 13:00:00,1098.65,1121.35,1097.08,1111.41
2025-04-09 14:00:00,1111.48,1111.48,1094.3,1094.3
2025-04-10 09:00:00,1094.3,1167.08,1094.3,1167.07
2025-04-10 10:00:00,1167.07,1167.24,1166.96,1167.18
2025-04-10 11:00:00,1167.18,1167.41,1167.18,1167.4
2025-04-10 13:00:00,1168.3,1168.37,1168.25,1168.3
2025-04-10 14:00:00,1168.3,1168.4,1168.3,1168.34
2025-04-11 09:00:00,1185.86,1199.89,1180.59,1186.49
2025-04-11 10:00:00,1186.08,1206.04,1186.08,1199.96
2025-04-11 11:00:00,1200.1,1200.1,1194.76,1195.09
2025-04-11 13:00:00,1195.42,1211.63,1193.51,1211.46
2025-04-11 14:00:00,1211.66,1222.46,1211.31,1222.46
2025-04-14 09:00:00,1235.01,1235.47,1226.06,1228.24
2025-04-14 10:00:00,1228.61,1234.65,1228.16,1233.32
2025-04-14 11:00:00,1233.23,1233.51,1229.08,1229.74
2025-04-14 13:00:00,1229.48,1237.38,1228.15,1233.9
2025-04-14 14:00:00,1234.03,1242.94,1234.03,1241.44
2025-04-15 09:00:00,1241.44,1242.04,1227.94,1239.0
2025-04-15 10:00:00,1238.76,1246.21,1236.94,1236.94
2025-04-15 11:00:00,1236.86,1237.76,1229.56,1229.56
2025-04-15 13:00:00,1228.57,1230.11,1221.75,1227.95
2025-04-15 14:00:00,1228.23,1230.98,1225.07,1227.79
2025-04-16 09:00:00,1227.79,1231.97,1224.2,1230.62
2025-04-16 10:00:00,1230.73,1233.84,1227.85,1228.9
2025-04-16 11:00:00,1229.28,1229.28,1226.67,1227.23
2025-04-16 13:00:00,1226.25,1226.25,1214.68,1217.15
2025-04-16 14:00:00,1217.42,1217.58,1205.93,1210.3
2025-04-17 09:00:00,1210.3,1213.48,1200.92,1206.06
2025-04-17 10:00:00,1206.16,1206.19,1197.5,1202.26
2025-04-17 11:00:00,1202.38,1203.97,1200.34,1202.22
2025-04-17 13:00:00,1202.03,1212.3,1200.99,1209.26
2025-04-17 14:00:00,1209.42,1217.25,1204.49,1217.25
2025-04-18 09:00:00,1228.37,1229.91,1225.19,1226.22
2025-04-18 10:00:00,1226.28,1226.72,1222.93,1225.37
2025-04-18 11:00:00,1225.24,1227.31,1225.13,1226.2
2025-04-18 13:00:00,1226.18,1234.67,1224.7,1234.19
2025-04-18 14:00:00,1234.16,1234.31,1219.12,1219.12
2025-04-21 09:00:00,1219.38,1222.77,1216.06,1220.39
2025-04-21 10:00:00,1220.89,1220.89,1209.44,1211.08
2025-04-21 11:00:00,1211.12,1211.48,1205.71,1206.15
2025-04-21 13:00:00,1205.15,1210.9,1201.63,1210.6
2025-04-21 14:00:00,1210.49,1212.87,1206.84,1207.07
2025-04-22 09:00:00,1207.07,1207.07,1194.39,1199.39
2025-04-22 10:00:00,1199.43,1203.82,1197.32,1200.69
2025-04-22 11:00:00,1200.7,1200.7,1189.04,1189.07
2025-04-22 13:00:00,1187.06,1187.09,1136.98,1163.41
2025-04-22 14:00:00,1163.22,1198.08,1163.22,1197.13
2025-04-23 09:00:00,1207.1,1216.28,1206.17,1206.83
2025-04-23 10:00:00,1206.89,1208.21,1202.27,1208.05
2025-04-23 11:00:00,1208.05,1209.73,1205.23,1209.63
2025-04-23 13:00:00,1209.03,1213.2,1208.51,1212.95
2025-04-23 14:00:00,1213.15,1215.0,1208.95,1211.0
2025-04-24 09:00:00,1214.78,1222.48,1212.88,1217.26
2025-04-24 10:00:00,1217.28,1217.43,1210.37,1210.52
2025-04-24 11:00:00,1210.66,1215.51,1210.42,1214.08
2025-04-24 13:00:00,1212.7,1218.96,1210.91,1217.08
2025-04-24 14:00:00,1217.02,1224.66,1216.96,1223.35
2025-04-25 09:00:00,1223.65,1230.72,1223.65,1230.17
2025-04-25 10:00:00,1229.93,1230.17,1222.41,1223.22
2025-04-25 11:00:00,1223.07,1224.6,1221.2,1222.9
2025-04-25 13:00:00,1222.09,1227.81,1220.67,1225.1
2025-04-25 14:00:00,1225.12,1230.45,1223.47,1229.23
2025-04-28 09:00:00,1234.3,1234.3,1226.67,1227.95
2025-04-28 10:00:00,1228.0,1228.05,1223.66,1223.66
2025-04-28 11:00:00,1224.0,1225.89,1222.56,1225.54
2025-04-28 13:00:00,1225.39,1229.79,1224.13,1229.63
2025-04-28 14:00:00,1229.88,1230.27,1224.92,1226.8
2025-04-29 09:00:00,1226.99,1227.42,1223.84,1226.58
2025-04-29 10:00:00,1226.71,1228.23,1222.78,1223.83
2025-04-29 11:00:00,1223.79,1225.57,1222.3,1223.85
2025-04-29 13:00:00,1223.61,1229.1,1222.42,1228.65
2025-04-29 14:00:00,1228.29,1228.81,1226.07,1226.3
2025-05-05 09:00:00,1226.3,1235.67,1226.3,1230.49
2025-05-05 10:00:00,1230.47,1231.29,1228.5,1229.95
2025-05-05 11:00:00,1229.82,1231.13,1228.71,1231.13
2025-05-05 13:00:00,1231.13,1234.19,1230.41,1234.12
2025-05-05 14:00:00,1234.7,1240.05,1234.21,1240.05
2025-05-06 09:00:00,1240.05,1247.5,1240.05,1245.88
2025-05-06 10:00:00,1245.85,1250.27,1245.58,1247.26
2025-05-06 11:00:00,1247.33,1248.16,1246.58,1248.16
2025-05-06 13:00:00,1248.11,1251.02,1245.95,1247.7
2025-05-06 14:00:00,1247.86,1247.86,1240.9,1241.95
2025-05-07 09:00:00,1241.1,1248.74,1240.67,1247.62
2025-05-07 10:00:00,1247.61,1248.54,1244.26,1244.8
2025-05-07 11:00:00,1245.24,1246.33,1244.62,1245.57
2025-05-07 13:00:00,1244.95,1247.72,1244.21,1247.15
2025-05-07 14:00:00,1247.45,1250.79,1247.45,1250.37
2025-05-08 09:00:00,1250.37,1259.06,1250.37,1258.74
2025-05-08 10:00:00,1259.07,1259.6,1253.92,1253.99
2025-05-08 11:00:00,1253.91,1255.84,1253.31,1255.66
2025-05-08 13:00:00,1255.48,1266.15,1254.71,1266.15
2025-05-08 14:00:00,1265.88,1271.44,1264.85,1269.8
2025-05-09 09:00:00,1269.8,1275.59,1268.16,1268.45
2025-05-09 10:00:00,1268.41,1271.82,1267.91,1268.13
2025-05-09 11:00:00,1268.24,1269.78,1267.1,1269.75
2025-05-09 13:00:00,1269.01,1272.03,1267.19,1268.83
2025-05-09 14:00:00,1268.81,1269.23,1264.87,1267.3
2025-05-12 09:00:00,1267.3,1280.13,1267.3,1275.55
2025-05-12 10:00:00,1275.46,1275.47,1267.7,1271.15
2025-05-12 11:00:00,1271.13,1275.2,1270.64,1274.92
2025-05-12 13:00:00,1275.01,1278.23,1273.49,1274.89
2025-05-12 14:00:00,1274.84,1283.86,1274.41,1283.26
2025-05-13 09:00:00,1283.26,1292.99,1283.26,1288.55
2025-05-13 10:00:00,1288.42,1290.16,1286.9,1288.11
2025-05-13 11:00:00,1288.18,1290.14,1287.96,1289.03
2025-05-13 13:00:00,1288.81,1290.47,1286.76,1290.07
2025-05-13 14:00:00,1290.0,1293.43,1286.78,1293.43
2025-05-14 09:00:00,1293.43,1308.04,1293.43,1307.04
2025-05-14 10:00:00,1306.28,1307.16,1300.95,1302.61
2025-05-14 11:00:00,1302.73,1305.33,1302.69,1303.83
2025-05-14 13:00:00,1303.81,1306.65,1301.3,1306.04
2025-05-14 14:00:00,1305.45,1309.88,1305.31,1309.73
2025-05-15 09:00:00,1309.73,1315.86,1309.22,1309.83
2025-05-15 10:00:00,1309.37,1310.64,1301.61,1303.95
2025-05-15 11:00:00,1303.77,1307.26,1303.18,1306.72
2025-05-15 13:00:00,1306.34,1312.03,1304.68,1312.03
2025-05-15 14:00:00,1312.05,1314.65,1309.98,1313.2
2025-05-16 09:00:00,1313.2,1316.53,1309.24,1313.35
2025-05-16 10:00:00,1313.13,1315.37,1310.31,1310.31
2025-05-16 11:00:00,1310.5,1310.5,1306.52,1307.89
2025-05-16 13:00:00,1307.8,1307.8,1299.77,1304.27
2025-05-16 14:00:00,1303.91,1305.88,1301.39,1301.39
2025-05-19 09:00:00,1301.39,1301.39,1291.66,1297.02
2025-05-19 10:00:00,1296.8,1304.85,1296.25,1304.58
2025-05-19 11:00:00,1304.86,1305.07,1301.78,1302.97
2025-05-19 13:00:00,1302.7,1306.2,1299.63,1299.99
2025-05-19 14:00:00,1299.76,1300.97,1296.29,1296.29
2025-05-20 09:00:00,1296.29,1305.8,1296.29,1304.49
2025-05-20 10:00:00,1304.74,1311.63,1304.27,1311.48
2025-05-20 11:00:00,1311.53,1313.46,1311.13,1313.33
2025-05-20 13:00:00,1313.11,1316.67,1312.2,1313.76
2025-05-20 14:00:00,1313.78,1315.49,1312.69,1315.15
2025-05-21 09:00:00,1315.15,1331.6,1315.15,1323.85
2025-05-21 10:00:00,1323.71,1323.86,1313.13,1315.17
2025-05-21 11:00:00,1315.19,1316.82,1315.0,1316.13
2025-05-21 13:00:00,1315.21,1320.88,1313.62,1320.18
2025-05-21 14:00:00,1320.02,1323.16,1319.04,1323.05
2025-05-22 09:00:00,1323.05,1326.41,1317.82,1321.38
2025-05-22 10:00:00,1321.8,1328.34,1321.8,1328.07
2025-05-22 11:00:00,1328.06,1331.93,1327.97,1331.92
2025-05-22 13:00:00,1331.83,1331.83,1323.76,1327.47
2025-05-22 14:00:00,1327.58,1327.59,1312.82,1313.84
2025-05-23 09:00:00,1313.84,1320.07,1313.84,1317.99
2025-05-23 10:00:00,1317.81,1318.61,1308.62,1312.91
2025-05-23 11:00:00,1312.68,1314.11,1311.53,1313.25
2025-05-23 13:00:00,1312.76,1315.03,1310.12,1310.79
2025-05-23 14:00:00,1311.04,1314.76,1310.57,1314.46
2025-05-26 09:00:00,1314.46,1320.82,1288.86,1301.45
2025-05-26 10:00:00,1301.59,1307.96,1300.69,1303.87
2025-05-26 11:00:00,1303.77,1311.29,1303.77,1310.92
2025-05-26 13:00:00,1310.45,1316.52,1308.32,1316.18
2025-05-26 14:00:00,1316.11,1332.51,1316.11,1332.51
2025-05-27 09:00:00,1332.51,1339.33,1329.6,1332.33
2025-05-27 10:00:00,1332.45,1337.2,1331.06,1336.86
2025-05-27 11:00:00,1337.28,1338.52,1336.43,1338.14
2025-05-27 13:00:00,1338.1,1338.1,1332.24,1337.72
2025-05-27 14:00:00,1337.74,1339.81,1333.45,1339.81
2025-05-28 09:00:00,1339.81,1347.21,1339.81,1343.26
2025-05-28 10:00:00,1343.47,1346.97,1341.87,1346.7
2025-05-28 11:00:00,1346.49,1348.05,1345.85,1345.86
2025-05-28 13:00:00,1345.66,1345.66,1340.1,1341.63
2025-05-28 14:00:00,1340.67,1343.29,1337.18,1341.87
2025-05-29 09:00:00,1341.87,1348.31,1341.87,1346.71
2025-05-29 10:00:00,1346.81,1347.29,1342.92,1343.31
2025-05-29 11:00:00,1343.15,1343.48,1338.95,1338.97
2025-05-29 13:00:00,1338.53,1341.03,1335.62,1339.17
2025-05-29 14:00:00,1339.15,1344.16,1339.15,1341.86
2025-05-30 09:00:00,1341.86,1344.32,1338.38,1338.83
2025-05-30 10:00:00,1338.76,1341.23,1337.82,1338.78
2025-05-30 11:00:00,1338.94,1338.94,1334.51,1336.42
2025-05-30 13:00:00,1336.13,1337.86,1334.13,1337.69
2025-05-30 14:00:00,1337.51,1337.67,1331.37,1332.6
2025-06-02 09:00:00,1332.6,1334.27,1326.39,1331.82
2025-06-02 10:00:00,1332.02,1332.17,1327.93,1327.93
2025-06-02 11:00:00,1327.66,1329.08,1324.4,1324.4
2025-06-02 13:00:00,1324.02,1334.81,1322.95,1334.34
2025-06-02 14:00:00,1334.53,1336.3,1331.49,1336.3
2025-06-03 09:00:00,1336.3,1346.46,1336.3,1344.58
2025-06-03 10:00:00,1344.48,1344.51,1341.67,1342.14
2025-06-03 11:00:00,1342.06,1345.83,1341.97,1345.33
2025-06-03 13:00:00,1345.36,1350.54,1345.09,1350.17
2025-06-03 14:00:00,1350.28,1350.89,1346.21,1347.25
2025-06-04 09:00:00,1347.25,1351.14,1347.25,1348.07
2025-06-04 10:00:00,1347.92,1348.39,1345.2,1347.6
2025-06-04 11:00:00,1347.62,1347.64,1345.47,1346.61
2025-06-04 13:00:00,1346.08,1348.99,1343.33,1345.86
2025-06-04 14:00:00,1345.86,1346.07,1341.53,1345.74
2025-06-05 09:00:00,1345.74,1347.14,1342.28,1342.96
2025-06-05 10:00:00,1343.1,1344.22,1338.31,1338.56
2025-06-05 11:00:00,1338.59,1342.47,1338.59,1341.46
2025-06-05 13:00:00,1341.1,1341.54,1336.11,1338.79
2025-06-05 14:00:00,1338.79,1342.74,1338.49,1342.09
2025-06-06 09:00:00,1342.09,1342.09,1336.79,1339.09
2025-06-06 10:00:00,1339.09,1339.09,1334.01,1336.09
2025-06-06 11:00:00,1335.96,1337.66,1335.74,1336.5
2025-06-06 13:00:00,1336.35,1336.35,1331.41,1334.25
2025-06-06 14:00:00,1334.53,1337.23,1329.67,1329.89
2025-06-09 09:00:00,1329.89,1331.56,1324.53,1324.53
2025-06-09 10:00:00,1324.32,1324.51,1321.54,1322.47
2025-06-09 11:00:00,1322.46,1323.99,1322.37,1323.17
2025-06-09 13:00:00,1322.86,1323.3,1318.72,1320.51
2025-06-09 14:00:00,1320.41,1320.41,1310.57,1310.57
2025-06-10 09:00:00,1310.57,1316.63,1307.74,1315.92
2025-06-10 10:00:00,1315.69,1320.48,1315.03,1317.9
2025-06-10 11:00:00,1317.75,1319.03,1316.8,1318.3
2025-06-10 13:00:00,1317.96,1323.61,1317.17,1318.61
2025-06-10 14:00:00,1318.58,1320.14,1312.21,1316.23
2025-06-11 09:00:00,1316.23,1322.07,1316.23,1316.56
2025-06-11 10:00:00,1316.43,1318.17,1314.21,1316.58
2025-06-11 11:00:00,1316.58,1317.97,1316.3,1316.68
2025-06-11 13:00:00,1316.36,1317.11,1310.39,1311.96
2025-06-11 14:00:00,1311.87,1315.46,1311.87,1315.2
2025-06-12 09:00:00,1315.2,1325.87,1315.2,1324.15
2025-06-12 10:00:00,1323.85,1325.4,1321.97,1322.58
2025-06-12 11:00:00,1322.71,1324.63,1322.34,1322.74
2025-06-12 13:00:00,1322.45,1326.03,1321.52,1321.52
2025-06-12 14:00:00,1321.73,1322.99,1316.8,1322.99
2025-06-13 09:00:00,1322.99,1322.99,1307.92,1308.36
2025-06-13 10:00:00,1308.21,1321.0,1308.1,1320.03
2025-06-13 11:00:00,1320.16,1320.3,1312.48,1312.48
2025-06-13 13:00:00,1312.4,1312.4,1306.11,1306.8
2025-06-13 14:00:00,1306.71,1316.35,1304.12,1315.49
2025-06-16 09:00:00,1315.49,1327.63,1313.4,1324.83
2025-06-16 10:00:00,1324.79,1328.77,1323.99,1326.11
2025-06-16 11:00:00,1326.11,1327.09,1325.46,1326.74
2025-06-16 13:00:00,1326.06,1328.65,1324.61,1328.28
2025-06-16 14:00:00,1328.33,1338.66,1328.17,1338.11
2025-06-17 09:00:00,1338.11,1347.82,1338.11,1347.01
2025-06-17 10:00:00,1347.38,1353.01,1344.9,1345.39
2025-06-17 11:00:00,1345.5,1345.85,1344.69,1344.88
2025-06-17 13:00:00,1344.56,1344.84,1339.39,1344.81
2025-06-17 14:00:00,1344.82,1348.88,1343.41,1347.69
2025-06-18 09:00:00,1347.69,1351.86,1345.7,1351.7
2025-06-18 10:00:00,1351.9,1353.99,1349.05,1349.92
2025-06-18 11:00:00,1349.8,1349.9,1348.59,1349.06
2025-06-18 13:00:00,1349.07,1349.07,1341.64,1342.44
2025-06-18 14:00:00,1342.33,1348.21,1342.33,1346.83
2025-06-19 09:00:00,1346.83,1352.01,1345.8,1349.61
2025-06-19 10:00:00,1349.39,1349.39,1343.5,1346.05
2025-06-19 11:00:00,1346.19,1347.16,1343.98,1344.06
2025-06-19 13:00:00,1343.82,1348.19,1342.08,1347.81
2025-06-19 14:00:00,1347.81,1353.96,1347.81,1352.04
2025-06-20 09:00:00,1352.04,1355.37,1349.77,1353.44
2025-06-20 10:00:00,1353.25,1356.78,1352.5,1353.15
2025-06-20 11:00:00,1353.19,1353.47,1349.66,1350.17
2025-06-20 13:00:00,1349.91,1350.99,1347.65,1350.86
2025-06-20 14:00:00,1350.66,1351.18,1347.36,1349.35
2025-06-23 09:00:00,1349.35,1350.15,1338.49,1350.15
2025-06-23 10:00:00,1350.24,1350.9,1345.54,1346.86
2025-06-23 11:00:00,1346.73,1348.04,1346.47,1347.89
2025-06-23 13:00:00,1347.53,1356.53,1345.79,1355.09
2025-06-23 14:00:00,1355.22,1358.18,1354.24,1358.18
2025-06-24 09:00:00,1358.18,1366.95,1358.18,1366.07
2025-06-24 10:00:00,1365.97,1370.16,1365.87,1369.46
2025-06-24 11:00:00,1369.57,1371.24,1369.54,1369.68
2025-06-24 13:00:00,1369.07,1369.73,1364.64,1367.19
2025-06-24 14:00:00,1366.91,1367.07,1364.96,1366.77
2025-06-25 09:00:00,1366.77,1371.47,1366.77,1367.2
2025-06-25 10:00:00,1367.38,1370.22,1366.25,1368.45
2025-06-25 11:00:00,1368.34,1369.85,1368.07,1369.54
2025-06-25 13:00:00,1369.22,1371.57,1367.52,1368.99
2025-06-25 14:00:00,1368.97,1369.29,1365.47,1366.75
2025-06-26 09:00:00,1366.75,1370.61,1366.75,1368.2
2025-06-26 10:00:00,1368.28,1368.45,1361.77,1362.21
2025-06-26 11:00:00,1362.54,1364.27,1362.41,1363.61
2025-06-26 13:00:00,1363.32,1365.5,1361.34,1363.94
2025-06-26 14:00:00,1364.1,1366.28,1360.78,1365.67
2025-06-27 09:00:00,1365.67,1371.69,1365.29,1365.47
2025-06-27 10:00:00,1365.36,1365.44,1362.09,1364.85
2025-06-27 11:00:00,1364.75,1368.6,1364.75,1368.39
2025-06-27 13:00:00,1368.04,1372.54,1366.91,1370.33
2025-06-27 14:00:00,1370.39,1373.28,1369.8,1371.44
2025-06-30 09:00:00,1371.44,1377.3,1371.44,1374.96
2025-06-30 10:00:00,1374.87,1376.21,1373.56,1375.74
2025-06-30 11:00:00,1376.06,1376.73,1375.38,1376.73
2025-06-30 13:00:00,1376.13,1376.2,1374.28,1375.47
2025-06-30 14:00:00,1375.97,1376.07,1372.74,1376.07
2025-07-01 09:00:00,1376.07,1380.83,1376.07,1379.15
2025-07-01 10:00:00,1379.24,1382.16,1377.79,1377.82
2025-07-01 11:00:00,1377.93,1377.93,1374.21,1374.62
2025-07-01 13:00:00,1374.23,1376.72,1371.95,1376.17
2025-07-01 14:00:00,1376.29,1379.27,1369.74,1377.84
2025-07-02 09:00:00,1377.84,1380.52,1376.19,1376.6
2025-07-02 10:00:00,1376.65,1380.3,1375.26,1379.68
2025-07-02 11:00:00,1379.73,1379.82,1378.79,1379.61
2025-07-02 13:00:00,1379.26,1381.44,1377.96,1381.42
2025-07-02 14:00:00,1381.36,1384.59,1380.68,1384.59
2025-07-03 09:00:00,1384.59,1389.62,1380.85,1386.2
2025-07-03 10:00:00,1386.18,1391.57,1386.04,1391.12
2025-07-03 11:00:00,1391.37,1392.39,1390.78,1391.78
2025-07-03 13:00:00,1391.53,1391.65,1382.76,1385.0
2025-07-03 14:00:00,1384.85,1387.09,1377.06,1381.96
2025-07-04 09:00:00,1381.96,1388.04,1379.62,1379.85
2025-07-04 10:00:00,1379.83,1382.29,1379.4,1382.18
2025-07-04 11:00:00,1382.19,1383.99,1382.06,1383.6
2025-07-04 13:00:00,1383.3,1384.22,1381.33,1382.37
2025-07-04 14:00:00,1382.53,1387.15,1382.48,1386.97
2025-07-07 09:00:00,1386.97,1399.1,1386.97,1395.92
2025-07-07 10:00:00,1395.84,1397.64,1394.39,1397.34
2025-07-07 11:00:00,1397.17,1398.73,1397.17,1398.0
2025-07-07 13:00:00,1397.75,1398.05,1394.57,1394.94
2025-07-07 14:00:00,1394.9,1402.32,1394.85,1402.06
2025-07-08 09:00:00,1402.06,1411.36,1402.06,1407.84
2025-07-08 10:00:00,1407.72,1411.89,1407.16,1409.44
2025-07-08 11:00:00,1409.52,1409.53,1404.66,1405.03
2025-07-08 13:00:00,1404.68,1408.74,1403.36,1408.74
2025-07-08 14:00:00,1408.77,1415.46,1408.48,1415.46
2025-07-09 09:00:00,1415.46,1430.77,1415.46,1430.38
2025-07-09 10:00:00,1430.42,1430.89,1423.59,1427.53
2025-07-09 11:00:00,1427.49,1430.28,1427.25,1428.08
2025-07-09 13:00:00,1427.62,1432.29,1421.46,1422.02
2025-07-09 14:00:00,1422.39,1431.32,1421.96,1431.32
2025-07-10 09:00:00,1431.32,1442.92,1431.32,1439.66
2025-07-10 10:00:00,1439.64,1446.16,1438.93,1445.44
2025-07-10 11:00:00,1445.47,1445.57,1442.15,1442.49
2025-07-10 13:00:00,1442.05,1443.63,1438.55,1443.31
2025-07-10 14:00:00,1443.41,1445.92,1442.12,1445.64
2025-07-11 09:00:00,1445.64,1460.41,1445.64,1449.04
2025-07-11 10:00:00,1449.05,1457.76,1448.29,1457.68
2025-07-11 11:00:00,1457.59,1459.6,1457.26,1458.06
2025-07-11 13:00:00,1457.29,1459.49,1455.28,1457.12
2025-07-11 14:00:00,1457.06,1463.91,1457.0,1457.76
2025-07-14 09:00:00,1457.76,1473.93,1447.72,1462.24
2025-07-14 10:00:00,1462.32,1468.8,1458.72,1468.74
2025-07-14 11:00:00,1468.83,1469.37,1465.12,1465.22
2025-07-14 13:00:00,1465.23,1465.75,1461.08,1464.6
2025-07-14 14:00:00,1464.49,1470.42,1464.33,1470.42
2025-07-15 09:00:00,1470.42,1473.8,1469.33,1472.04
2025-07-15 10:00:00,1472.03,1475.55,1471.68,1473.05
2025-07-15 11:00:00,1473.21,1476.32,1472.81,1474.31
2025-07-15 13:00:00,1474.16,1474.81,1471.35,1471.84
2025-07-15 14:00:00,1471.61,1474.77,1460.49,1460.65
2025-07-16 09:00:00,1460.65,1465.81,1457.31,1464.54
2025-07-16 10:00:00,1464.59,1465.09,1460.3,1463.6
2025-07-16 11:00:00,1463.22,1465.24,1462.94,1464.14
2025-07-16 13:00:00,1463.37,1467.53,1460.77,1466.22
2025-07-16 14:00:00,1466.48,1475.47,1466.15,1475.47
2025-07-17 09:00:00,1475.47,1488.64,1475.47,1484.75
2025-07-17 10:00:00,1484.71,1493.04,1484.14,1492.34
2025-07-17 11:00:00,1492.39,1494.46,1491.29,1493.63
2025-07-17 13:00:00,1493.49,1493.49,1487.05,1488.83
2025-07-17 14:00:00,1488.79,1493.72,1484.01,1490.01
2025-07-18 09:00:00,1490.01,1501.2,1490.01,1496.15
2025-07-18 10:00:00,1495.81,1501.11,1495.74,1499.24
2025-07-18 11:00:00,1499.19,1499.21,1486.57,1487.12
2025-07-18 13:00:00,1486.57,1500.06,1484.29,1496.85
2025-07-18 14:00:00,1496.28,1497.98,1494.42,1497.28
2025-07-21 09:00:00,1497.28,1511.96,1497.28,1507.2
2025-07-21 10:00:00,1507.49,1509.24,1494.06,1496.51
2025-07-21 11:00:00,1496.51,1499.6,1494.14,1494.98
2025-07-21 13:00:00,1494.26,1497.2,1490.59,1494.2
2025-07-21 14:00:00,1494.32,1500.74,1485.05,1485.05
2025-07-22 09:00:00,1485.05,1490.83,1476.61,1483.97
2025-07-22 10:00:00,1483.97,1495.94,1483.97,1494.29
2025-07-22 11:00:00,1494.26,1494.32,1490.99,1491.12
2025-07-22 13:00:00,1490.42,1494.35,1489.08,1493.61
2025-07-22 14:00:00,1493.73,1509.54,1493.72,1509.54
2025-07-23 09:00:00,1509.54,1519.58,1509.54,1513.58
2025-07-23 10:00:00,1514.64,1523.37,1514.64,1520.69
2025-07-23 11:00:00,1520.54,1520.63,1510.03,1510.25
2025-07-23 13:00:00,1510.19,1514.49,1507.14,1512.38
2025-07-23 14:00:00,1511.86,1516.11,1508.1,1512.31
2025-07-24 09:00:00,1512.31,1525.32,1512.31,1523.03
2025-07-24 10:00:00,1523.28,1523.28,1512.47,1513.43
2025-07-24 11:00:00,1513.39,1514.27,1512.67,1513.21
2025-07-24 13:00:00,1513.19,1513.57,1502.82,1512.25
2025-07-24 14:00:00,1512.67,1521.95,1511.74,1521.02
2025-07-25 09:00:00,1521.02,1527.74,1521.02,1524.76
2025-07-25 10:00:00,1524.3,1529.14,1523.98,1526.02
2025-07-25 11:00:00,1526.12,1526.12,1522.55,1523.28
2025-07-25 13:00:00,1523.01,1531.0,1522.28,1528.43
2025-07-25 14:00:00,1528.39,1534.51,1528.31,1531.13
2025-07-28 09:00:00,1531.13,1546.35,1531.13,1541.95
2025-07-28 10:00:00,1542.7,1548.58,1542.29,1548.12
2025-07-28 11:00:00,1547.82,1553.32,1547.82,1550.06
2025-07-28 13:00:00,1549.88,1556.04,1547.89,1552.36
2025-07-28 14:00:00,1552.55,1558.12,1552.08,1557.42
2025-07-29 09:00:00,1557.42,1564.92,1544.17,1553.69
2025-07-29 10:00:00,1553.54,1555.8,1526.73,1542.78
2025-07-29 11:00:00,1542.94,1544.88,1532.37,1533.61
2025-07-29 13:00:00,1532.47,1539.39,1524.47,1532.58
2025-07-29 14:00:00,1532.89,1534.06,1493.41,1493.41
2025-07-30 09:00:00,1493.41,1511.62,1491.83,1504.87
2025-07-30 10:00:00,1504.84,1507.31,1501.0,1504.34
2025-07-30 11:00:00,1504.33,1504.71,1487.26,1490.29
2025-07-30 13:00:00,1489.97,1499.15,1482.45,1497.23
2025-07-30 14:00:00,1497.43,1512.15,1497.43,1507.63
2025-07-31 09:00:00,1507.63,1522.39,1502.28,1508.11
2025-07-31 10:00:00,1507.84,1509.5,1493.69,1493.94
2025-07-31 11:00:00,1493.68,1495.61,1488.3,1492.4
2025-07-31 13:00:00,1491.83,1506.76,1488.59,1503.52
2025-07-31 14:00:00,1503.71,1503.78,1492.11,1502.52
2025-08-01 09:00:00,1502.52,1509.03,1496.26,1506.68
2025-08-01 10:00:00,1506.61,1506.61,1498.67,1500.71
2025-08-01 11:00:00,1500.61,1501.49,1496.11,1496.46
2025-08-01 13:00:00,1496.24,1497.14,1487.68,1487.75
2025-08-01 14:00:00,1487.75,1498.66,1486.59,1495.21
2025-08-04 09:00:00,1495.21,1510.74,1491.11,1506.68
2025-08-04 10:00:00,1506.57,1516.08,1506.55,1512.1
2025-08-04 11:00:00,1512.07,1512.14,1507.41,1507.41
2025-08-04 13:00:00,1506.89,1518.02,1506.01,1517.05
2025-08-04 14:00:00,1516.99,1528.21,1516.99,1528.19
2025-08-05 09:00:00,1528.19,1553.37,1528.19,1549.36
2025-08-05 10:00:00,1549.43,1565.15,1549.1,1565.0
2025-08-05 11:00:00,1564.83,1570.48,1564.59,1565.03
2025-08-05 13:00:00,1564.9,1584.98,1563.99,1583.86
2025-08-05 14:00:00,1583.72,1584.04,1519.08,1547.15
2025-08-06 09:00:00,1547.15,1565.42,1547.15,1559.51
2025-08-06 10:00:00,1559.36,1561.32,1552.97,1556.36
2025-08-06 11:00:00,1556.42,1569.52,1556.42,1568.14
2025-08-06 13:00:00,1566.69,1572.73,1562.66,1566.06
2025-08-06 14:00:00,1566.1,1573.71,1559.83,1573.71
2025-08-07 09:00:00,1573.71,1587.84,1573.71,1575.28
2025-08-07 10:00:00,1574.96,1580.27,1571.92,1572.76
2025-08-07 11:00:00,1572.68,1574.56,1572.07,1572.99
2025-08-07 13:00:00,1572.2,1578.42,1567.72,1572.79
2025-08-07 14:00:00,1572.55,1587.5,1572.42,1581.81
2025-08-08 09:00:00,1581.81,1589.58,1580.2,1585.99
2025-08-08 10:00:00,1586.23,1588.67,1578.26,1580.71
2025-08-08 11:00:00,1580.6,1581.14,1568.58,1569.22
2025-08-08 13:00:00,1568.62,1579.04,1565.45,1575.99
2025-08-08 14:00:00,1576.1,1586.65,1576.1,1584.95
2025-08-11 09:00:00,1584.95,1598.47,1584.95,1595.95
2025-08-11 10:00:00,1595.97,1601.79,1590.91,1597.83
2025-08-11 11:00:00,1597.99,1600.41,1595.12,1600.41
2025-08-11 13:00:00,1599.86,1601.27,1591.72,1596.25
2025-08-11 14:00:00,1596.09,1599.78,1594.5,1596.86
2025-08-12 09:00:00,1596.86,1608.23,1596.86,1604.98
2025-08-12 10:00:00,1605.06,1608.15,1602.1,1606.3
2025-08-12 11:00:00,1606.33,1606.33,1596.54,1596.54
2025-08-12 13:00:00,1595.92,1601.77,1591.18,1601.77
2025-08-12 14:00:00,1601.95,1608.22,1601.72,1608.22
2025-08-13 09:00:00,1615.57,1616.99,1609.33,1610.11
2025-08-13 10:00:00,1609.84,1610.38,1599.95,1600.08
2025-08-13 11:00:00,1599.83,1599.93,1589.04,1591.51
2025-08-13 13:00:00,1591.07,1602.95,1585.54,1598.39
2025-08-13 14:00:00,1598.71,1611.67,1598.71,1611.6
2025-08-14 09:00:00,1623.18,1632.44,1619.76,1630.29
2025-08-14 10:00:00,1630.28,1640.18,1630.09,1636.36
2025-08-14 11:00:00,1636.28,1636.44,1631.64,1632.72
2025-08-14 13:00:00,1632.5,1641.28,1630.14,1635.94
2025-08-14 14:00:00,1635.35,1640.69,1634.63,1640.69
2025-08-15 09:00:00,1658.24,1665.97,1646.8,1658.01
2025-08-15 10:00:00,1658.0,1660.56,1646.81,1647.59
2025-08-15 11:00:00,1647.61,1648.62,1636.99,1639.45
2025-08-15 13:00:00,1638.92,1644.73,1632.22,1644.29
2025-08-15 14:00:00,1643.96,1644.69,1615.26,1630.0
2025-08-18 09:00:00,1638.37,1641.35,1628.15,1635.3
2025-08-18 10:00:00,1635.17,1642.71,1634.73,1639.95
2025-08-18 11:00:00,1639.94,1640.02,1632.98,1633.67
2025-08-18 13:00:00,1633.31,1633.36,1625.61,1630.35
2025-08-18 14:00:00,1630.21,1636.38,1629.76,1636.37
2025-08-19 09:00:00,1646.73,1657.34,1643.04,1651.37
2025-08-19 10:00:00,1651.5,1653.72,1648.28,1648.98
2025-08-19 11:00:00,1649.02,1653.71,1648.59,1653.71
2025-08-19 13:00:00,1653.17,1657.19,1648.12,1652.76
2025-08-19 14:00:00,1652.48,1665.48,1646.78,1654.2
2025-08-20 09:00:00,1662.11,1665.54,1647.88,1660.42
2025-08-20 10:00:00,1660.13,1660.69,1614.6,1633.74
2025-08-20 11:00:00,1634.19,1637.53,1624.68,1633.22
2025-08-20 13:00:00,1632.27,1655.32,1625.09,1650.96
2025-08-20 14:00:00,1650.84,1664.36,1648.98,1664.36
2025-08-21 09:00:00,1674.76,1687.07,1672.26,1683.64
2025-08-21 10:00:00,1683.56,1688.02,1683.25,1685.61
2025-08-21 11:00:00,1685.65,1685.75,1681.83,1683.22
2025-08-21 13:00:00,1682.88,1686.44,1676.55,1676.91
2025-08-21 14:00:00,1676.96,1693.68,1676.52,1688.0
2025-08-22 09:00:00,1680.42,1689.3,1660.58,1679.82
2025-08-22 10:00:00,1679.44,1683.65,1651.05,1651.16
2025-08-22 11:00:00,1650.7,1664.63,1644.37,1646.06
2025-08-22 13:00:00,1644.13,1655.9,1629.49,1647.2
2025-08-22 14:00:00,1646.96,1671.72,1645.47,1645.47
2025-08-25 09:00:00,1659.7,1660.49,1639.27,1648.95
2025-08-25 10:00:00,1648.93,1654.06,1632.9,1635.84
2025-08-25 11:00:00,1635.8,1636.67,1629.76,1632.11
2025-08-25 13:00:00,1630.81,1634.08,1617.52,1623.64
2025-08-25 14:00:00,1623.82,1625.31,1608.53,1614.03
2025-08-26 09:00:00,1611.61,1623.24,1603.73,1622.92
2025-08-26 10:00:00,1622.9,1629.88,1619.72,1624.19
2025-08-26 11:00:00,1624.07,1624.07,1620.09,1620.17
2025-08-26 13:00:00,1619.27,1648.04,1618.94,1647.97
2025-08-26 14:00:00,1648.14,1667.96,1647.85,1667.63
2025-08-27 09:00:00,1678.54,1696.6,1672.52,1683.2
2025-08-27 10:00:00,1683.4,1687.43,1674.48,1679.92
2025-08-27 11:00:00,1679.64,1679.64,1673.53,1677.33
2025-08-27 13:00:00,1675.16,1678.85,1669.67,1672.3
2025-08-27 14:00:00,1672.75,1682.23,1672.75,1672.78
2025-08-28 09:00:00,1679.33,1683.84,1671.58,1676.92
2025-08-28 10:00:00,1676.63,1677.13,1659.68,1668.01
2025-08-28 11:00:00,1668.18,1672.43,1665.89,1669.32
2025-08-28 13:00:00,1668.27,1680.82,1663.88,1677.14
2025-08-28 14:00:00,1677.44,1684.16,1674.34,1680.86
2025-08-29 09:00:00,1690.11,1690.11,1678.57,1684.37
2025-08-29 10:00:00,1684.46,1692.49,1684.46,1689.23
2025-08-29 11:00:00,1689.16,1691.71,1688.27,1690.76
2025-08-29 13:00:00,1689.78,1694.42,1680.93,1683.26
2025-08-29 14:00:00,1683.32,1689.48,1682.21,1682.21
2025-09-03 09:00:00,1682.11,1685.73,1675.59,1681.03
2025-09-03 10:00:00,1680.94,1684.92,1672.88,1675.26
2025-09-03 11:00:00,1675.3,1675.64,1670.39,1675.57
2025-09-03 13:00:00,1674.94,1680.34,1673.83,1676.58
2025-09-03 14:00:00,1676.85,1685.0,1672.21,1681.3
2025-09-04 09:00:00,1687.59,1690.22,1681.65,1682.45
2025-09-04 10:00:00,1682.57,1689.28,1678.3,1679.75
2025-09-04 11:00:00,1679.54,1679.62,1675.95,1678.47
2025-09-04 13:00:00,1678.02,1689.17,1677.29,1685.1
2025-09-04 14:00:00,1685.15,1696.29,1683.19,1696.29
2025-09-05 09:00:00,1705.13,1706.85,1699.87,1702.46
2025-09-05 10:00:00,1702.69,1711.49,1701.35,1706.15
2025-09-05 11:00:00,1707.03,1708.46,1703.77,1705.3
2025-09-05 13:00:00,1704.68,1707.91,1696.08,1696.08
2025-09-05 14:00:00,1696.21,1698.87,1665.81,1666.97
2025-09-08 09:00:00,1660.91,1667.36,1653.07,1660.09
2025-09-08 10:00:00,1659.87,1659.98,1636.52,1642.33
2025-09-08 11:00:00,1643.11,1645.58,1632.84,1639.12
2025-09-08 13:00:00,1637.89,1649.86,1635.59,1644.16
2025-09-08 14:00:00,1644.25,1653.93,1624.53,1624.53
2025-09-09 09:00:00,1629.58,1632.27,1619.64,1625.86
2025-09-09 10:00:00,1625.87,1627.81,1614.07,1614.2
2025-09-09 11:00:00,1614.48,1625.41,1613.01,1624.65
2025-09-09 13:00:00,1624.69,1632.89,1622.32,1622.37
2025-09-09 14:00:00,1622.37,1637.32,1618.88,1637.32
2025-09-10 09:00:00,1646.41,1646.49,1640.87,1644.55
2025-09-10 10:00:00,1644.46,1645.69,1630.91,1630.97
2025-09-10 11:00:00,1630.84,1633.79,1629.98,1633.54
2025-09-10 13:00:00,1633.57,1635.34,1629.29,1634.58
2025-09-10 14:00:00,1634.55,1644.06,1632.94,1643.26
2025-09-11 09:00:00,1638.75,1639.79,1606.96,1612.38
2025-09-11 10:00:00,1612.24,1618.71,1605.76,1615.78
2025-09-11 11:00:00,1615.98,1630.85,1614.43,1629.47
2025-09-11 13:00:00,1628.13,1646.71,1624.61,1646.69
2025-09-11 14:00:00,1647.41,1659.19,1640.68,1657.75
2025-09-12 09:00:00,1662.02,1664.81,1656.48,1659.98
2025-09-12 10:00:00,1660.07,1665.05,1653.79,1663.71
2025-09-12 11:00:00,1663.82,1665.72,1660.01,1661.5
2025-09-12 13:00:00,1661.45,1670.62,1659.46,1666.79
2025-09-12 14:00:00,1666.83,1669.98,1663.69,1667.26
2025-09-15 09:00:00,1672.59,1675.07,1668.1,1674.43
2025-09-15 10:00:00,1674.34,1675.14,1669.99,1672.06
2025-09-15 11:00:00,1671.79,1675.37,1671.79,1674.13
2025-09-15 13:00:00,1673.77,1676.39,1668.09,1675.67
2025-09-15 14:00:00,1675.79,1684.9,1673.16,1684.9
2025-09-16 09:00:00,1696.87,1696.87,1691.21,1692.52
2025-09-16 10:00:00,1692.53,1692.76,1685.93,1692.29
2025-09-16 11:00:00,1692.32,1692.55,1686.61,1687.69
2025-09-16 13:00:00,1687.25,1695.52,1685.54,1685.57
2025-09-16 14:00:00,1685.97,1687.85,1677.03,1680.9
2025-09-17 09:00:00,1678.09,1682.53,1677.66,1680.78
2025-09-17 10:00:00,1680.62,1684.62,1676.63,1681.11
2025-09-17 11:00:00,1680.06,1682.25,1677.94,1681.99
2025-09-17 13:00:00,1681.52,1683.33,1676.88,1680.35
2025-09-17 14:00:00,1680.39,1681.32,1666.34,1670.97
2025-09-18 09:00:00,1675.85,1679.63,1671.16,1671.18
2025-09-18 10:00:00,1670.95,1675.72,1663.52,1666.2
2025-09-18 11:00:00,1666.16,1669.95,1664.97,1667.86
2025-09-18 13:00:00,1667.37,1667.37,1654.32,1662.63
2025-09-18 14:00:00,1662.86,1666.15,1653.89,1665.18
2025-09-19 09:00:00,1671.24,1671.77,1658.95,1659.68
2025-09-19 10:00:00,1659.71,1663.9,1655.57,1656.21
2025-09-19 11:00:00,1655.97,1656.08,1650.56,1651.14
2025-09-19 13:00:00,1650.6,1658.6,1649.16,1655.6
2025-09-19 14:00:00,1655.39,1663.76,1640.62,1658.62
2025-09-22 09:00:00,1656.66,1659.13,1647.18,1649.85
2025-09-22 10:00:00,1648.93,1648.93,1638.99,1643.64
2025-09-22 11:00:00,1643.73,1643.73,1635.55,1635.84
2025-09-22 13:00:00,1635.58,1636.18,1617.2,1617.2
2025-09-22 14:00:00,1617.03,1634.45,1616.02,1634.45
2025-09-23 09:00:00,1635.12,1641.54,1632.36,1639.91
2025-09-23 10:00:00,1639.74,1642.8,1636.68,1638.61
2025-09-23 11:00:00,1638.25,1639.62,1638.04,1638.8
2025-09-23 13:00:00,1638.59,1643.59,1632.56,1635.8
2025-09-23 14:00:00,1635.83,1635.83,1627.58,1635.26
2025-09-24 09:00:00,1635.36,1635.37,1619.09,1628.19
2025-09-24 10:00:00,1627.89,1632.5,1625.23,1626.26
2025-09-24 11:00:00,1626.27,1626.27,1620.31,1621.16
2025-09-24 13:00:00,1620.41,1636.51,1619.26,1631.04
2025-09-24 14:00:00,1631.49,1657.46,1631.49,1657.46
2025-09-25 09:00:00,1661.08,1661.35,1655.28,1660.09
2025-09-25 10:00:00,1659.75,1659.76,1654.47,1655.97
2025-09-25 11:00:00,1656.04,1659.33,1654.82,1657.9
2025-09-25 13:00:00,1657.85,1668.21,1657.55,1664.2
2025-09-25 14:00:00,1664.07,1666.25,1661.72,1666.09
2025-09-26 09:00:00,1666.68,1666.94,1662.25,1662.62
2025-09-26 10:00:00,1662.76,1668.98,1661.92,1662.22
2025-09-26 11:00:00,1662.07,1663.29,1658.55,1660.0
2025-09-26 13:00:00,1659.02,1670.98,1657.94,1670.7
2025-09-26 14:00:00,1670.86,1671.43,1658.6,1660.7
2025-09-29 09:00:00,1659.24,1668.27,1655.03,1666.22
2025-09-29 10:00:00,1665.78,1674.84,1657.22,1669.02
2025-09-29 11:00:00,1668.94,1672.24,1666.86,1668.76
2025-09-29 13:00:00,1668.28,1672.18,1663.57,1669.37
2025-09-29 14:00:00,1669.27,1669.33,1663.24,1666.48
2025-09-30 09:00:00,1667.86,1675.92,1663.6,1668.11
2025-09-30 10:00:00,1668.1,1676.8,1654.85,1660.92
2025-09-30 11:00:00,1660.77,1660.86,1655.36,1655.36
2025-09-30 13:00:00,1655.51,1660.83,1645.97,1659.02
2025-09-30 14:00:00,1658.79,1665.66,1654.01,1661.7
2025-10-01 09:00:00,1664.95,1670.4,1658.81,1668.24
2025-10-01 10:00:00,1668.62,1669.26,1662.21,1664.63
2025-10-01 11:00:00,1664.58,1667.31,1662.93,1666.23
2025-10-01 13:00:00,1665.76,1668.69,1663.85,1666.87
2025-10-01 14:00:00,1666.85,1671.07,1658.98,1665.05
2025-10-02 09:00:00,1668.04,1679.73,1667.36,1675.56
2025-10-02 10:00:00,1675.43,1675.76,1670.13,1670.71
2025-10-02 11:00:00,1670.62,1671.63,1665.96,1666.52
2025-10-02 13:00:00,1666.32,1669.04,1665.07,1666.59
2025-10-02 14:00:00,1666.57,1667.43,1651.18,1652.71
2025-10-03 09:00:00,1651.39,1652.85,1642.61,1647.14
2025-10-03 10:00:00,1647.2,1647.89,1638.72,1640.25
2025-10-03 11:00:00,1640.16,1643.72,1638.6,1642.32
2025-10-03 13:00:00,1641.71,1653.81,1640.16,1652.81
2025-10-03 14:00:00,1652.89,1654.6,1645.72,1645.82
2025-10-06 09:00:00,1673.16,1674.13,1664.17,1670.26
2025-10-06 10:00:00,1670.31,1688.84,1670.24,1677.27
2025-10-06 11:00:00,1676.94,1680.16,1676.86,1679.1
2025-10-06 13:00:00,1679.16,1683.4,1677.34,1681.86
2025-10-06 14:00:00,1681.51,1695.5,1681.13,1695.5
2025-10-07 09:00:00,1703.9,1703.9,1692.11,1696.09
2025-10-07 10:00:00,1695.96,1698.52,1692.37,1694.09
2025-10-07 11:00:00,1693.97,1695.82,1692.42,1694.87
2025-10-07 13:00:00,1693.68,1693.9,1687.44,1687.8
2025-10-07 14:00:00,1687.58,1690.85,1680.74,1685.3
2025-10-08 09:00:00,1701.06,1701.26,1690.79,1691.2
2025-10-08 10:00:00,1691.17,1694.26,1688.29,1688.32
2025-10-08 11:00:00,1688.65,1688.65,1682.38,1683.67
2025-10-08 13:00:00,1683.22,1693.08,1680.87,1690.96
2025-10-08 14:00:00,1691.39,1704.42,1689.63,1697.83
2025-10-09 09:00:00,1702.76,1716.06,1699.17,1713.69
2025-10-09 10:00:00,1713.8,1717.65,1708.54,1708.97
2025-10-09 11:00:00,1708.91,1709.0,1705.91,1708.46
2025-10-09 13:00:00,1707.87,1713.13,1705.79,1710.92
2025-10-09 14:00:00,1711.07,1716.66,1709.73,1716.47
2025-10-10 09:00:00,1725.27,1728.04,1721.76,1727.81
2025-10-10 10:00:00,1727.62,1731.98,1727.47,1730.06
2025-10-10 11:00:00,1730.01,1732.0,1728.67,1731.73
2025-10-10 13:00:00,1731.32,1739.15,1728.77,1738.21
2025-10-10 14:00:00,1738.65,1747.57,1730.98,1747.55
2025-10-13 09:00:00,1738.23,1752.11,1736.03,1748.13
2025-10-13 10:00:00,1747.92,1752.97,1747.92,1750.71
2025-10-13 11:00:00,1750.41,1755.03,1749.2,1754.91
2025-10-13 13:00:00,1754.58,1754.58,1749.0,1753.44
2025-10-13 14:00:00,1753.45,1766.77,1753.27,1765.12
2025-10-14 09:00:00,1782.97,1794.58,1775.76,1785.3
2025-10-14 10:00:00,1785.4,1785.77,1776.16,1784.34
2025-10-14 11:00:00,1784.55,1789.57,1784.3,1786.09
2025-10-14 13:00:00,1785.47,1785.47,1765.12,1768.8
2025-10-14 14:00:00,1768.48,1768.88,1755.64,1761.06
2025-10-15 09:00:00,1766.12,1772.13,1761.25,1770.91
2025-10-15 10:00:00,1770.73,1773.73,1765.27,1765.95
2025-10-15 11:00:00,1766.08,1766.65,1757.08,1757.08
2025-10-15 13:00:00,1756.24,1760.76,1754.89,1759.2
2025-10-15 14:00:00,1759.13,1766.85,1749.44,1757.95
2025-10-16 09:00:00,1764.51,1764.83,1756.2,1761.64
2025-10-16 10:00:00,1761.33,1763.11,1757.4,1761.06
2025-10-16 11:00:00,1760.98,1762.28,1756.99,1762.28
2025-10-16 13:00:00,1761.84,1768.45,1753.85,1754.02
2025-10-16 14:00:00,1753.82,1766.85,1753.5,1766.85
2025-10-17 09:00:00,1771.61,1771.61,1757.04,1759.55
2025-10-17 10:00:00,1759.64,1763.9,1756.67,1756.71
2025-10-17 11:00:00,1756.88,1757.87,1752.31,1753.32
2025-10-17 13:00:00,1752.31,1753.61,1738.77,1738.77
2025-10-17 14:00:00,1738.66,1743.09,1727.8,1731.19
2025-10-20 09:00:00,1723.59,1727.11,1712.55,1713.16
2025-10-20 10:00:00,1713.07,1719.31,1712.9,1717.61
2025-10-20 11:00:00,1717.71,1720.57,1709.31,1710.67
2025-10-20 13:00:00,1709.25,1717.28,1701.58,1701.58
2025-10-20 14:00:00,1701.44,1701.44,1636.43,1636.43
2025-10-21 09:00:00,1640.8,1664.46,1636.71,1652.12
2025-10-21 10:00:00,1652.04,1657.55,1627.67,1635.57
2025-10-21 11:00:00,1635.8,1636.4,1622.37,1630.47
2025-10-21 13:00:00,1629.86,1662.16,1628.46,1655.1
2025-10-21 14:00:00,1655.13,1677.11,1655.13,1663.43
2025-10-22 09:00:00,1678.82,1678.82,1662.39,1662.39
2025-10-22 10:00:00,1662.73,1662.73,1652.22,1652.24
2025-10-22 11:00:00,1652.14,1657.73,1650.98,1657.48
2025-10-22 13:00:00,1656.83,1656.83,1635.3,1639.65
2025-10-22 14:00:00,1639.59,1678.5,1628.37,1678.5
2025-10-23 09:00:00,1680.73,1683.25,1669.78,1683.25
2025-10-23 10:00:00,1683.71,1687.4,1676.27,1685.48
2025-10-23 11:00:00,1685.5,1692.94,1683.77,1690.49
2025-10-23 13:00:00,1689.36,1694.31,1683.33,1692.19
2025-10-23 14:00:00,1692.44,1698.01,1684.26,1687.06
2025-10-24 09:00:00,1684.88,1691.69,1677.81,1683.77
2025-10-24 10:00:00,1683.84,1684.9,1664.34,1664.34
2025-10-24 11:00:00,1664.14,1673.93,1660.32,1672.72
2025-10-24 13:00:00,1671.65,1687.15,1666.32,1680.95
2025-10-24 14:00:00,1680.87,1689.67,1678.71,1683.18
2025-10-27 09:00:00,1696.45,1697.16,1684.58,1685.63
2025-10-27 10:00:00,1685.26,1687.28,1667.11,1668.29
2025-10-27 11:00:00,1668.39,1680.95,1668.07,1679.02
2025-10-27 13:00:00,1678.75,1681.35,1664.84,1680.06
2025-10-27 14:00:00,1680.23,1681.68,1652.54,1652.54
2025-10-28 09:00:00,1647.86,1652.04,1639.36,1639.36
2025-10-28 10:00:00,1639.59,1648.98,1635.44,1636.88
2025-10-28 11:00:00,1636.51,1637.7,1628.38,1629.8
2025-10-28 13:00:00,1628.48,1650.36,1621.52,1649.28
2025-10-28 14:00:00,1649.41,1680.5,1647.04,1680.5
2025-10-29 09:00:00,1685.9,1685.9,1678.59,1680.44
2025-10-29 10:00:00,1680.29,1683.42,1675.68,1682.98
2025-10-29 11:00:00,1683.04,1690.71,1682.73,1689.49
2025-10-29 13:00:00,1688.9,1694.26,1686.54,1693.9
2025-10-29 14:00:00,1693.74,1695.99,1684.89,1685.83
2025-10-30 09:00:00,1688.83,1690.69,1677.39,1677.53
2025-10-30 10:00:00,1677.7,1678.54,1666.89,1668.81
2025-10-30 11:00:00,1668.9,1674.68,1668.64,1673.85
2025-10-30 13:00:00,1673.52,1676.48,1665.64,1669.08
2025-10-30 14:00:00,1669.13,1677.95,1661.92,1669.57
2025-10-31 09:00:00,1669.61,1669.61,1658.81,1658.81
2025-10-31 10:00:00,1658.74,1658.76,1651.4,1654.55
2025-10-31 11:00:00,1654.56,1654.76,1650.76,1652.78
2025-10-31 13:00:00,1652.12,1662.2,1651.29,1654.41
2025-10-31 14:00:00,1655.48,1658.4,1639.33,1639.65
2025-11-03 09:00:00,1644.56,1652.48,1632.69,1632.69
2025-11-03 10:00:00,1632.28,1641.24,1622.99,1641.24
2025-11-03 11:00:00,1641.25,1651.76,1640.11,1651.76
2025-11-03 13:00:00,1651.3,1652.25,1637.93,1640.55
2025-11-03 14:00:00,1640.95,1643.2,1617.0,1617.0
2025-11-04 09:00:00,1618.02,1628.84,1614.38,1625.02
2025-11-04 10:00:00,1625.04,1625.19,1614.4,1614.95
2025-11-04 11:00:00,1615.05,1616.21,1608.8,1612.53
2025-11-04 13:00:00,1608.99,1640.94,1600.56,1635.9
2025-11-04 14:00:00,1635.99,1658.93,1632.67,1651.98
2025-11-05 09:00:00,1647.46,1653.94,1640.51,1652.52
2025-11-05 10:00:00,1652.66,1659.28,1647.96,1655.94
2025-11-05 11:00:00,1656.15,1659.58,1653.81,1655.72
2025-11-05 13:00:00,1654.41,1658.35,1651.18,1654.16
2025-11-05 14:00:00,1653.98,1658.63,1650.01,1654.89
2025-11-06 09:00:00,1656.67,1658.69,1649.03,1658.13
2025-11-06 10:00:00,1657.87,1657.87,1643.88,1644.18
2025-11-06 11:00:00,1644.59,1644.68,1640.13,1640.58
2025-11-06 13:00:00,1639.96,1650.14,1638.12,1644.4
2025-11-06 14:00:00,1644.48,1656.08,1642.64,1642.64
2025-11-07 09:00:00,1636.24,1638.59,1628.0,1629.5
2025-11-07 10:00:00,1629.65,1629.66,1623.4,1628.28
2025-11-07 11:00:00,1628.27,1628.67,1621.34,1621.47
2025-11-07 13:00:00,1621.38,1625.04,1616.27,1616.27
2025-11-07 14:00:00,1616.27,1616.31,1595.34,1599.1
2025-11-10 09:00:00,1598.02,1600.41,1589.79,1593.85
2025-11-10 10:00:00,1593.38,1594.36,1581.67,1584.5
2025-11-10 11:00:00,1584.78,1599.89,1584.7,1593.08
2025-11-10 13:00:00,1593.32,1609.49,1591.9,1606.4
2025-11-10 14:00:00,1606.35,1606.85,1580.54,1580.54
2025-11-11 09:00:00,1585.32,1594.05,1584.2,1593.95
2025-11-11 10:00:00,1593.95,1597.08,1583.08,1585.61
2025-11-11 11:00:00,1585.59,1589.16,1583.56,1586.47
2025-11-11 13:00:00,1585.74,1596.95,1578.42,1595.08
2025-11-11 14:00:00,1595.24,1596.92,1588.98,1593.61
2025-11-12 09:00:00,1599.63,1605.23,1597.35,1597.57
2025-11-12 10:00:00,1597.71,1600.34,1596.43,1599.79
2025-11-12 11:00:00,1599.7,1608.87,1599.69,1607.41
2025-11-12 13:00:00,1607.28,1623.59,1606.3,1623.21
2025-11-12 14:00:00,1623.23,1631.86,1623.23,1631.86
2025-11-13 09:00:00,1632.64,1636.27,1629.15,1632.15
2025-11-13 10:00:00,1632.24,1633.41,1626.14,1633.41
2025-11-13 11:00:00,1633.36,1636.35,1633.19,1634.49
2025-11-13 13:00:00,1633.96,1638.98,1629.16,1631.29
2025-11-13 14:00:00,1631.28,1632.73,1626.46,1631.44
2025-11-14 09:00:00,1627.45,1632.05,1623.03,1626.98
2025-11-14 10:00:00,1626.86,1627.92,1623.26,1624.55
2025-11-14 11:00:00,1624.51,1631.48,1624.31,1630.62
2025-11-14 13:00:00,1629.44,1637.17,1629.2,1637.03
2025-11-14 14:00:00,1637.29,1638.35,1629.51,1635.46
2025-11-17 09:00:00,1640.47,1651.37,1640.47,1648.5
2025-11-17 10:00:00,1648.01,1649.68,1641.5,1648.91
2025-11-17 11:00:00,1648.93,1652.26,1646.75,1651.85
2025-11-17 13:00:00,1651.35,1653.65,1644.79,1648.66
2025-11-17 14:00:00,1648.8,1654.42,1647.95,1654.42
2025-11-18 09:00:00,1657.43,1659.96,1650.72,1658.29
2025-11-18 10:00:00,1658.18,1658.63,1652.8,1657.33
2025-11-18 11:00:00,1657.25,1658.12,1655.74,1656.16
2025-11-18 13:00:00,1655.43,1655.43,1647.64,1652.8
2025-11-18 14:00:00,1652.84,1660.41,1652.84,1659.92
2025-11-19 09:00:00,1659.25,1661.51,1655.18,1658.9
2025-11-19 10:00:00,1658.88,1659.48,1651.4,1652.18
2025-11-19 11:00:00,1652.24,1656.9,1652.23,1653.51
2025-11-19 13:00:00,1652.54,1655.88,1649.39,1654.08
2025-11-19 14:00:00,1654.46,1654.46,1643.04,1649.0
2025-11-20 09:00:00,1651.93,1654.86,1648.94,1653.83
2025-11-20 10:00:00,1655.03,1660.55,1654.24,1656.11
2025-11-20 11:00:00,1656.01,1656.34,1652.5,1652.9
2025-11-20 13:00:00,1652.9,1655.13,1647.79,1648.22
2025-11-20 14:00:00,1648.96,1658.64,1648.74,1655.99
2025-11-21 09:00:00,1646.36,1648.32,1636.9,1638.32
2025-11-21 10:00:00,1638.38,1643.26,1637.64,1640.29
2025-11-21 11:00:00,1640.26,1640.26,1635.93,1638.29
2025-11-21 13:00:00,1637.71,1648.91,1635.1,1645.79
2025-11-21 14:00:00,1645.89,1656.84,1643.34,1654.93
2025-11-24 09:00:00,1656.03,1673.29,1656.01,1672.37
2025-11-24 10:00:00,1672.57,1672.77,1660.83,1663.79
2025-11-24 11:00:00,1663.71,1668.41,1661.17,1667.09
2025-11-24 13:00:00,1666.62,1674.29,1665.89,1673.33
2025-11-24 14:00:00,1673.15,1673.79,1667.98,1667.98
2025-11-25 09:00:00,1670.08,1676.44,1668.27,1669.79
2025-11-25 10:00:00,1669.91,1676.7,1669.7,1676.11
2025-11-25 11:00:00,1676.12,1676.39,1669.72,1670.73
2025-11-25 13:00:00,1670.79,1672.11,1667.92,1669.47
2025-11-25 14:00:00,1668.71,1670.18,1658.47,1660.36
2025-11-26 09:00:00,1667.31,1675.92,1665.25,1674.87
2025-11-26 10:00:00,1675.02,1675.9,1664.15,1665.31
2025-11-26 11:00:00,1664.98,1667.98,1663.99,1667.64
2025-11-26 13:00:00,1667.11,1676.64,1666.15,1673.08
2025-11-26 14:00:00,1673.14,1682.17,1672.16,1680.36
2025-11-27 09:00:00,1686.03,1695.34,1685.64,1690.44
2025-11-27 10:00:00,1690.26,1690.87,1683.95,1686.88
2025-11-27 11:00:00,1686.57,1686.8,1684.32,1685.82
2025-11-27 13:00:00,1685.22,1690.4,1681.61,1689.46
2025-11-27 14:00:00,1689.58,1689.97,1681.08,1684.32
2025-11-28 09:00:00,1683.77,1694.49,1682.96,1687.85
2025-11-28 10:00:00,1687.94,1689.35,1683.76,1687.71
2025-11-28 11:00:00,1687.86,1693.37,1687.43,1693.37
2025-11-28 13:00:00,1693.21,1696.14,1683.31,1687.23
2025-11-28 14:00:00,1686.85,1690.99,1679.12,1690.99
2025-12-01 09:00:00,1698.98,1713.77,1698.98,1706.75
2025-12-01 10:00:00,1706.86,1708.08,1700.12,1705.06
2025-12-01 11:00:00,1705.02,1705.02,1700.05,1700.28
2025-12-01 13:00:00,1699.88,1703.72,1697.38,1702.79
2025-12-01 14:00:00,1702.5,1708.8,1701.26,1701.67
2025-12-02 09:00:00,1704.84,1704.84,1696.71,1702.11
2025-12-02 10:00:00,1702.54,1703.09,1691.86,1700.79
2025-12-02 11:00:00,1700.63,1700.63,1693.33,1693.98
2025-12-02 13:00:00,1693.39,1707.1,1690.36,1706.76
2025-12-02 14:00:00,1706.77,1719.03,1702.9,1717.06
2025-12-03 09:00:00,1725.9,1726.65,1714.9,1715.08
2025-12-03 10:00:00,1715.17,1723.56,1714.99,1723.51
2025-12-03 11:00:00,1723.5,1727.34,1723.03,1725.38
2025-12-03 13:00:00,1725.15,1738.64,1722.67,1738.45
2025-12-03 14:00:00,1738.51,1741.65,1730.66,1731.77
2025-12-04 09:00:00,1735.41,1739.62,1730.25,1730.5
2025-12-04 10:00:00,1730.21,1731.8,1725.23,1731.8
2025-12-04 11:00:00,1731.83,1732.01,1728.57,1729.89
2025-12-04 13:00:00,1728.7,1741.21,1728.7,1741.21
2025-12-04 14:00:00,1741.29,1741.71,1731.19,1737.24
2025-12-05 09:00:00,1755.72,1758.44,1745.45,1746.29
2025-12-05 10:00:00,1746.12,1747.42,1741.4,1742.29
2025-12-05 11:00:00,1742.26,1745.34,1741.81,1745.27
2025-12-05 13:00:00,1744.47,1747.55,1742.77,1745.32
2025-12-05 14:00:00,1745.19,1746.92,1741.32,1741.32
2025-12-08 09:00:00,1757.42,1758.05,1750.64,1755.47
2025-12-08 10:00:00,1755.75,1758.41,1754.8,1755.21
2025-12-08 11:00:00,1755.27,1756.24,1754.4,1755.49
2025-12-08 13:00:00,1755.44,1755.44,1748.85,1750.22
2025-12-08 14:00:00,1750.19,1755.5,1746.03,1753.74
2025-12-09 09:00:00,1772.03,1772.03,1756.42,1759.59
2025-12-09 10:00:00,1759.25,1759.58,1740.61,1745.68
2025-12-09 11:00:00,1745.27,1746.37,1740.42,1743.12
2025-12-09 13:00:00,1741.71,1753.03,1724.66,1753.03
2025-12-09 14:00:00,1753.0,1760.48,1747.17,1747.17
2025-12-10 09:00:00,1748.82,1748.82,1726.31,1733.63
2025-12-10 10:00:00,1733.55,1733.55,1726.75,1727.74
2025-12-10 11:00:00,1728.59,1729.58,1723.37,1725.06
2025-12-10 13:00:00,1724.4,1729.8,1717.04,1719.25
2025-12-10 14:00:00,1719.05,1723.64,1713.85,1718.98
2025-12-11 09:00:00,1710.28,1718.84,1700.8,1701.89
2025-12-11 10:00:00,1701.85,1703.18,1694.1,1702.15
2025-12-11 11:00:00,1702.25,1706.35,1700.43,1706.34
2025-12-11 13:00:00,1705.74,1708.08,1693.72,1707.76
2025-12-11 14:00:00,1707.88,1710.65,1695.78,1698.9
2025-12-12 09:00:00,1702.72,1702.73,1679.75,1682.86
2025-12-12 10:00:00,1682.83,1683.91,1677.67,1679.04
2025-12-12 11:00:00,1678.91,1685.43,1677.96,1678.27
2025-12-12 13:00:00,1678.33,1680.89,1668.07,1672.6
2025-12-12 14:00:00,1671.1,1677.17,1640.91,1646.89
2025-12-15 09:00:00,1645.87,1650.92,1642.01,1649.29
2025-12-15 10:00:00,1649.66,1665.65,1649.44,1653.16
2025-12-15 11:00:00,1652.7,1654.23,1646.32,1648.05
2025-12-15 13:00:00,1647.93,1649.97,1638.96,1639.38
2025-12-15 14:00:00,1639.23,1648.58,1636.82,1646.01
2025-12-16 09:00:00,1647.42,1648.37,1640.71,1641.26
2025-12-16 10:00:00,1640.6,1642.36,1629.37,1637.93
2025-12-16 11:00:00,1638.04,1641.24,1637.15,1638.11
2025-12-16 13:00:00,1637.86,1680.78,1637.19,1676.49
2025-12-16 14:00:00,1676.57,1689.07,1675.76,1679.18
2025-12-17 09:00:00,1680.18,1683.95,1674.79,1683.32
2025-12-17 10:00:00,1683.4,1683.87,1676.84,1677.63
2025-12-17 11:00:00,1677.79,1678.08,1675.9,1677.39
2025-12-17 13:00:00,1676.71,1680.43,1671.07,1679.11
2025-12-17 14:00:00,1679.74,1683.85,1673.66,1673.66
2025-12-18 09:00:00,1675.54,1675.54,1665.5,1668.6
2025-12-18 10:00:00,1668.9,1672.52,1666.89,1672.14
2025-12-18 11:00:00,1671.91,1673.4,1670.8,1671.57
2025-12-18 13:00:00,1670.48,1674.22,1665.21,1674.03
2025-12-18 14:00:00,1674.17,1676.98,1668.11,1676.98
2025-12-19 09:00:00,1678.72,1694.53,1677.67,1690.76
2025-12-19 10:00:00,1690.74,1697.7,1690.1,1692.14
2025-12-19 11:00:00,1691.9,1693.78,1691.65,1693.6
2025-12-19 13:00:00,1693.36,1694.97,1688.51,1694.71
2025-12-19 14:00:00,1694.85,1705.76,1694.66,1704.31
2025-12-22 09:00:00,1717.42,1725.49,1712.48,1720.55
2025-12-22 10:00:00,1720.49,1727.94,1719.76,1727.94
2025-12-22 11:00:00,1728.07,1735.6,1726.74,1734.32
2025-12-22 13:00:00,1733.83,1745.23,1731.73,1743.66
2025-12-22 14:00:00,1743.57,1751.03,1743.39,1751.03
2025-12-23 09:00:00,1765.0,1777.16,1763.6,1770.51
2025-12-23 10:00:00,1770.33,1771.3,1763.52,1766.64
2025-12-23 11:00:00,1766.56,1770.95,1766.55,1770.62
2025-12-23 13:00:00,1770.11,1778.18,1768.75,1772.39
2025-12-23 14:00:00,1772.64,1775.48,1767.59,1772.15
2025-12-24 09:00:00,1782.71,1784.98,1753.65,1771.05
2025-12-24 10:00:00,1770.86,1780.27,1770.86,1773.18
2025-12-24 11:00:00,1772.97,1773.22,1765.34,1771.42
2025-12-24 13:00:00,1770.11,1772.39,1761.36,1772.38
2025-12-24 14:00:00,1772.69,1782.82,1771.78,1782.82
2025-12-25 09:00:00,1779.19,1793.98,1779.19,1790.3
2025-12-25 10:00:00,1790.58,1805.93,1790.33,1797.36
2025-12-25 11:00:00,1797.38,1797.38,1790.28,1792.19
2025-12-25 13:00:00,1790.47,1791.43,1780.58,1788.36
2025-12-25 14:00:00,1788.37,1792.73,1742.85,1742.85
2025-12-26 09:00:00,1706.39,1716.08,1705.0,1708.26
2025-12-26 10:00:00,1707.95,1708.09,1697.61,1699.69
2025-12-26 11:00:00,1699.85,1699.85,1690.33,1690.47
2025-12-26 13:00:00,1689.88,1710.87,1687.14,1709.37
2025-12-26 14:00:00,1709.63,1730.99,1705.86,1729.8
2025-12-29 09:00:00,1733.39,1747.96,1731.63,1747.31
2025-12-29 10:00:00,1747.41,1747.59,1736.85,1743.41
2025-12-29 11:00:00,1743.44,1745.99,1742.63,1745.17
2025-12-29 13:00:00,1744.14,1752.89,1740.1,1751.44
2025-12-29 14:00:00,1751.4,1754.84,1747.86,1754.84
2025-12-30 09:00:00,1758.45,1761.48,1752.69,1757.37
2025-12-30 10:00:00,1757.74,1758.1,1747.13,1747.81
2025-12-30 11:00:00,1747.89,1749.81,1746.69,1747.16
2025-12-30 13:00:00,1744.96,1756.02,1740.07,1753.75
2025-12-30 14:00:00,1753.71,1766.9,1753.59,1766.9
2025-12-31 09:00:00,1760.81,1774.95,1760.14,1770.36
2025-12-31 10:00:00,1769.99,1776.32,1769.99,1773.02
2025-12-31 11:00:00,1773.02,1783.28,1771.96,1781.56
2025-12-31 13:00:00,1780.94,1787.75,1779.91,1784.36
2025-12-31 14:00:00,1784.35,1785.41,1774.32,1784.49
2026-01-05 09:00:00,1787.13,1797.4,1775.19,1781.79
2026-01-05 10:00:00,1781.91,1786.16,1780.53,1785.27
2026-01-05 11:00:00,1785.49,1790.37,1785.47,1787.61
2026-01-05 13:00:00,1787.4,1795.9,1785.35,1792.89
2026-01-05 14:00:00,1792.95,1792.95,1776.76,1788.4
2026-01-06 09:00:00,1795.57,1809.14,1793.97,1805.2
2026-01-06 10:00:00,1804.84,1804.84,1790.44,1796.98
2026-01-06 11:00:00,1797.25,1797.45,1794.04,1794.41
2026-01-06 13:00:00,1793.84,1814.39,1790.5,1811.79
2026-01-06 14:00:00,1812.0,1817.06,1811.78,1816.27
2026-01-07 09:00:00,1832.23,1838.27,1819.17,1837.31
2026-01-07 10:00:00,1837.25,1838.97,1831.2,1838.85
2026-01-07 11:00:00,1838.96,1839.15,1835.31,1836.29
2026-01-07 13:00:00,1835.26,1848.86,1833.13,1848.52
2026-01-07 14:00:00,1848.63,1861.58,1848.63,1861.58
2026-01-08 09:00:00,1880.81,1888.33,1869.78,1877.03
2026-01-08 10:00:00,1877.19,1881.7,1868.8,1869.35
2026-01-08 11:00:00,1869.34,1873.15,1861.5,1873.03
2026-01-08 13:00:00,1871.69,1886.37,1866.73,1868.99
2026-01-08 14:00:00,1869.59,1878.4,1850.11,1855.56
2026-01-09 09:00:00,1861.02,1872.29,1857.08,1866.46
2026-01-09 10:00:00,1866.7,1868.41,1858.58,1860.94
2026-01-09 11:00:00,1861.22,1862.51,1855.79,1856.23
2026-01-09 13:00:00,1854.87,1880.16,1853.16,1872.93
2026-01-09 14:00:00,1872.72,1876.3,1856.12,1867.9
2026-01-12 09:00:00,1880.38,1887.92,1874.07,1879.36
2026-01-12 10:00:00,1879.3,1882.68,1869.04,1876.24
2026-01-12 11:00:00,1876.42,1876.85,1870.33,1871.33
2026-01-12 13:00:00,1870.93,1881.71,1868.89,1874.33
2026-01-12 14:00:00,1874.12,1877.33,1871.4,1877.33
2026-01-13 09:00:00,1873.93,1892.61,1871.79,1884.87
2026-01-13 10:00:00,1885.36,1895.76,1884.54,1891.63
2026-01-13 11:00:00,1891.7,1901.37,1891.65,1896.71
2026-01-13 13:00:00,1896.65,1910.69,1887.33,1910.44
2026-01-13 14:00:00,1910.56,1910.56,1897.87,1902.93
2026-01-14 09:00:00,1910.32,1910.68,1890.55,1898.62
2026-01-14 10:00:00,1898.57,1918.46,1892.01,1917.14
2026-01-14 11:00:00,1917.31,1917.68,1900.87,1901.02
2026-01-14 13:00:00,1899.87,1910.87,1895.5,1904.95
2026-01-14 14:00:00,1904.51,1904.6,1870.87,1894.44
2026-01-15 09:00:00,1883.7,1884.19,1874.42,1880.85
2026-01-15 10:00:00,1880.89,1880.98,1854.94,1862.51
2026-01-15 11:00:00,1862.24,1865.16,1850.71,1851.73
2026-01-15 13:00:00,1851.47,1868.64,1845.95,1867.38
2026-01-15 14:00:00,1867.2,1872.7,1854.07,1864.8
2026-01-16 09:00:00,1875.14,1901.22,1874.83,1892.7
2026-01-16 10:00:00,1892.38,1893.51,1884.23,1885.75
2026-01-16 11:00:00,1886.05,1895.47,1885.63,1895.34
2026-01-16 13:00:00,1892.96,1897.08,1886.07,1890.09
2026-01-16 14:00:00,1890.1,1893.6,1878.04,1879.13
2026-01-19 09:00:00,1894.67,1897.6,1882.5,1896.56
2026-01-19 10:00:00,1896.33,1897.41,1887.68,1890.1
2026-01-19 11:00:00,1890.49,1894.96,1880.53,1880.76
2026-01-19 13:00:00,1879.93,1887.81,1874.69,1883.92
2026-01-19 14:00:00,1883.8,1898.24,1883.1,1896.59
2026-01-20 09:00:00,1904.58,1907.72,1887.18,1892.98
2026-01-20 10:00:00,1893.47,1900.63,1887.04,1888.25
2026-01-20 11:00:00,1888.46,1895.64,1884.6,1895.27
2026-01-20 13:00:00,1894.45,1915.11,1890.79,1907.44
2026-01-20 14:00:00,1907.15,1907.15,1892.67,1893.78
2026-01-21 09:00:00,1876.96,1887.92,1871.27,1880.12
2026-01-21 10:00:00,1879.78,1889.81,1876.7,1888.38
2026-01-21 11:00:00,1888.51,1894.22,1880.9,1881.04
2026-01-21 13:00:00,1880.45,1880.45,1859.25,1861.61
2026-01-21 14:00:00,1862.16,1886.26,1861.81,1885.44
2026-01-22 09:00:00,1895.08,1899.14,1883.4,1887.36
2026-01-22 10:00:00,1887.56,1904.56,1887.56,1894.13
2026-01-22 11:00:00,1894.15,1896.39,1892.77,1893.09
2026-01-22 13:00:00,1892.53,1893.53,1883.82,1891.9
2026-01-22 14:00:00,1892.31,1898.41,1874.81,1882.73
2026-01-23 09:00:00,1890.39,1898.83,1887.38,1889.74
2026-01-23 10:00:00,1889.62,1890.71,1879.01,1881.84
2026-01-23 11:00:00,1881.88,1882.92,1878.47,1878.93
2026-01-23 13:00:00,1878.49,1887.66,1877.2,1881.4
2026-01-23 14:00:00,1880.83,1881.26,1866.87,1870.79
2026-01-26 09:00:00,1876.81,1879.45,1866.28,1871.25
2026-01-26 10:00:00,1871.27,1872.26,1857.73,1858.3
2026-01-26 11:00:00,1858.5,1863.95,1858.24,1863.12
2026-01-26 13:00:00,1863.14,1865.25,1842.34,1850.09
2026-01-26 14:00:00,1849.88,1852.61,1833.21,1843.72
2026-01-27 09:00:00,1843.94,1845.7,1828.29,1837.32
2026-01-27 10:00:00,1837.38,1841.28,1830.51,1836.77
2026-01-27 11:00:00,1837.35,1840.25,1829.31,1831.8
2026-01-27 13:00:00,1830.78,1842.13,1823.31,1840.78
2026-01-27 14:00:00,1840.56,1840.9,1821.79,1830.5
2026-01-28 09:00:00,1837.67,1842.61,1823.83,1829.71
2026-01-28 10:00:00,1830.47,1837.16,1811.19,1814.87
2026-01-28 11:00:00,1814.56,1814.56,1805.45,1805.73
2026-01-28 13:00:00,1804.51,1821.56,1801.86,1804.91
2026-01-28 14:00:00,1804.95,1806.59,1793.13,1802.91
2026-01-29 09:00:00,1804.15,1814.12,1802.64,1803.36
2026-01-29 10:00:00,1803.53,1804.04,1797.32,1800.4
2026-01-29 11:00:00,1800.43,1801.95,1799.72,1801.95
2026-01-29 13:00:00,1801.24,1808.86,1799.02,1806.12
2026-01-29 14:00:00,1806.31,1814.98,1801.73,1814.98
2026-01-30 09:00:00,1822.1,1824.41,1814.3,1814.73
2026-01-30 10:00:00,1814.33,1825.16,1813.81,1820.99
2026-01-30 11:00:00,1821.24,1828.57,1818.78,1828.52
2026-01-30 13:00:00,1827.84,1831.97,1824.03,1830.33
2026-01-30 14:00:00,1830.22,1830.55,1808.98,1829.04
2026-02-02 09:00:00,1824.1,1827.91,1802.77,1806.21
2026-02-02 10:00:00,1805.76,1807.0,1791.25,1792.81
2026-02-02 11:00:00,1792.65,1792.65,1781.85,1782.57
2026-02-02 13:00:00,1781.85,1797.79,1777.85,1794.8
2026-02-02 14:00:00,1794.77,1806.5,1794.06,1806.5
2026-02-03 09:00:00,1807.09,1819.03,1805.22,1810.99
2026-02-03 10:00:00,1810.95,1816.8,1810.8,1816.64
2026-02-03 11:00:00,1816.88,1823.18,1815.6,1822.06
2026-02-03 13:00:00,1821.47,1827.22,1817.15,1818.44
2026-02-03 14:00:00,1818.45,1818.83,1812.47,1813.4
2026-02-04 09:00:00,1813.87,1813.87,1800.63,1801.06
2026-02-04 10:00:00,1801.23,1804.22,1787.87,1792.62
2026-02-04 11:00:00,1792.52,1794.8,1788.59,1794.61
2026-02-04 13:00:00,1794.53,1799.89,1786.34,1786.42
2026-02-04 14:00:00,1786.63,1794.11,1780.71,1791.43
2026-02-05 09:00:00,1789.14,1797.24,1783.12,1789.64
2026-02-05 10:00:00,1789.97,1800.1,1788.04,1793.63
2026-02-05 11:00:00,1793.35,1794.35,1784.04,1787.22
2026-02-05 13:00:00,1786.1,1794.18,1782.18,1786.69
2026-02-05 14:00:00,1786.47,1797.61,1782.56,1782.56
2026-02-06 09:00:00,1768.77,1782.34,1759.97,1776.51
2026-02-06 10:00:00,1776.76,1777.31,1756.55,1765.76
2026-02-06 11:00:00,1766.32,1766.97,1757.34,1763.56
2026-02-06 13:00:00,1762.32,1776.98,1758.16,1765.53
2026-02-06 14:00:00,1765.4,1774.25,1754.47,1755.49
2026-02-09 09:00:00,1769.76,1771.73,1752.98,1756.41
2026-02-09 10:00:00,1756.7,1759.42,1750.65,1751.1
2026-02-09 11:00:00,1751.12,1754.57,1750.94,1754.33
2026-02-09 13:00:00,1754.2,1759.85,1749.87,1755.0
2026-02-09 14:00:00,1754.85,1757.29,1751.97,1754.82
2026-02-10 09:00:00,1755.83,1776.24,1755.58,1770.47
2026-02-10 10:00:00,1770.22,1770.46,1750.54,1761.54
2026-02-10 11:00:00,1761.66,1767.67,1761.28,1763.46
2026-02-10 13:00:00,1763.11,1763.14,1747.23,1747.23
2026-02-10 14:00:00,1747.1,1754.03,1741.37,1754.03
2026-02-11 09:00:00,1768.18,1787.96,1763.96,1787.96
2026-02-11 10:00:00,1787.63,1792.24,1781.35,1783.69
2026-02-11 11:00:00,1783.99,1788.61,1782.98,1788.43
2026-02-11 13:00:00,1788.37,1799.53,1787.0,1798.29
2026-02-11 14:00:00,1798.35,1799.92,1786.98,1796.85
2026-02-12 09:00:00,1809.01,1813.58,1804.6,1810.19
2026-02-12 10:00:00,1810.34,1811.14,1808.64,1808.95
2026-02-12 11:00:00,1809.03,1813.0,1808.29,1808.96
2026-02-12 13:00:00,1808.61,1816.11,1805.65,1815.68
2026-02-12 14:00:00,1815.84,1816.01,1806.1,1814.09
2026-02-13 09:00:00,1818.07,1818.89,1792.91,1810.11
2026-02-13 10:00:00,1809.62,1813.1,1806.72,1812.76
2026-02-13 11:00:00,1813.25,1816.61,1809.27,1812.41
2026-02-13 13:00:00,1811.98,1821.88,1808.01,1821.29
2026-02-13 14:00:00,1821.2,1824.09,1813.91,1824.09
2026-02-23 09:00:00,1833.9,1847.09,1833.9,1843.02
2026-02-23 10:00:00,1843.22,1845.13,1840.5,1845.03
2026-02-23 11:00:00,1845.08,1849.42,1844.28,1847.72
2026-02-23 13:00:00,1847.06,1863.13,1846.29,1858.57
2026-02-23 14:00:00,1858.87,1860.56,1855.28,1860.14
2026-02-24 09:00:00,1862.18,1863.99,1849.6,1853.91
2026-02-24 10:00:00,1853.85,1862.55,1853.06,1862.35
2026-02-24 11:00:00,1862.58,1865.44,1861.7,1862.93
2026-02-24 13:00:00,1862.54,1864.42,1859.62,1862.38
2026-02-24 14:00:00,1862.28,1867.62,1857.62,1867.62
2026-02-25 09:00:00,1869.49,1869.49,1857.16,1864.16
2026-02-25 10:00:00,1863.97,1876.01,1861.35,1867.72
2026-02-25 11:00:00,1867.64,1869.45,1860.2,1862.41
2026-02-25 13:00:00,1861.72,1865.36,1858.99,1864.5
2026-02-25 14:00:00,1864.54,1864.85,1858.32,1860.91
2026-02-26 09:00:00,1861.32,1875.46,1859.04,1873.2
2026-02-26 10:00:00,1873.21,1873.21,1863.33,1863.68
2026-02-26 11:00:00,1863.63,1873.86,1862.66,1872.85
2026-02-26 13:00:00,1872.7,1875.55,1867.93,1874.79
2026-02-26 14:00:00,1874.87,1882.17,1874.57,1879.64
2026-02-27 09:00:00,1883.12,1899.44,1882.59,1891.59
2026-02-27 10:00:00,1891.58,1891.79,1874.97,1882.09
2026-02-27 11:00:00,1882.32,1885.31,1881.25,1884.49
2026-02-27 13:00:00,1884.28,1884.73,1868.91,1878.96
2026-02-27 14:00:00,1879.43,1880.33,1863.69,1880.33
2026-03-02 09:00:00,1876.01,1876.01,1844.25,1866.3
2026-03-02 10:00:00,1866.03,1876.85,1861.41,1876.85
2026-03-02 11:00:00,1876.35,1885.18,1876.35,1877.18
2026-03-02 13:00:00,1877.08,1878.14,1869.29,1872.95
2026-03-02 14:00:00,1873.17,1873.17,1846.1,1846.1
2026-03-03 09:00:00,1854.28,1854.28,1835.67,1839.45
2026-03-03 10:00:00,1838.75,1842.22,1830.48,1834.11
2026-03-03 11:00:00,1833.97,1835.65,1829.29,1832.42
2026-03-03 13:00:00,1831.66,1831.66,1808.73,1816.99
2026-03-03 14:00:00,1817.22,1818.16,1808.55,1813.14
2026-03-04 09:00:00,1803.54,1833.33,1802.85,1807.51
2026-03-04 10:00:00,1808.81,1810.13,1775.64,1780.17
2026-03-04 11:00:00,1776.41,1799.14,1776.38,1789.76
2026-03-04 13:00:00,1789.24,1799.46,1766.86,1798.36
2026-03-04 14:00:00,1798.95,1818.68,1793.34,1818.27
2026-03-05 09:00:00,1837.34,1849.01,1830.95,1838.95
2026-03-05 10:00:00,1838.99,1846.83,1838.56,1839.01
2026-03-05 11:00:00,1838.58,1840.85,1836.76,1837.04
2026-03-05 13:00:00,1835.63,1835.63,1808.07,1812.85
2026-03-05 14:00:00,1812.82,1821.23,1806.79,1808.51
2026-03-06 09:00:00,1801.08,1801.28,1780.88,1795.11
2026-03-06 10:00:00,1795.13,1801.92,1788.25,1797.38
2026-03-06 11:00:00,1798.43,1807.31,1798.33,1802.46
2026-03-06 13:00:00,1801.19,1801.19,1783.09,1786.65
2026-03-06 14:00:00,1786.53,1792.98,1767.84,1767.84
2026-03-09 09:00:00,1757.73,1757.73,1655.07,1662.71
2026-03-09 10:00:00,1663.17,1663.41,1655.11,1657.25
2026-03-09 11:00:00,1657.23,1657.36,1653.15,1653.44
2026-03-09 13:00:00,1653.11,1671.77,1652.02,1657.71
2026-03-09 14:00:00,1657.66,1657.66,1651.68,1652.79
2026-03-10 09:00:00,1664.52,1700.24,1664.52,1697.02
2026-03-10 10:00:00,1697.25,1716.62,1696.48,1697.35
2026-03-10 11:00:00,1697.6,1698.87,1688.94,1688.94
2026-03-10 13:00:00,1689.3,1689.39,1651.29,1654.88
2026-03-10 14:00:00,1654.85,1688.41,1653.88,1676.73
2026-03-11 09:00:00,1675.87,1694.7,1675.17,1685.61
2026-03-11 10:00:00,1684.98,1701.78,1684.98,1700.85
2026-03-11 11:00:00,1701.01,1709.86,1696.54,1709.45
2026-03-11 13:00:00,1707.63,1728.88,1704.03,1727.41
2026-03-11 14:00:00,1727.25,1729.67,1714.37,1728.34
2026-03-12 09:00:00,1716.62,1724.78,1706.38,1721.76
2026-03-12 10:00:00,1721.74,1725.52,1714.54,1716.75
2026-03-12 11:00:00,1716.86,1718.59,1708.29,1709.44
2026-03-12 13:00:00,1708.28,1718.02,1701.59,1713.65
2026-03-12 14:00:00,1713.99,1714.24,1709.61,1709.61
2026-03-13 09:00:00,1697.72,1706.73,1692.1,1706.73
2026-03-13 10:00:00,1706.67,1713.91,1698.22,1711.48
2026-03-13 11:00:00,1711.53,1716.75,1707.61,1708.46
2026-03-13 13:00:00,1707.95,1707.95,1694.76,1698.82
2026-03-13 14:00:00,1699.12,1699.12,1688.67,1696.24
2026-03-16 09:00:00,1701.06,1704.03,1688.15,1694.95
2026-03-16 10:00:00,1695.32,1707.0,1692.36,1692.87
2026-03-16 11:00:00,1692.52,1692.85,1688.81,1691.74
2026-03-16 13:00:00,1690.9,1692.22,1681.08,1683.06
2026-03-16 14:00:00,1683.24,1693.72,1680.7,1693.21
2026-03-17 09:00:00,1709.38,1732.31,1709.34,1722.95
2026-03-17 10:00:00,1722.77,1727.11,1722.0,1725.07
2026-03-17 11:00:00,1725.07,1726.23,1722.69,1725.78
2026-03-17 13:00:00,1725.32,1725.32,1709.07,1709.91
2026-03-17 14:00:00,1710.06,1716.95,1708.83,1710.29
2026-03-18 09:00:00,1718.3,1742.87,1718.01,1733.85
2026-03-18 10:00:00,1734.07,1742.23,1729.02,1730.54
2026-03-18 11:00:00,1730.25,1730.87,1711.29,1713.14
2026-03-18 13:00:00,1709.99,1727.15,1706.53,1722.14
2026-03-18 14:00:00,1721.8,1731.27,1693.36,1713.83
2026-03-19 09:00:00,1700.77,1705.95,1695.24,1703.3
2026-03-19 10:00:00,1703.03,1703.46,1695.6,1702.22
2026-03-19 11:00:00,1701.45,1704.1,1696.13,1698.48
2026-03-19 13:00:00,1697.08,1697.08,1685.9,1688.19
2026-03-19 14:00:00,1688.29,1709.47,1687.85,1699.13
2026-03-20 09:00:00,1698.62,1698.62,1678.11,1681.22
2026-03-20 10:00:00,1681.3,1682.51,1674.99,1678.29
2026-03-20 11:00:00,1678.51,1679.34,1675.65,1676.0
2026-03-20 13:00:00,1675.45,1675.45,1663.66,1664.02
2026-03-20 14:00:00,1664.23,1664.67,1629.18,1647.81
2026-03-23 09:00:00,1630.11,1636.27,1605.78,1605.78
2026-03-23 10:00:00,1605.37,1615.56,1594.38,1602.87
2026-03-23 11:00:00,1602.52,1616.2,1599.05,1613.57
2026-03-23 13:00:00,1612.66,1612.66,1594.43,1596.21
2026-03-23 14:00:00,1595.99,1601.36,1586.44,1591.17
2026-03-24 09:00:00,1626.34,1626.34,1610.66,1610.73
2026-03-24 10:00:00,1610.59,1630.63,1610.59,1627.04
2026-03-24 11:00:00,1627.23,1627.65,1621.54,1622.69
2026-03-24 13:00:00,1621.48,1621.65,1603.36,1609.27
2026-03-24 14:00:00,1609.25,1614.77,1602.92,1614.77
2026-03-25 09:00:00,1634.15,1653.3,1629.73,1644.87
2026-03-25 10:00:00,1644.96,1652.62,1644.15,1648.93
2026-03-25 11:00:00,1648.85,1649.01,1644.81,1645.76
2026-03-25 13:00:00,1645.91,1652.29,1642.55,1647.43
2026-03-25 14:00:00,1647.49,1658.77,1643.78,1658.19
2026-03-26 09:00:00,1661.53,1661.6,1637.57,1637.91
2026-03-26 10:00:00,1637.76,1648.92,1636.84,1642.92
2026-03-26 11:00:00,1642.74,1644.28,1640.09,1640.38
2026-03-26 13:00:00,1639.59,1645.63,1634.55,1643.19
2026-03-26 14:00:00,1643.42,1646.16,1642.6,1644.63
2026-03-27 09:00:00,1643.89,1652.68,1640.31,1652.57
2026-03-27 10:00:00,1652.58,1657.87,1648.7,1649.22
2026-03-27 11:00:00,1649.11,1653.04,1647.73,1652.89
2026-03-27 13:00:00,1652.09,1664.09,1650.64,1663.3
2026-03-27 14:00:00,1663.64,1673.31,1662.69,1672.8
2026-03-30 09:00:00,1646.08,1647.01,1640.27,1642.22
2026-03-30 10:00:00,1642.3,1654.0,1637.58,1651.21
2026-03-30 11:00:00,1651.06,1651.49,1648.19,1650.15
2026-03-30 13:00:00,1649.67,1671.6,1648.15,1671.6
2026-03-30 14:00:00,1671.52,1671.52,1657.1,1662.54
2026-03-31 09:00:00,1669.57,1673.51,1666.31,1670.52
2026-03-31 10:00:00,1670.47,1677.83,1669.45,1674.86
2026-03-31 11:00:00,1674.87,1674.87,1672.49,1673.64
2026-03-31 13:00:00,1673.54,1675.37,1664.34,1669.47
2026-03-31 14:00:00,1669.25,1674.49,1663.05,1674.49
2026-04-01 09:00:00,1713.92,1715.21,1706.3,1711.2
2026-04-01 10:00:00,1711.2,1712.36,1703.05,1705.18
2026-04-01 11:00:00,1705.36,1705.57,1702.95,1704.9
2026-04-01 13:00:00,1704.33,1713.0,1700.18,1710.42
2026-04-01 14:00:00,1710.48,1711.03,1702.93,1702.93
2026-04-02 09:00:00,1706.15,1706.15,1693.35,1697.93
2026-04-02 10:00:00,1697.96,1699.29,1691.83,1696.1
2026-04-02 11:00:00,1696.06,1698.12,1694.67,1694.77
2026-04-02 13:00:00,1694.69,1694.81,1684.47,1685.81
2026-04-02 14:00:00,1685.61,1695.13,1684.82,1694.82
2026-04-03 09:00:00,1700.14,1713.95,1696.69,1709.28
2026-04-03 10:00:00,1709.09,1709.85,1697.11,1700.55
2026-04-03 11:00:00,1700.25,1701.15,1698.68,1699.34
2026-04-03 13:00:00,1697.88,1697.88,1683.38,1685.36
2026-04-03 14:00:00,1685.33,1685.33,1679.79,1684.04
2026-04-06 09:00:00,1682.09,1693.03,1676.17,1687.06
2026-04-06 10:00:00,1686.62,1687.13,1673.39,1675.53
2026-04-06 11:00:00,1676.1,1679.53,1675.54,1676.09
2026-04-06 13:00:00,1674.69,1683.43,1672.91,1678.22
2026-04-06 14:00:00,1678.31,1678.4,1669.31,1674.99
2026-04-07 09:00:00,1677.99,1682.43,1669.54,1681.66
2026-04-07 10:00:00,1682.09,1690.31,1677.76,1679.5
2026-04-07 11:00:00,1679.4,1679.61,1671.46,1672.93
2026-04-07 13:00:00,1672.09,1675.81,1667.42,1667.58
2026-04-07 14:00:00,1667.56,1680.02,1665.36,1677.54
2026-04-08 09:00:00,1706.59,1726.45,1706.59,1717.35
2026-04-08 10:00:00,1717.29,1740.44,1717.27,1733.3
2026-04-08 11:00:00,1732.53,1738.53,1732.53,1736.2
2026-04-08 13:00:00,1735.83,1754.02,1734.5,1753.77
2026-04-08 14:00:00,1753.89,1756.55,1753.66,1756.55
2026-04-09 09:00:00,1750.88,1754.77,1738.36,1753.72
2026-04-09 10:00:00,1753.94,1754.37,1741.07,1741.07
2026-04-09 11:00:00,1741.17,1743.07,1738.83,1738.93
2026-04-09 13:00:00,1738.28,1747.56,1736.71,1746.88
2026-04-09 14:00:00,1746.67,1751.12,1736.68,1736.68
2026-04-10 09:00:00,1750.86,1762.84,1750.82,1753.84
2026-04-10 10:00:00,1753.63,1758.33,1753.13,1758.33
2026-04-10 11:00:00,1758.18,1759.08,1753.72,1754.25
2026-04-10 13:00:00,1753.15,1759.34,1751.82,1757.0
2026-04-10 14:00:00,1756.7,1756.96,1747.75,1750.0
2026-04-13 09:00:00,1738.57,1748.05,1733.18,1745.92
2026-04-13 10:00:00,1745.87,1747.98,1740.54,1740.55
2026-04-13 11:00:00,1740.63,1741.94,1739.76,1741.94
2026-04-13 13:00:00,1741.12,1760.38,1739.85,1759.62
2026-04-13 14:00:00,1759.97,1765.67,1756.56,1758.96
2026-04-14 09:00:00,1775.41,1784.43,1775.08,1778.92
2026-04-14 10:00:00,1779.04,1779.54,1770.76,1774.11
2026-04-14 11:00:00,1774.19,1774.19,1767.86,1769.65
2026-04-14 13:00:00,1768.77,1772.68,1765.52,1772.01
2026-04-14 14:00:00,1772.22,1775.65,1768.94,1775.65
2026-04-15 09:00:00,1787.37,1795.88,1786.65,1791.57
2026-04-15 10:00:00,1791.65,1793.71,1787.84,1790.46
2026-04-15 11:00:00,1790.55,1791.66,1789.3,1791.66
2026-04-15 13:00:00,1790.86,1795.77,1788.38,1793.4
2026-04-15 14:00:00,1793.64,1801.89,1793.48,1800.65
2026-04-16 09:00:00,1806.2,1816.41,1799.18,1803.42
2026-04-16 10:00:00,1803.06,1819.98,1802.91,1819.36
2026-04-16 11:00:00,1819.34,1823.56,1818.67,1818.74
2026-04-16 13:00:00,1817.92,1824.03,1814.56,1817.41
2026-04-16 14:00:00,1817.39,1820.23,1815.21,1819.83
2026-04-17 09:00:00,1832.33,1846.19,1814.47,1827.65
2026-04-17 10:00:00,1826.62,1833.71,1820.7,1826.0
2026-04-17 11:00:00,1825.75,1829.07,1824.47,1825.72
2026-04-17 13:00:00,1825.03,1837.29,1820.91,1827.6
2026-04-17 14:00:00,1827.61,1828.71,1817.17,1817.17
2026-04-20 09:00:00,1819.03,1819.03,1802.42,1806.77
2026-04-20 10:00:00,1807.14,1831.63,1806.13,1829.41
2026-04-20 11:00:00,1829.06,1835.37,1823.83,1826.33
2026-04-20 13:00:00,1825.5,1833.39,1821.28,1828.06
2026-04-20 14:00:00,1827.62,1838.29,1826.24,1837.11
2026-04-21 09:00:00,1851.84,1865.69,1849.96,1864.7
2026-04-21 10:00:00,1864.88,1866.1,1857.33,1858.05
2026-04-21 11:00:00,1857.89,1858.08,1855.84,1858.0
2026-04-21 13:00:00,1857.61,1857.61,1843.03,1847.79
2026-04-21 14:00:00,1847.85,1848.01,1833.48,1833.48
2026-04-22 09:00:00,1834.53,1841.09,1829.2,1835.29
2026-04-22 10:00:00,1835.47,1836.44,1825.74,1825.78
2026-04-22 11:00:00,1825.7,1827.27,1819.21,1825.08
2026-04-22 13:00:00,1824.19,1860.42,1822.38,1858.9
2026-04-22 14:00:00,1858.77,1861.34,1855.34,1857.3
2026-04-23 09:00:00,1868.31,1881.92,1868.09,1880.21
2026-04-23 10:00:00,1880.28,1888.99,1874.34,1876.14
2026-04-23 11:00:00,1876.3,1879.91,1874.31,1874.63
2026-04-23 13:00:00,1873.97,1873.97,1857.76,1862.58
2026-04-23 14:00:00,1862.46,1875.87,1855.09,1870.36
2026-04-24 09:00:00,1873.23,1876.96,1864.67,1876.96
2026-04-24 10:00:00,1876.86,1881.93,1862.0,1862.68
2026-04-24 11:00:00,1862.66,1864.72,1859.76,1862.41
2026-04-24 13:00:00,1861.47,1861.48,1843.63,1857.66
2026-04-24 14:00:00,1857.1,1859.62,1847.69,1853.29
2026-04-28 09:00:00,1850.07,1872.1,1848.98,1868.69
2026-04-28 10:00:00,1868.82,1886.72,1867.52,1886.72
2026-04-28 11:00:00,1886.73,1887.69,1883.17,1886.05
2026-04-28 13:00:00,1884.69,1884.74,1869.23,1879.5
2026-04-28 14:00:00,1879.28,1880.49,1867.75,1875.84
2026-04-29 09:00:00,1878.96,1881.18,1865.59,1868.25
2026-04-29 10:00:00,1868.09,1869.29,1854.7,1861.59
2026-04-29 11:00:00,1861.64,1862.22,1857.83,1858.98
2026-04-29 13:00:00,1857.97,1861.7,1853.66,1854.26
2026-04-29 14:00:00,1853.74,1859.25,1840.75,1854.1
2026-05-04 09:00:00,1870.66,1876.8,1868.33,1868.59
2026-05-04 10:00:00,1868.47,1868.92,1854.57,1854.62
2026-05-04 11:00:00,1854.63,1857.71,1847.54,1855.66
2026-05-04 13:00:00,1854.41,1859.59,1840.43,1851.09
2026-05-04 14:00:00,1850.6,1859.76,1847.41,1854.06
2026-05-05 09:00:00,1853.08,1862.92,1849.32,1853.49
2026-05-05 10:00:00,1853.47,1872.76,1852.26,1868.39
2026-05-05 11:00:00,1867.73,1875.97,1866.86,1869.02
2026-05-05 13:00:00,1867.65,1871.63,1860.3,1870.98
2026-05-05 14:00:00,1871.05,1874.89,1870.91,1874.85
2026-05-06 09:00:00,1881.22,1886.32,1875.6,1878.7
2026-05-06 10:00:00,1878.7,1878.7,1869.34,1872.79
2026-05-06 11:00:00,1872.39,1873.25,1870.75,1872.19
2026-05-06 13:00:00,1871.97,1885.73,1868.92,1885.65
2026-05-06 14:00:00,1885.79,1892.0,1885.5,1891.2
2026-05-07 09:00:00,1897.44,1908.75,1896.45,1901.99
2026-05-07 10:00:00,1902.15,1912.4,1899.09,1909.0
2026-05-07 11:00:00,1908.96,1909.13,1905.03,1906.4
2026-05-07 13:00:00,1906.19,1924.95,1903.0,1914.57
2026-05-07 14:00:00,1914.6,1915.38,1902.08,1909.01
2026-05-08 09:00:00,1911.15,1911.15,1897.74,1903.08
2026-05-08 10:00:00,1903.15,1904.96,1901.03,1901.5
2026-05-08 11:00:00,1901.49,1901.91,1897.43,1899.74
2026-05-08 13:00:00,1898.49,1921.81,1897.06,1913.21
2026-05-08 14:00:00,1913.71,1918.95,1903.18,1915.37
2026-05-11 09:00:00,1918.93,1927.06,1914.04,1919.51
2026-05-11 10:00:00,1919.5,1924.13,1919.38,1923.79
2026-05-11 11:00:00,1923.51,1923.75,1919.46,1921.29
2026-05-11 13:00:00,1920.67,1922.06,1909.42,1911.45
2026-05-11 14:00:00,1910.95,1912.25,1893.75,1895.5
2026-05-12 09:00:00,1893.2,1898.55,1888.71,1891.89
2026-05-12 10:00:00,1891.94,1894.86,1888.36,1889.79
2026-05-12 11:00:00,1889.84,1890.01,1878.73,1879.82
2026-05-12 13:00:00,1878.49,1901.66,1875.25,1899.15
2026-05-12 14:00:00,1899.31,1906.64,1898.56,1901.1
2026-05-13 09:00:00,1908.77,1908.77,1891.03,1892.07
2026-05-13 10:00:00,1892.19,1897.31,1892.02,1892.33
2026-05-13 11:00:00,1892.38,1892.78,1890.24,1892.75
2026-05-13 13:00:00,1891.75,1894.75,1866.52,1867.0
2026-05-13 14:00:00,1866.58,1898.37,1865.12,1898.37
2026-05-14 09:00:00,1896.72,1903.41,1883.98,1897.14
2026-05-14 10:00:00,1897.11,1919.66,1893.94,1919.66
2026-05-14 11:00:00,1919.06,1921.4,1914.79,1918.51
2026-05-14 13:00:00,1917.11,1927.7,1914.24,1920.63
2026-05-14 14:00:00,1920.33,1925.86,1914.43,1925.46
2026-05-15 09:00:00,1928.61,1930.58,1915.33,1915.87
2026-05-15 10:00:00,1915.99,1919.93,1914.4,1918.45
2026-05-15 11:00:00,1918.32,1922.47,1917.17,1921.98
2026-05-15 13:00:00,1920.58,1920.58,1909.9,1916.36
2026-05-15 14:00:00,1916.23,1925.03,1910.14,1921.6
2026-05-18 09:00:00,1916.56,1922.32,1909.8,1915.12
2026-05-18 10:00:00,1915.04,1915.22,1908.78,1913.94
2026-05-18 11:00:00,1913.67,1922.64,1913.11,1920.76
2026-05-18 13:00:00,1919.92,1926.78,1912.55,1923.86
2026-05-18 14:00:00,1923.43,1932.62,1922.94,1927.94
2026-05-19 09:00:00,1933.01,1933.11,1917.02,1924.72
2026-05-19 10:00:00,1924.66,1925.65,1920.1,1924.18
2026-05-19 11:00:00,1924.49,1926.56,1921.54,1922.7
2026-05-19 13:00:00,1922.22,1922.22,1904.47,1919.49
2026-05-19 14:00:00,1919.83,1919.83,1903.26,1912.93
2026-05-20 09:00:00,1907.1,1919.39,1906.43,1913.35
2026-05-20 10:00:00,1913.3,1918.66,1904.32,1905.19
2026-05-20 11:00:00,1904.94,1906.04,1881.87,1881.87
2026-05-20 13:00:00,1880.91,1904.58,1859.22,1900.48
2026-05-20 14:00:00,1899.94,1913.23,1898.33,1913.23
2026-05-21 09:00:00,1920.44,1923.21,1901.52,1903.3
2026-05-21 10:00:00,1903.21,1906.57,1887.2,1887.32
2026-05-21 11:00:00,1888.33,1898.51,1886.62,1898.51
2026-05-21 13:00:00,1896.96,1899.13,1890.0,1898.12
2026-05-21 14:00:00,1898.1,1908.37,1893.96,1896.89
2026-05-22 09:00:00,1896.74,1896.74,1871.45,1883.02
2026-05-22 10:00:00,1882.97,1886.51,1866.45,1866.96
2026-05-22 11:00:00,1866.85,1866.92,1856.08,1864.97
2026-05-22 13:00:00,1864.22,1875.86,1860.17,1873.49
2026-05-22 14:00:00,1873.22,1882.14,1866.22,1877.13
2026-05-25 09:00:00,1876.37,1889.79,1876.37,1886.48
2026-05-25 10:00:00,1885.7,1888.39,1882.83,1883.54
2026-05-25 11:00:00,1883.55,1883.74,1879.14,1879.14
2026-05-25 13:00:00,1878.82,1891.26,1877.51,1882.02
2026-05-25 14:00:00,1882.27,1887.18,1877.36,1886.03
2026-05-26 09:00:00,1889.15,1889.15,1880.52,1884.55
2026-05-26 10:00:00,1885.2,1887.69,1881.19,1882.89
2026-05-26 11:00:00,1882.76,1883.61,1880.66,1880.89
2026-05-26 13:00:00,1880.4,1882.49,1876.32,1879.69
2026-05-26 14:00:00,1879.7,1887.0,1879.31,1884.18
2026-05-27 09:00:00,1889.87,1889.87,1870.44,1870.84
2026-05-27 10:00:00,1870.69,1877.21,1865.81,1873.29
2026-05-27 11:00:00,1872.97,1873.95,1868.33,1868.43
2026-05-27 13:00:00,1867.83,1875.41,1863.18,1870.37
2026-05-27 14:00:00,1870.17,1874.43,1864.36,1874.43
2026-05-28 09:00:00,1869.7,1880.54,1866.89,1871.38
2026-05-28 10:00:00,1871.36,1871.94,1857.25,1858.96
2026-05-28 11:00:00,1858.83,1861.16,1857.51,1859.0
2026-05-28 13:00:00,1858.48,1877.27,1857.6,1870.97
2026-05-28 14:00:00,1871.17,1882.66,1863.67,1863.67
2026-05-29 09:00:00,1864.42,1868.26,1858.98,1863.76
2026-05-29 10:00:00,1863.9,1865.26,1856.51,1858.53
2026-05-29 11:00:00,1858.48,1863.63,1855.96,1863.23
2026-05-29 13:00:00,1862.36,1873.17,1861.24,1866.11
2026-05-29 14:00:00,1866.12,1869.32,1861.38,1863.49
2026-06-01 09:00:00,1867.44,1871.09,1866.04,1866.18
2026-06-01 10:00:00,1865.82,1866.13,1852.56,1853.78
2026-06-01 11:00:00,1853.37,1854.8,1851.12,1853.04
2026-06-01 13:00:00,1852.29,1852.29,1842.56,1847.0
2026-06-01 14:00:00,1846.85,1849.45,1840.46,1844.54
2026-06-02 09:00:00,1845.32,1858.76,1840.31,1851.75
2026-06-02 10:00:00,1851.81,1852.74,1839.72,1840.04
2026-06-02 11:00:00,1840.07,1841.49,1835.27,1836.1
2026-06-02 13:00:00,1834.6,1838.46,1824.93,1824.93
2026-06-02 14:00:00,1825.18,1830.94,1822.32,1826.47
2026-06-03 09:00:00,1824.18,1827.75,1807.18,1810.83
2026-06-03 10:00:00,1810.97,1813.46,1798.05,1803.48
2026-06-03 11:00:00,1803.37,1811.58,1802.74,1809.26
2026-06-03 13:00:00,1809.08,1831.65,1807.41,1825.76
2026-06-03 14:00:00,1825.93,1828.35,1810.09,1819.01
2026-06-04 09:00:00,1822.08,1826.73,1812.65,1818.87
2026-06-04 10:00:00,1819.04,1824.14,1817.18,1819.04
2026-06-04 11:00:00,1818.97,1819.12,1817.33,1818.66
2026-06-04 13:00:00,1818.62,1828.6,1817.1,1827.85
2026-06-04 14:00:00,1828.03,1831.55,1826.91,1831.55
2026-06-05 09:00:00,1833.07,1844.27,1832.76,1841.05
2026-06-05 10:00:00,1841.11,1844.07,1837.15,1841.47
2026-06-05 11:00:00,1841.6,1846.71,1841.48,1843.09
2026-06-05 13:00:00,1841.61,1842.9,1838.07,1840.08
2026-06-05 14:00:00,1840.04,1843.39,1830.37,1838.9
2026-06-08 09:00:00,1822.1,1822.95,1809.09,1820.03
2026-06-08 10:00:00,1820.35,1821.27,1807.93,1808.62
2026-06-08 11:00:00,1808.56,1808.56,1798.28,1799.22
2026-06-08 13:00:00,1798.57,1802.91,1795.23,1796.64
2026-06-08 14:00:00,1796.75,1799.75,1789.31,1790.53
2026-06-09 09:00:00,1799.21,1800.8,1793.54,1793.68
2026-06-09 10:00:00,1793.61,1794.88,1780.71,1794.88
2026-06-09 11:00:00,1795.02,1795.53,1790.64,1792.6
2026-06-09 13:00:00,1791.82,1796.41,1785.6,1790.44
2026-06-09 14:00:00,1790.56,1795.55,1789.61,1793.05
2026-06-10 09:00:00,1793.45,1797.74,1789.48,1790.9
2026-06-10 10:00:00,1791.38,1800.29,1790.17,1799.86
2026-06-10 11:00:00,1799.93,1803.19,1799.76,1801.26
2026-06-10 13:00:00,1801.01,1801.01,1795.2,1797.68
2026-06-10 14:00:00,1797.86,1805.03,1797.86,1803.71
2026-06-11 09:00:00,1793.15,1794.22,1788.64,1792.62
2026-06-11 10:00:00,1792.82,1797.37,1791.39,1797.37
2026-06-11 11:00:00,1797.26,1798.82,1795.02,1796.99
2026-06-11 13:00:00,1796.52,1800.85,1793.85,1796.08
2026-06-11 14:00:00,1795.93,1801.99,1795.51,1798.61
2026-06-12 09:00:00,1813.07,1813.57,1803.04,1803.18
2026-06-12 10:00:00,1803.17,1809.32,1802.49,1803.43
2026-06-12 11:00:00,1803.15,1803.69,1800.86,1803.19
2026-06-12 13:00:00,1802.87,1806.79,1800.87,1803.8
2026-06-12 14:00:00,1803.87,1804.58,1788.8,1791.65
2026-06-15 09:00:00,1804.24,1810.41,1792.37,1793.04
2026-06-15 10:00:00,1792.99,1794.48,1775.72,1791.97
2026-06-15 11:00:00,1791.89,1796.07,1789.74,1794.58
2026-06-15 13:00:00,1794.24,1802.22,1790.61,1795.41
2026-06-15 14:00:00,1795.28,1799.31,1794.37,1799.31
2026-06-16 09:00:00,1808.56,1811.59,1799.86,1807.73
2026-06-16 10:00:00,1807.33,1807.94,1802.98,1804.19
2026-06-16 11:00:00,1804.27,1806.05,1802.68,1805.96
2026-06-16 13:00:00,1805.78,1807.85,1803.46,1806.04
2026-06-16 14:00:00,1806.34,1807.94,1803.94,1807.94
2026-06-17 09:00:00,1797.41,1808.45,1797.41,1807.04
2026-06-17 10:00:00,1806.83,1807.52,1793.82,1794.1
2026-06-17 11:00:00,1794.29,1794.54,1789.74,1790.11
2026-06-17 13:00:00,1789.56,1806.43,1787.89,1804.84
2026-06-17 14:00:00,1804.72,1808.57,1804.19,1806.2
2026-06-18 09:00:00,1822.37,1836.4,1819.62,1832.95
2026-06-18 10:00:00,1832.97,1836.4,1832.58,1834.77
2026-06-18 11:00:00,1834.82,1835.62,1833.47,1835.42
2026-06-18 13:00:00,1835.2,1835.55,1832.18,1832.37
2026-06-18 14:00:00,1832.46,1833.85,1830.47,1830.47
2026-06-19 09:00:00,1837.38,1838.52,1826.02,1830.83
2026-06-19 10:00:00,1831.03,1831.58,1825.51,1829.72
2026-06-19 11:00:00,1829.37,1830.01,1826.95,1827.41
2026-06-19 13:00:00,1826.41,1828.13,1823.67,1826.19
2026-06-19 14:00:00,1826.06,1828.05,1798.56,1824.53
2026-06-22 09:00:00,1827.53,1837.4,1822.58,1827.77
2026-06-22 10:00:00,1827.77,1851.68,1827.07,1851.34
2026-06-22 11:00:00,1851.45,1856.81,1850.32,1856.81
2026-06-22 13:00:00,1856.31,1859.24,1855.25,1856.33
2026-06-22 14:00:00,1856.36,1859.78,1855.95,1857.91
2026-06-23 09:00:00,1871.92,1883.87,1871.92,1872.87
2026-06-23 10:00:00,1872.57,1873.06,1866.78,1871.27
2026-06-23 11:00:00,1871.46,1878.49,1870.83,1878.14
2026-06-23 13:00:00,1878.13,1886.6,1874.31,1874.75
2026-06-23 14:00:00,1874.9,1874.9,1863.43,1869.04
2026-06-24 09:00:00,1873.19,1894.75,1867.64,1882.67
2026-06-24 10:00:00,1882.48,1882.94,1869.38,1869.91
2026-06-24 11:00:00,1869.76,1870.02,1861.72,1865.69
2026-06-24 13:00:00,1865.1,1876.78,1862.64,1875.69
2026-06-24 14:00:00,1875.69,1884.19,1875.32,1878.02
2026-06-25 09:00:00,1878.71,1880.16,1867.55,1869.42
2026-06-25 10:00:00,1869.27,1869.48,1859.55,1859.59
2026-06-25 11:00:00,1859.66,1864.81,1857.37,1861.84
2026-06-25 13:00:00,1860.42,1871.47,1859.23,1862.81
2026-06-25 14:00:00,1863.13,1864.05,1856.3,1863.07
2026-06-26 09:00:00,1857.24,1873.91,1857.24,1865.21
2026-06-26 10:00:00,1864.98,1867.01,1858.27,1858.99
2026-06-26 11:00:00,1859.21,1860.08,1855.9,1855.99
2026-06-26 13:00:00,1855.75,1866.31,1854.94,1865.87
2026-06-26 14:00:00,1866.23,1872.37,1862.25,1871.91
