time,actual,lstm_pred
2024-05-10 10:00:00,1244.14,1248.6934
2024-05-10 11:00:00,1240.01,1248.9281
2024-05-10 13:00:00,1241.41,1248.7495
2024-05-10 14:00:00,1244.7,1248.2639
2024-05-13 09:00:00,1246.23,1247.7479
2024-05-13 10:00:00,1241.83,1247.3962
2024-05-13 11:00:00,1240.34,1247.0378
2024-05-13 13:00:00,1241.6,1246.552
2024-05-13 14:00:00,1240.18,1245.9703
2024-05-14 09:00:00,1251.7,1245.3068
2024-05-14 10:00:00,1244.25,1244.9851
2024-05-14 11:00:00,1243.98,1245.0121
2024-05-14 13:00:00,1241.71,1245.0374
2024-05-14 14:00:00,1243.28,1244.9891
2024-05-15 09:00:00,1248.9,1244.914
2024-05-15 10:00:00,1250.59,1245.0149
2024-05-15 11:00:00,1252.9,1245.3872
2024-05-15 13:00:00,1255.66,1246.0125
2024-05-15 14:00:00,1254.39,1246.9279
2024-05-16 09:00:00,1265.79,1247.9728
2024-05-16 10:00:00,1267.83,1249.3333
2024-05-16 11:00:00,1267.77,1251.1757
2024-05-16 13:00:00,1266.22,1253.2423
2024-05-16 14:00:00,1268.78,1255.305
2024-05-17 09:00:00,1272.07,1257.3129
2024-05-17 10:00:00,1269.72,1259.2673
2024-05-17 11:00:00,1274.27,1261.1462
2024-05-17 13:00:00,1269.75,1262.9269
2024-05-17 14:00:00,1273.11,1264.5505
2024-05-20 09:00:00,1283.47,1265.9441
2024-05-20 10:00:00,1282.8,1267.5271
2024-05-20 11:00:00,1278.76,1269.3696
2024-05-20 13:00:00,1281.13,1271.1497
2024-05-20 14:00:00,1277.58,1272.7502
2024-05-21 09:00:00,1275.59,1274.1467
2024-05-21 10:00:00,1276.66,1275.2291
2024-05-21 11:00:00,1275.02,1276.0062
2024-05-21 13:00:00,1272.32,1276.5133
2024-05-21 14:00:00,1277.14,1276.6938
2024-05-22 09:00:00,1278.86,1276.6626
2024-05-22 10:00:00,1277.97,1276.8121
2024-05-22 11:00:00,1275.4,1277.0465
2024-05-22 13:00:00,1272.58,1277.1915
2024-05-22 14:00:00,1266.91,1277.1418
2024-05-23 09:00:00,1269.28,1276.726
2024-05-23 10:00:00,1268.8,1276.0221
2024-05-23 11:00:00,1264.35,1275.2256
2024-05-23 13:00:00,1272.22,1274.2947
2024-05-23 14:00:00,1281.03,1273.405
2024-05-24 09:00:00,1281.88,1273.0702
2024-05-24 10:00:00,1283.17,1273.2375
2024-05-24 11:00:00,1272.53,1273.8949
2024-05-24 13:00:00,1264.66,1274.5432
2024-05-24 14:00:00,1261.93,1274.6556
2024-05-27 09:00:00,1266.21,1274.0413
2024-05-27 10:00:00,1263.58,1273.159
2024-05-27 11:00:00,1263.99,1272.189
2024-05-27 13:00:00,1259.25,1271.1841
2024-05-27 14:00:00,1267.68,1270.0728
2024-05-28 09:00:00,1274.29,1269.0826
2024-05-28 10:00:00,1272.2,1268.6333
2024-05-28 11:00:00,1272.47,1268.6118
2024-05-28 13:00:00,1271.43,1268.8433
2024-05-28 14:00:00,1281.73,1269.2294
2024-05-29 09:00:00,1281.26,1269.9052
2024-05-29 10:00:00,1278.69,1271.041
2024-05-29 11:00:00,1278.48,1272.2378
2024-05-29 13:00:00,1281.85,1273.3702
2024-05-29 14:00:00,1272.64,1274.4774
2024-05-30 09:00:00,1267.21,1275.3469
2024-05-30 10:00:00,1262.41,1275.5905
2024-05-30 11:00:00,1256.83,1275.194
2024-05-30 13:00:00,1260.25,1274.165
2024-05-30 14:00:00,1266.32,1272.6676
2024-05-31 09:00:00,1265.22,1271.2632
2024-05-31 10:00:00,1267.84,1270.2026
2024-05-31 11:00:00,1266.25,1269.4335
2024-05-31 13:00:00,1266.72,1268.8772
2024-05-31 14:00:00,1261.72,1268.4547
2024-06-03 09:00:00,1274.04,1268.0236
2024-06-03 10:00:00,1278.58,1267.8115
2024-06-03 11:00:00,1283.92,1268.1895
2024-06-03 13:00:00,1281.95,1269.1682
2024-06-03 14:00:00,1280.0,1270.5646
2024-06-04 09:00:00,1288.82,1272.0391
2024-06-04 10:00:00,1285.85,1273.6677
2024-06-04 11:00:00,1287.65,1275.4302
2024-06-04 13:00:00,1282.87,1277.1658
2024-06-04 14:00:00,1283.52,1278.7327
2024-06-05 09:00:00,1292.6,1279.9957
2024-06-05 10:00:00,1291.03,1281.2478
2024-06-05 11:00:00,1291.93,1282.6333
2024-06-05 13:00:00,1291.22,1283.9734
2024-06-05 14:00:00,1284.35,1285.2069
2024-06-06 09:00:00,1290.23,1286.1555
2024-06-06 10:00:00,1287.52,1286.9562
2024-06-06 11:00:00,1288.8,1287.585
2024-06-06 13:00:00,1285.24,1288.037
2024-06-06 14:00:00,1283.56,1288.3333
2024-06-07 09:00:00,1287.88,1288.2931
2024-06-07 10:00:00,1287.85,1288.237
2024-06-07 11:00:00,1288.31,1288.1849
2024-06-07 13:00:00,1285.64,1288.1954
2024-06-07 14:00:00,1287.58,1288.1819
2024-06-10 09:00:00,1294.01,1288.0964
2024-06-10 10:00:00,1295.04,1288.2723
2024-06-10 11:00:00,1292.95,1288.7346
2024-06-10 13:00:00,1291.94,1289.3328
2024-06-10 14:00:00,1290.67,1289.9073
2024-06-11 09:00:00,1289.49,1290.3368
2024-06-11 10:00:00,1286.55,1290.7068
2024-06-11 11:00:00,1284.92,1290.8446
2024-06-11 13:00:00,1282.08,1290.705
2024-06-11 14:00:00,1284.41,1290.2255
2024-06-12 09:00:00,1284.68,1289.5907
2024-06-12 10:00:00,1281.87,1288.9546
2024-06-12 11:00:00,1284.32,1288.2982
2024-06-12 13:00:00,1288.51,1287.6566
2024-06-12 14:00:00,1300.19,1287.2192
2024-06-13 09:00:00,1299.39,1287.3794
2024-06-13 10:00:00,1300.53,1288.3243
2024-06-13 11:00:00,1301.27,1289.599
2024-06-13 13:00:00,1300.16,1291.0322
2024-06-13 14:00:00,1301.51,1292.4323
2024-06-14 09:00:00,1303.55,1293.8358
2024-06-14 10:00:00,1301.06,1295.2014
2024-06-14 11:00:00,1301.3,1296.4692
2024-06-14 13:00:00,1299.22,1297.5222
2024-06-14 14:00:00,1279.91,1298.3809
2024-06-17 09:00:00,1276.59,1298.4788
2024-06-17 10:00:00,1279.09,1297.4863
2024-06-17 11:00:00,1276.31,1295.9098
2024-06-17 13:00:00,1276.05,1293.9835
2024-06-17 14:00:00,1274.77,1291.8718
2024-06-18 09:00:00,1280.89,1289.7379
2024-06-18 10:00:00,1284.19,1287.8319
2024-06-18 11:00:00,1284.23,1286.4185
2024-06-18 13:00:00,1286.05,1285.4615
2024-06-18 14:00:00,1279.5,1284.8594
2024-06-19 09:00:00,1278.04,1284.4366
2024-06-19 10:00:00,1274.7,1283.9774
2024-06-19 11:00:00,1271.91,1283.3293
2024-06-19 13:00:00,1276.15,1282.4385
2024-06-19 14:00:00,1279.79,1281.503
2024-06-20 09:00:00,1284.86,1280.8381
2024-06-20 10:00:00,1280.23,1280.5671
2024-06-20 11:00:00,1278.89,1280.5529
2024-06-20 13:00:00,1275.86,1280.5369
2024-06-20 14:00:00,1282.3,1280.4009
2024-06-21 09:00:00,1284.25,1280.3239
2024-06-21 10:00:00,1286.28,1280.4629
2024-06-21 11:00:00,1286.8,1280.8694
2024-06-21 13:00:00,1283.3,1281.479
2024-06-21 14:00:00,1282.02,1282.0743
2024-06-24 09:00:00,1281.11,1282.5162
2024-06-24 10:00:00,1263.21,1282.8204
2024-06-24 11:00:00,1263.99,1282.4446
2024-06-24 13:00:00,1261.97,1281.2854
2024-06-24 14:00:00,1254.12,1279.5303
2024-06-25 09:00:00,1258.82,1277.3763
2024-06-25 10:00:00,1256.69,1274.9807
2024-06-25 11:00:00,1251.96,1272.6201
2024-06-25 13:00:00,1255.21,1270.2378
2024-06-25 14:00:00,1256.56,1267.9539
2024-06-26 09:00:00,1260.77,1265.9133
2024-06-26 10:00:00,1254.6,1264.3458
2024-06-26 11:00:00,1251.25,1263.0763
2024-06-26 13:00:00,1256.27,1261.7566
2024-06-26 14:00:00,1261.24,1260.5587
2024-06-27 09:00:00,1259.38,1259.7648
2024-06-27 10:00:00,1257.98,1259.3599
2024-06-27 11:00:00,1257.03,1259.1587
2024-06-27 13:00:00,1258.41,1259.0117
2024-06-27 14:00:00,1259.09,1258.9108
2024-06-28 09:00:00,1258.24,1258.9415
2024-06-28 10:00:00,1257.72,1259.0406
2024-06-28 11:00:00,1255.96,1259.1154
2024-06-28 13:00:00,1251.02,1259.0815
2024-06-28 14:00:00,1245.32,1258.7664
2024-07-01 09:00:00,1243.62,1258.0555
2024-07-01 10:00:00,1243.36,1256.961
2024-07-01 11:00:00,1241.5,1255.5809
2024-07-01 13:00:00,1247.49,1254.0709
2024-07-01 14:00:00,1254.56,1252.6628
2024-07-02 09:00:00,1261.05,1251.7402
2024-07-02 10:00:00,1265.37,1251.546
2024-07-02 11:00:00,1267.22,1252.1078
2024-07-02 13:00:00,1268.41,1253.2745
2024-07-02 14:00:00,1269.79,1254.8287
2024-07-03 09:00:00,1271.39,1256.608
2024-07-03 10:00:00,1271.02,1258.5438
2024-07-03 11:00:00,1271.29,1260.4423
2024-07-03 13:00:00,1276.2,1262.2334
2024-07-03 14:00:00,1276.85,1263.9891
2024-07-04 09:00:00,1282.41,1265.7999
2024-07-04 10:00:00,1280.53,1267.6965
2024-07-04 11:00:00,1278.89,1269.6356
2024-07-04 13:00:00,1279.82,1271.41
2024-07-04 14:00:00,1279.89,1272.963
2024-07-05 09:00:00,1282.72,1274.2681
2024-07-05 10:00:00,1281.51,1275.4934
2024-07-05 11:00:00,1278.13,1276.667
2024-07-05 13:00:00,1280.81,1277.5984
2024-07-05 14:00:00,1283.04,1278.312
2024-07-08 09:00:00,1285.07,1278.9866
2024-07-08 10:00:00,1279.21,1279.7367
2024-07-08 11:00:00,1281.66,1280.3639
2024-07-08 13:00:00,1285.79,1280.7692
2024-07-08 14:00:00,1283.56,1281.1946
2024-07-09 09:00:00,1284.22,1281.6282
2024-07-09 10:00:00,1287.51,1282.1036
2024-07-09 11:00:00,1290.12,1282.6447
2024-07-09 13:00:00,1292.36,1283.3477
2024-07-09 14:00:00,1293.71,1284.2391
2024-07-10 09:00:00,1294.93,1285.2659
2024-07-10 10:00:00,1292.94,1286.4358
2024-07-10 11:00:00,1294.66,1287.6399
2024-07-10 13:00:00,1290.97,1288.7495
2024-07-10 14:00:00,1285.94,1289.6333
2024-07-11 09:00:00,1292.18,1290.1622
2024-07-11 10:00:00,1289.89,1290.4777
2024-07-11 11:00:00,1287.23,1290.731
2024-07-11 13:00:00,1287.61,1290.7892
2024-07-11 14:00:00,1283.8,1290.67
2024-07-12 09:00:00,1285.59,1290.3722
2024-07-12 10:00:00,1285.21,1289.9614
2024-07-12 11:00:00,1283.47,1289.4744
2024-07-12 13:00:00,1281.5,1288.9331
2024-07-12 14:00:00,1280.75,1288.2842
2024-07-15 09:00:00,1284.81,1287.5414
2024-07-15 10:00:00,1283.41,1286.888
2024-07-15 11:00:00,1284.28,1286.3577
2024-07-15 13:00:00,1281.32,1285.9321
2024-07-15 14:00:00,1279.82,1285.514
2024-07-16 09:00:00,1285.11,1284.9989
2024-07-16 10:00:00,1289.71,1284.5964
2024-07-16 11:00:00,1289.79,1284.5599
2024-07-16 13:00:00,1284.9,1284.8417
2024-07-16 14:00:00,1281.18,1285.1783
2024-07-17 09:00:00,1281.88,1285.2979
2024-07-17 10:00:00,1279.54,1285.2959
2024-07-17 11:00:00,1279.77,1285.0349
2024-07-17 13:00:00,1284.3,1284.671
2024-07-17 14:00:00,1268.66,1284.2831
2024-07-18 09:00:00,1268.74,1283.5807
2024-07-18 10:00:00,1268.91,1282.4497
2024-07-18 11:00:00,1265.49,1281.0635
2024-07-18 13:00:00,1259.01,1279.5062
2024-07-18 14:00:00,1274.44,1277.652
2024-07-19 09:00:00,1275.8,1275.9227
2024-07-19 10:00:00,1270.95,1274.8811
2024-07-19 11:00:00,1270.37,1274.2091
2024-07-19 13:00:00,1269.27,1273.6212
2024-07-19 14:00:00,1264.78,1273.0372
2024-07-22 09:00:00,1263.57,1272.3572
2024-07-22 10:00:00,1250.36,1271.4454
2024-07-22 11:00:00,1249.09,1270.1785
2024-07-22 13:00:00,1250.02,1268.3804
2024-07-22 14:00:00,1254.64,1266.2809
2024-07-23 09:00:00,1255.97,1264.3594
2024-07-23 10:00:00,1251.82,1262.765
2024-07-23 11:00:00,1253.92,1261.3298
2024-07-23 13:00:00,1245.21,1260.0488
2024-07-23 14:00:00,1231.81,1258.7136
2024-07-24 09:00:00,1228.26,1256.9052
2024-07-24 10:00:00,1228.76,1254.3828
2024-07-24 11:00:00,1229.28,1251.411
2024-07-24 13:00:00,1229.96,1248.4601
2024-07-24 14:00:00,1238.47,1245.7222
2024-07-25 09:00:00,1234.69,1243.5205
2024-07-25 10:00:00,1228.85,1241.784
2024-07-25 11:00:00,1227.86,1240.2499
2024-07-25 13:00:00,1230.63,1238.741
2024-07-25 14:00:00,1233.19,1237.3694
2024-07-26 09:00:00,1237.34,1236.2932
2024-07-26 10:00:00,1237.93,1235.6427
2024-07-26 11:00:00,1237.02,1235.4011
2024-07-26 13:00:00,1234.99,1235.4202
2024-07-26 14:00:00,1242.11,1235.5654
2024-07-29 09:00:00,1248.94,1235.8765
2024-07-29 10:00:00,1246.62,1236.657
2024-07-29 11:00:00,1244.84,1237.782
2024-07-29 13:00:00,1247.03,1238.9556
2024-07-29 14:00:00,1246.6,1240.0977
2024-07-30 09:00:00,1244.65,1241.2196
2024-07-30 10:00:00,1244.93,1242.1909
2024-07-30 11:00:00,1245.47,1242.993
2024-07-30 13:00:00,1241.89,1243.65
2024-07-30 14:00:00,1245.06,1244.1477
2024-07-31 09:00:00,1249.7,1244.3922
2024-07-31 10:00:00,1254.11,1244.792
2024-07-31 11:00:00,1255.02,1245.4753
2024-07-31 13:00:00,1250.01,1246.4294
2024-07-31 14:00:00,1251.51,1247.408
2024-08-01 09:00:00,1253.84,1248.2213
2024-08-01 10:00:00,1245.29,1249.0746
2024-08-01 11:00:00,1245.91,1249.6709
2024-08-01 13:00:00,1234.29,1249.9053
2024-08-01 14:00:00,1226.96,1249.4729
2024-08-02 09:00:00,1217.07,1248.1907
2024-08-02 10:00:00,1214.33,1246.006
2024-08-02 11:00:00,1213.75,1243.1003
2024-08-02 13:00:00,1222.27,1239.7526
2024-08-02 14:00:00,1236.6,1236.4957
2024-08-05 09:00:00,1217.67,1234.1467
2024-08-05 10:00:00,1216.85,1232.3217
2024-08-05 11:00:00,1212.22,1230.4934
2024-08-05 13:00:00,1196.01,1228.5635
2024-08-05 14:00:00,1188.07,1226.0339
2024-08-06 09:00:00,1190.82,1222.753
2024-08-06 10:00:00,1194.1,1219.1476
2024-08-06 11:00:00,1198.29,1215.5104
2024-08-06 13:00:00,1207.96,1212.2891
2024-08-06 14:00:00,1210.28,1209.8722
2024-08-07 09:00:00,1214.77,1208.4443
2024-08-07 10:00:00,1210.49,1207.896
2024-08-07 11:00:00,1207.3,1207.8888
2024-08-07 13:00:00,1212.07,1208.0204
2024-08-07 14:00:00,1215.88,1208.2744
2024-08-08 09:00:00,1210.77,1208.8064
2024-08-08 10:00:00,1216.6,1209.434
2024-08-08 11:00:00,1218.45,1210.0903
2024-08-08 13:00:00,1207.85,1210.979
2024-08-08 14:00:00,1208.32,1211.681
2024-08-09 09:00:00,1218.09,1211.9254
2024-08-09 10:00:00,1214.76,1212.2131
2024-08-09 11:00:00,1214.62,1212.6884
2024-08-09 13:00:00,1222.28,1213.1407
2024-08-09 14:00:00,1223.64,1213.7249
2024-08-12 09:00:00,1224.61,1214.6525
2024-08-12 10:00:00,1224.4,1215.8008
2024-08-12 11:00:00,1227.38,1217.0315
2024-08-12 13:00:00,1226.57,1218.3243
2024-08-12 14:00:00,1230.28,1219.5847
2024-08-13 09:00:00,1230.68,1220.8936
2024-08-13 10:00:00,1226.91,1222.2345
2024-08-13 11:00:00,1224.79,1223.4583
2024-08-13 13:00:00,1224.74,1224.4008
2024-08-13 14:00:00,1230.42,1225.0924
2024-08-14 09:00:00,1233.5,1225.689
2024-08-14 10:00:00,1231.94,1226.4867
2024-08-14 11:00:00,1233.06,1227.3705
2024-08-14 13:00:00,1232.02,1228.2543
2024-08-14 14:00:00,1230.36,1229.0607
2024-08-15 09:00:00,1229.26,1229.7401
2024-08-15 10:00:00,1227.46,1230.2156
2024-08-15 11:00:00,1225.9,1230.4479
2024-08-15 13:00:00,1224.78,1230.451
2024-08-15 14:00:00,1223.56,1230.2389
2024-08-16 09:00:00,1231.57,1229.8584
2024-08-16 10:00:00,1244.59,1229.5505
2024-08-16 11:00:00,1243.98,1229.8634
2024-08-16 13:00:00,1251.44,1230.8676
2024-08-16 14:00:00,1252.23,1232.4648
2024-08-19 09:00:00,1261.29,1234.5549
2024-08-19 10:00:00,1261.2,1237.1232
2024-08-19 11:00:00,1261.64,1240.028
2024-08-19 13:00:00,1262.92,1243.0164
2024-08-19 14:00:00,1261.62,1245.913
2024-08-20 09:00:00,1270.93,1248.6239
2024-08-20 10:00:00,1266.51,1251.2898
2024-08-20 11:00:00,1266.4,1253.9122
2024-08-20 13:00:00,1274.7,1256.2313
2024-08-20 14:00:00,1272.55,1258.434
2024-08-21 09:00:00,1273.38,1260.6296
2024-08-21 10:00:00,1270.45,1262.6943
2024-08-21 11:00:00,1273.22,1264.5112
2024-08-21 13:00:00,1277.38,1266.0437
2024-08-21 14:00:00,1284.05,1267.5205
2024-08-22 09:00:00,1281.06,1269.1604
2024-08-22 10:00:00,1282.34,1270.9808
2024-08-22 11:00:00,1284.77,1272.7178
2024-08-22 13:00:00,1281.65,1274.4193
2024-08-22 14:00:00,1282.78,1275.9517
2024-08-23 09:00:00,1282.89,1277.2667
2024-08-23 10:00:00,1281.99,1278.3987
2024-08-23 11:00:00,1277.78,1279.3411
2024-08-23 13:00:00,1281.13,1279.9857
2024-08-23 14:00:00,1285.32,1280.3962
2024-08-26 09:00:00,1287.62,1280.8447
2024-08-26 10:00:00,1287.03,1281.493
2024-08-26 11:00:00,1286.55,1282.2087
2024-08-26 13:00:00,1286.47,1282.9277
2024-08-26 14:00:00,1280.02,1283.5782
2024-08-27 09:00:00,1278.76,1283.994
2024-08-27 10:00:00,1277.42,1284.048
2024-08-27 11:00:00,1276.02,1283.8385
2024-08-27 13:00:00,1278.45,1283.3542
2024-08-27 14:00:00,1280.56,1282.7704
2024-08-28 09:00:00,1283.88,1282.2876
2024-08-28 10:00:00,1284.75,1282.0359
2024-08-28 11:00:00,1277.92,1282.0133
2024-08-28 13:00:00,1280.57,1282.012
2024-08-28 14:00:00,1281.44,1281.9315
2024-08-29 09:00:00,1286.47,1281.879
2024-08-29 10:00:00,1284.93,1282.0161
2024-08-29 11:00:00,1286.17,1282.3463
2024-08-29 13:00:00,1281.76,1282.7712
2024-08-29 14:00:00,1281.47,1283.1068
2024-08-30 09:00:00,1283.32,1283.3262
2024-08-30 10:00:00,1283.82,1283.4965
2024-08-30 11:00:00,1284.04,1283.6428
2024-08-30 13:00:00,1284.77,1283.7888
2024-08-30 14:00:00,1283.87,1283.9609
2024-09-04 09:00:00,1276.68,1284.1536
2024-09-04 10:00:00,1270.98,1283.9862
2024-09-04 11:00:00,1270.96,1283.3893
2024-09-04 13:00:00,1272.56,1282.4137
2024-09-04 14:00:00,1275.8,1281.2587
2024-09-05 09:00:00,1281.07,1280.2068
2024-09-05 10:00:00,1278.67,1279.5001
2024-09-05 11:00:00,1277.82,1279.1299
2024-09-05 13:00:00,1271.87,1278.896
2024-09-05 14:00:00,1268.21,1278.5813
2024-09-06 09:00:00,1268.9,1277.9767
2024-09-06 10:00:00,1265.38,1277.1407
2024-09-06 11:00:00,1264.45,1276.1418
2024-09-06 13:00:00,1267.69,1274.9578
2024-09-06 14:00:00,1273.96,1273.7953
2024-09-09 09:00:00,1268.38,1272.9675
2024-09-09 10:00:00,1268.82,1272.3541
2024-09-09 11:00:00,1267.72,1271.8107
2024-09-09 13:00:00,1265.03,1271.3425
2024-09-09 14:00:00,1267.73,1270.8295
2024-09-10 09:00:00,1269.2,1270.3304
2024-09-10 10:00:00,1265.58,1270.0105
2024-09-10 11:00:00,1264.46,1269.7327
2024-09-10 13:00:00,1256.55,1269.3724
2024-09-10 14:00:00,1255.23,1268.7125
2024-09-11 09:00:00,1252.11,1267.6436
2024-09-11 10:00:00,1248.53,1266.2767
2024-09-11 11:00:00,1248.41,1264.5824
2024-09-11 13:00:00,1253.75,1262.7407
2024-09-11 14:00:00,1253.27,1260.9932
2024-09-12 09:00:00,1258.32,1259.5914
2024-09-12 10:00:00,1259.19,1258.6086
2024-09-12 11:00:00,1258.1,1258.0822
2024-09-12 13:00:00,1258.4,1257.8385
2024-09-12 14:00:00,1256.35,1257.7716
2024-09-13 09:00:00,1251.15,1257.7843
2024-09-13 10:00:00,1252.3,1257.6102
2024-09-13 11:00:00,1252.04,1257.2389
2024-09-13 13:00:00,1251.41,1256.7897
2024-09-13 14:00:00,1251.71,1256.25
2024-09-16 09:00:00,1253.77,1255.7474
2024-09-16 10:00:00,1249.29,1255.3372
2024-09-16 11:00:00,1247.09,1254.9427
2024-09-16 13:00:00,1246.87,1254.398
2024-09-16 14:00:00,1239.26,1253.6791
2024-09-17 09:00:00,1240.14,1252.7241
2024-09-17 10:00:00,1238.93,1251.531
2024-09-17 11:00:00,1240.34,1250.2423
2024-09-17 13:00:00,1246.16,1248.9362
2024-09-17 14:00:00,1258.95,1247.8541
2024-09-18 09:00:00,1262.29,1247.4863
2024-09-18 10:00:00,1267.82,1248.0154
2024-09-18 11:00:00,1270.97,1249.3494
2024-09-18 13:00:00,1266.82,1251.3059
2024-09-18 14:00:00,1264.9,1253.4966
2024-09-19 09:00:00,1267.87,1255.5797
2024-09-19 10:00:00,1267.01,1257.5304
2024-09-19 11:00:00,1267.12,1259.2943
2024-09-19 13:00:00,1267.68,1260.8624
2024-09-19 14:00:00,1271.27,1262.2202
2024-09-20 09:00:00,1281.49,1263.4896
2024-09-20 10:00:00,1281.03,1265.0248
2024-09-20 11:00:00,1280.78,1266.8654
2024-09-20 13:00:00,1276.35,1268.8041
2024-09-20 14:00:00,1272.04,1270.5529
2024-09-23 09:00:00,1270.92,1271.8777
2024-09-23 10:00:00,1271.59,1272.819
2024-09-23 11:00:00,1271.36,1273.3679
2024-09-23 13:00:00,1271.07,1273.638
2024-09-23 14:00:00,1268.48,1273.7021
2024-09-24 09:00:00,1269.37,1273.5692
2024-09-24 10:00:00,1268.0,1273.2948
2024-09-24 11:00:00,1268.31,1272.9237
2024-09-24 13:00:00,1271.02,1272.4711
2024-09-24 14:00:00,1276.99,1272.094
2024-09-25 09:00:00,1283.6,1271.9872
2024-09-25 10:00:00,1285.76,1272.4131
2024-09-25 11:00:00,1287.35,1273.3431
2024-09-25 13:00:00,1286.42,1274.6825
2024-09-25 14:00:00,1287.48,1276.1995
2024-09-26 09:00:00,1293.21,1277.7385
2024-09-26 10:00:00,1291.62,1279.4886
2024-09-26 11:00:00,1290.8,1281.2896
2024-09-26 13:00:00,1296.98,1282.9677
2024-09-26 14:00:00,1291.49,1284.6388
2024-09-27 09:00:00,1295.51,1286.2241
2024-09-27 10:00:00,1295.14,1287.7799
2024-09-27 11:00:00,1293.7,1289.1404
2024-09-27 13:00:00,1291.23,1290.3109
2024-09-27 14:00:00,1290.92,1291.1744
2024-09-30 09:00:00,1288.27,1291.6975
2024-09-30 10:00:00,1289.46,1291.8969
2024-09-30 11:00:00,1288.12,1291.9207
2024-09-30 13:00:00,1286.08,1291.7903
2024-09-30 14:00:00,1287.94,1291.4863
2024-10-01 09:00:00,1295.87,1291.0643
2024-10-01 10:00:00,1297.76,1290.8911
2024-10-01 11:00:00,1301.23,1291.1648
2024-10-01 13:00:00,1297.3,1291.8116
2024-10-01 14:00:00,1292.2,1292.6605
2024-10-02 09:00:00,1290.41,1293.327
2024-10-02 10:00:00,1291.87,1293.6273
2024-10-02 11:00:00,1289.38,1293.7201
2024-10-02 13:00:00,1285.24,1293.649
2024-10-02 14:00:00,1287.84,1293.293
2024-10-03 09:00:00,1292.57,1292.7819
2024-10-03 10:00:00,1293.47,1292.3992
2024-10-03 11:00:00,1287.72,1292.3063
2024-10-03 13:00:00,1283.35,1292.1877
2024-10-03 14:00:00,1278.1,1291.7435
2024-10-04 09:00:00,1277.69,1290.9468
2024-10-04 10:00:00,1275.25,1289.7714
2024-10-04 11:00:00,1275.26,1288.3744
2024-10-04 13:00:00,1277.79,1286.846
2024-10-04 14:00:00,1270.6,1285.3958
2024-10-07 09:00:00,1274.06,1283.9604
2024-10-07 10:00:00,1272.0,1282.5575
2024-10-07 11:00:00,1274.85,1281.2316
2024-10-07 13:00:00,1269.08,1280.0402
2024-10-07 14:00:00,1269.93,1278.9194
2024-10-08 09:00:00,1273.38,1277.708
2024-10-08 10:00:00,1269.63,1276.7191
2024-10-08 11:00:00,1269.23,1275.8427
2024-10-08 13:00:00,1275.54,1275.0272
2024-10-08 14:00:00,1271.98,1274.4197
2024-10-09 09:00:00,1276.07,1274.0417
2024-10-09 10:00:00,1274.84,1273.906
2024-10-09 11:00:00,1275.22,1273.9431
2024-10-09 13:00:00,1279.16,1274.0815
2024-10-09 14:00:00,1281.85,1274.3982
2024-10-10 09:00:00,1291.78,1274.9879
2024-10-10 10:00:00,1289.63,1276.0615
2024-10-10 11:00:00,1289.69,1277.573
2024-10-10 13:00:00,1289.48,1279.2002
2024-10-10 14:00:00,1286.36,1280.8147
2024-10-11 09:00:00,1288.48,1282.2211
2024-10-11 10:00:00,1287.06,1283.4205
2024-10-11 11:00:00,1285.93,1284.4404
2024-10-11 13:00:00,1283.79,1285.2092
2024-10-11 14:00:00,1288.39,1285.6956
2024-10-14 09:00:00,1290.66,1286.0441
2024-10-14 10:00:00,1289.46,1286.5748
2024-10-14 11:00:00,1290.2,1287.1437
2024-10-14 13:00:00,1287.96,1287.6602
2024-10-14 14:00:00,1286.34,1288.0934
2024-10-15 09:00:00,1293.36,1288.4044
2024-10-15 10:00:00,1287.47,1288.7441
2024-10-15 11:00:00,1286.33,1289.0691
2024-10-15 13:00:00,1282.36,1289.196
2024-10-15 14:00:00,1281.08,1289.0741
2024-10-16 09:00:00,1280.38,1288.6564
2024-10-16 10:00:00,1282.57,1288.0117
2024-10-16 11:00:00,1281.36,1287.28
2024-10-16 13:00:00,1279.92,1286.5865
2024-10-16 14:00:00,1279.48,1285.8566
2024-10-17 09:00:00,1281.63,1285.0837
2024-10-17 10:00:00,1278.29,1284.4324
2024-10-17 11:00:00,1273.87,1283.8363
2024-10-17 13:00:00,1277.85,1283.0979
2024-10-17 14:00:00,1286.52,1282.2924
2024-10-18 09:00:00,1291.5,1281.8252
2024-10-18 10:00:00,1289.11,1282.0922
2024-10-18 11:00:00,1286.99,1282.7627
2024-10-18 13:00:00,1289.74,1283.5024
2024-10-18 14:00:00,1285.46,1284.257
2024-10-21 09:00:00,1283.69,1284.9956
2024-10-21 10:00:00,1285.26,1285.4735
2024-10-21 11:00:00,1287.43,1285.763
2024-10-21 13:00:00,1283.68,1286.0098
2024-10-21 14:00:00,1279.77,1286.1664
2024-10-22 09:00:00,1275.19,1286.0725
2024-10-22 10:00:00,1277.39,1285.6052
2024-10-22 11:00:00,1278.24,1284.8577
2024-10-22 13:00:00,1278.67,1284.0725
2024-10-22 14:00:00,1269.89,1283.3025
2024-10-23 09:00:00,1268.56,1282.3137
2024-10-23 10:00:00,1265.63,1281.0741
2024-10-23 11:00:00,1268.38,1279.58
2024-10-23 13:00:00,1269.52,1278.0245
2024-10-23 14:00:00,1270.9,1276.6375
2024-10-24 09:00:00,1272.0,1275.4536
2024-10-24 10:00:00,1269.02,1274.5721
2024-10-24 11:00:00,1267.61,1273.8638
2024-10-24 13:00:00,1265.51,1273.1736
2024-10-24 14:00:00,1257.41,1272.4097
2024-10-25 09:00:00,1259.35,1271.4355
2024-10-25 10:00:00,1255.94,1270.2174
2024-10-25 11:00:00,1257.2,1268.8496
2024-10-25 13:00:00,1256.16,1267.3871
2024-10-25 14:00:00,1252.72,1265.9546
2024-10-28 09:00:00,1251.78,1264.4928
2024-10-28 10:00:00,1253.8,1263.021
2024-10-28 11:00:00,1252.35,1261.619
2024-10-28 13:00:00,1252.41,1260.3536
2024-10-28 14:00:00,1254.77,1259.2286
2024-10-29 09:00:00,1261.01,1258.2666
2024-10-29 10:00:00,1260.39,1257.7935
2024-10-29 11:00:00,1260.46,1257.7317
2024-10-29 13:00:00,1259.46,1257.893
2024-10-29 14:00:00,1261.78,1258.139
2024-10-30 09:00:00,1262.71,1258.4852
2024-10-30 10:00:00,1259.47,1258.9878
2024-10-30 11:00:00,1257.64,1259.4664
2024-10-30 13:00:00,1258.11,1259.7695
2024-10-30 14:00:00,1258.63,1259.9417
2024-10-31 09:00:00,1258.15,1259.9652
2024-10-31 10:00:00,1257.31,1259.9636
2024-10-31 11:00:00,1258.58,1259.87
2024-10-31 13:00:00,1264.33,1259.7643
2024-10-31 14:00:00,1264.48,1259.8507
2024-11-01 09:00:00,1262.74,1260.2429
2024-11-01 10:00:00,1262.15,1260.6986
2024-11-01 11:00:00,1260.62,1261.1455
2024-11-01 13:00:00,1258.66,1261.4766
2024-11-01 14:00:00,1254.89,1261.6218
2024-11-04 09:00:00,1252.01,1261.5005
2024-11-04 10:00:00,1247.82,1261.0585
2024-11-04 11:00:00,1245.83,1260.2355
2024-11-04 13:00:00,1245.99,1259.0728
2024-11-04 14:00:00,1244.71,1257.6785
2024-11-05 09:00:00,1244.11,1256.2351
2024-11-05 10:00:00,1245.84,1254.7885
2024-11-05 11:00:00,1244.31,1253.4209
2024-11-05 13:00:00,1246.37,1252.1821
2024-11-05 14:00:00,1245.76,1251.1383
2024-11-06 09:00:00,1252.17,1250.2754
2024-11-06 10:00:00,1253.76,1249.8925
2024-11-06 11:00:00,1254.69,1249.8668
2024-11-06 13:00:00,1259.23,1250.1589
2024-11-06 14:00:00,1261.28,1250.7567
2024-11-07 09:00:00,1263.18,1251.7103
2024-11-07 10:00:00,1265.02,1252.975
2024-11-07 11:00:00,1262.9,1254.4205
2024-11-07 13:00:00,1262.84,1255.8789
2024-11-07 14:00:00,1259.75,1257.2308
2024-11-08 09:00:00,1260.42,1258.3368
2024-11-08 10:00:00,1256.67,1259.2141
2024-11-08 11:00:00,1254.73,1259.7623
2024-11-08 13:00:00,1254.3,1259.9249
2024-11-08 14:00:00,1252.56,1259.8066
2024-11-11 09:00:00,1250.35,1259.422
2024-11-11 10:00:00,1244.69,1258.8218
2024-11-11 11:00:00,1245.05,1257.868
2024-11-11 13:00:00,1246.75,1256.6377
2024-11-11 14:00:00,1250.32,1255.299
2024-11-12 09:00:00,1254.44,1254.1426
2024-11-12 10:00:00,1253.36,1253.4208
2024-11-12 11:00:00,1250.16,1253.0592
2024-11-12 13:00:00,1246.3,1252.8221
2024-11-12 14:00:00,1244.82,1252.4553
2024-11-13 09:00:00,1245.41,1251.9125
2024-11-13 10:00:00,1239.54,1251.2308
2024-11-13 11:00:00,1236.33,1250.3685
2024-11-13 13:00:00,1240.73,1249.2272
2024-11-13 14:00:00,1246.04,1247.9991
2024-11-14 09:00:00,1243.88,1247.0586
2024-11-14 10:00:00,1243.91,1246.3878
2024-11-14 11:00:00,1242.74,1245.9406
2024-11-14 13:00:00,1241.63,1245.5807
2024-11-14 14:00:00,1231.89,1245.2303
2024-11-15 09:00:00,1226.97,1244.6191
2024-11-15 10:00:00,1222.13,1243.4076
2024-11-15 11:00:00,1220.42,1241.7408
2024-11-15 13:00:00,1225.92,1239.6223
2024-11-15 14:00:00,1218.57,1237.4519
2024-11-18 09:00:00,1215.33,1235.3735
2024-11-18 10:00:00,1210.29,1233.1288
2024-11-18 11:00:00,1207.89,1230.7007
2024-11-18 13:00:00,1217.83,1228.1161
2024-11-18 14:00:00,1217.12,1225.7279
2024-11-19 09:00:00,1213.69,1223.9514
2024-11-19 10:00:00,1213.34,1222.5146
2024-11-19 11:00:00,1215.6,1221.21
2024-11-19 13:00:00,1210.88,1220.1016
2024-11-19 14:00:00,1205.15,1219.1422
2024-11-20 09:00:00,1204.76,1218.0857
2024-11-20 10:00:00,1211.38,1216.697
2024-11-20 11:00:00,1214.77,1215.4763
2024-11-20 13:00:00,1219.82,1214.6783
2024-11-20 14:00:00,1216.54,1214.4358
2024-11-21 09:00:00,1216.63,1214.4985
2024-11-21 10:00:00,1218.5,1214.7191
2024-11-21 11:00:00,1217.75,1215.0602
2024-11-21 13:00:00,1222.18,1215.4985
2024-11-21 14:00:00,1228.33,1216.0745
2024-11-22 09:00:00,1228.48,1216.9711
2024-11-22 10:00:00,1229.9,1218.2448
2024-11-22 11:00:00,1231.78,1219.6647
2024-11-22 13:00:00,1229.48,1221.2037
2024-11-22 14:00:00,1228.1,1222.7386
2024-11-25 09:00:00,1229.18,1224.053
2024-11-25 10:00:00,1231.79,1225.2109
2024-11-25 11:00:00,1233.66,1226.2797
2024-11-25 13:00:00,1236.26,1227.3445
2024-11-25 14:00:00,1234.7,1228.4457
2024-11-26 09:00:00,1240.35,1229.5374
2024-11-26 10:00:00,1244.1,1230.704
2024-11-26 11:00:00,1244.5,1232.133
2024-11-26 13:00:00,1241.92,1233.7249
2024-11-26 14:00:00,1242.13,1235.2651
2024-11-27 09:00:00,1243.16,1236.6519
2024-11-27 10:00:00,1241.8,1237.9005
2024-11-27 11:00:00,1241.47,1238.969
2024-11-27 13:00:00,1241.41,1239.8079
2024-11-27 14:00:00,1241.97,1240.4427
2024-11-28 09:00:00,1249.34,1240.9711
2024-11-28 10:00:00,1244.57,1241.7274
2024-11-28 11:00:00,1243.98,1242.5227
2024-11-28 13:00:00,1243.5,1243.1554
2024-11-28 14:00:00,1242.11,1243.6476
2024-11-29 09:00:00,1243.26,1243.9542
2024-11-29 10:00:00,1243.54,1244.1393
2024-11-29 11:00:00,1247.87,1244.2374
2024-11-29 13:00:00,1248.99,1244.437
2024-11-29 14:00:00,1250.46,1244.8197
2024-12-02 09:00:00,1253.38,1245.3627
2024-12-02 10:00:00,1252.2,1246.1692
2024-12-02 11:00:00,1252.2,1247.0747
2024-12-02 13:00:00,1248.84,1247.9589
2024-12-02 14:00:00,1251.21,1248.7054
2024-12-03 09:00:00,1248.71,1249.2765
2024-12-03 10:00:00,1247.99,1249.6989
2024-12-03 11:00:00,1250.92,1249.8986
2024-12-03 13:00:00,1250.53,1250.0526
2024-12-03 14:00:00,1249.83,1250.2742
2024-12-04 09:00:00,1246.58,1250.4419
2024-12-04 10:00:00,1246.46,1250.4501
2024-12-04 11:00:00,1247.53,1250.2477
2024-12-04 13:00:00,1246.57,1250.0005
2024-12-04 14:00:00,1240.41,1249.7024
2024-12-05 09:00:00,1239.05,1249.2411
2024-12-05 10:00:00,1242.92,1248.5721
2024-12-05 11:00:00,1246.82,1247.8059
2024-12-05 13:00:00,1266.32,1247.2365
2024-12-05 14:00:00,1267.53,1247.4585
2024-12-06 09:00:00,1271.29,1248.648
2024-12-06 10:00:00,1272.56,1250.6132
2024-12-06 11:00:00,1274.27,1253.0792
2024-12-06 13:00:00,1270.28,1255.7546
2024-12-06 14:00:00,1270.14,1258.3282
2024-12-09 09:00:00,1271.59,1260.6404
2024-12-09 10:00:00,1269.55,1262.654
2024-12-09 11:00:00,1272.65,1264.3555
2024-12-09 13:00:00,1275.2,1265.8054
2024-12-09 14:00:00,1273.84,1267.142
2024-12-10 09:00:00,1273.84,1268.417
2024-12-10 10:00:00,1273.33,1269.5842
2024-12-10 11:00:00,1274.09,1270.5588
2024-12-10 13:00:00,1272.02,1271.3644
2024-12-10 14:00:00,1272.07,1272.0078
2024-12-11 09:00:00,1272.07,1272.4342
2024-12-11 10:00:00,1273.25,1272.7058
2024-12-11 11:00:00,1271.76,1272.9799
2024-12-11 13:00:00,1269.1,1273.1577
2024-12-11 14:00:00,1268.86,1273.1571
2024-12-12 09:00:00,1268.86,1272.9154
2024-12-12 10:00:00,1274.1,1272.54
2024-12-12 11:00:00,1273.81,1272.4156
2024-12-12 13:00:00,1268.58,1272.4783
2024-12-12 14:00:00,1267.35,1272.4791
2024-12-13 09:00:00,1267.35,1272.2867
2024-12-13 10:00:00,1264.49,1271.9854
2024-12-13 11:00:00,1263.22,1271.4551
2024-12-13 13:00:00,1262.04,1270.7595
2024-12-13 14:00:00,1262.57,1269.9634
2024-12-16 09:00:00,1262.57,1269.101
2024-12-16 10:00:00,1262.64,1268.246
2024-12-16 11:00:00,1261.66,1267.5586
2024-12-16 13:00:00,1260.12,1266.8926
2024-12-16 14:00:00,1263.79,1266.2024
2024-12-17 09:00:00,1263.79,1265.6058
2024-12-17 10:00:00,1263.2,1265.0996
2024-12-17 11:00:00,1261.83,1264.7227
2024-12-17 13:00:00,1261.73,1264.4237
2024-12-17 14:00:00,1261.72,1264.1526
2024-12-18 09:00:00,1261.72,1263.9164
2024-12-18 10:00:00,1262.0,1263.7137
2024-12-18 11:00:00,1262.76,1263.6183
2024-12-18 13:00:00,1262.44,1263.5375
2024-12-18 14:00:00,1266.0,1263.5049
2024-12-19 09:00:00,1266.0,1263.5798
2024-12-19 10:00:00,1256.46,1263.7184
2024-12-19 11:00:00,1256.63,1263.5396
2024-12-19 13:00:00,1254.06,1263.1155
2024-12-19 14:00:00,1254.67,1262.4623
2024-12-20 09:00:00,1254.67,1261.6108
2024-12-20 10:00:00,1256.46,1260.6848
2024-12-20 11:00:00,1255.33,1259.9431
2024-12-20 13:00:00,1257.85,1259.3146
2024-12-20 14:00:00,1257.5,1258.846
2024-12-23 09:00:00,1257.5,1258.5524
2024-12-23 10:00:00,1262.11,1258.3829
2024-12-23 11:00:00,1261.93,1258.5925
2024-12-23 13:00:00,1262.07,1258.9734
2024-12-23 14:00:00,1262.76,1259.4695
2024-12-24 09:00:00,1262.76,1259.9912
2024-12-24 10:00:00,1258.74,1260.501
2024-12-24 11:00:00,1255.52,1260.8002
2024-12-24 13:00:00,1256.94,1260.8453
2024-12-24 14:00:00,1260.36,1260.6472
2024-12-25 09:00:00,1260.36,1260.4558
2024-12-25 10:00:00,1276.07,1260.2786
2024-12-25 11:00:00,1276.29,1260.8082
2024-12-25 13:00:00,1273.78,1262.0983
2024-12-25 14:00:00,1274.04,1263.636
2024-12-26 09:00:00,1274.04,1265.2131
2024-12-26 10:00:00,1274.79,1266.7297
2024-12-26 11:00:00,1273.84,1268.1357
2024-12-26 13:00:00,1273.39,1269.382
2024-12-26 14:00:00,1272.87,1270.4128
2024-12-27 09:00:00,1272.87,1271.2457
2024-12-27 10:00:00,1274.94,1271.9095
2024-12-27 11:00:00,1274.12,1272.5447
2024-12-27 13:00:00,1273.5,1273.0731
2024-12-27 14:00:00,1275.14,1273.4728
2024-12-30 09:00:00,1275.14,1273.8329
2024-12-30 10:00:00,1271.73,1274.1489
2024-12-30 11:00:00,1272.8,1274.2615
2024-12-30 13:00:00,1270.05,1274.2615
2024-12-30 14:00:00,1272.02,1274.1318
2024-12-31 09:00:00,1272.02,1273.9128
2024-12-31 10:00:00,1271.83,1273.6526
2024-12-31 11:00:00,1269.48,1273.4028
2024-12-31 13:00:00,1269.29,1273.1355
2024-12-31 14:00:00,1266.78,1272.8086
2025-01-02 09:00:00,1266.78,1272.415
2025-01-02 10:00:00,1264.08,1271.9991
2025-01-02 11:00:00,1264.67,1271.4943
2025-01-02 13:00:00,1267.72,1270.8448
2025-01-02 14:00:00,1269.71,1270.2426
2025-01-03 09:00:00,1269.71,1269.8298
2025-01-03 10:00:00,1264.23,1269.5579
2025-01-03 11:00:00,1261.52,1269.2458
2025-01-03 13:00:00,1259.33,1268.7437
2025-01-03 14:00:00,1254.59,1267.9996
2025-01-06 09:00:00,1254.59,1267.0328
2025-01-06 10:00:00,1257.9,1265.9731
2025-01-06 11:00:00,1256.2,1264.967
2025-01-06 13:00:00,1253.05,1263.9663
2025-01-06 14:00:00,1246.35,1262.919
2025-01-07 09:00:00,1246.35,1261.6163
2025-01-07 10:00:00,1250.05,1260.223
2025-01-07 11:00:00,1253.32,1258.8533
2025-01-07 13:00:00,1246.72,1257.6727
2025-01-07 14:00:00,1246.95,1256.5969
2025-01-08 09:00:00,1246.95,1255.4515
2025-01-08 10:00:00,1243.59,1254.3287
2025-01-08 11:00:00,1242.85,1253.0885
2025-01-08 13:00:00,1248.3,1251.8616
2025-01-08 14:00:00,1251.02,1250.8159
2025-01-09 09:00:00,1251.02,1250.1654
2025-01-09 10:00:00,1247.87,1249.7954
2025-01-09 11:00:00,1246.51,1249.6464
2025-01-09 13:00:00,1245.01,1249.4834
2025-01-09 14:00:00,1245.77,1249.2424
2025-01-10 09:00:00,1245.77,1248.9215
2025-01-10 10:00:00,1245.1,1248.5675
2025-01-10 11:00:00,1241.85,1248.2627
2025-01-10 13:00:00,1240.32,1247.8707
2025-01-10 14:00:00,1230.48,1247.2653
2025-01-13 09:00:00,1230.48,1246.35
2025-01-13 10:00:00,1223.51,1245.2814
2025-01-13 11:00:00,1222.9,1243.6161
2025-01-13 13:00:00,1227.88,1241.5511
2025-01-13 14:00:00,1235.65,1239.4338
2025-01-14 09:00:00,1235.65,1237.7725
2025-01-14 10:00:00,1231.36,1236.4863
2025-01-14 11:00:00,1230.67,1235.5425
2025-01-14 13:00:00,1229.78,1234.7749
2025-01-14 14:00:00,1229.07,1234.0958
2025-01-15 09:00:00,1229.07,1233.4722
2025-01-15 10:00:00,1233.84,1232.9146
2025-01-15 11:00:00,1236.89,1232.6156
2025-01-15 13:00:00,1233.81,1232.6318
2025-01-15 14:00:00,1236.18,1232.8436
2025-01-16 09:00:00,1236.18,1233.1388
2025-01-16 10:00:00,1241.78,1233.4722
2025-01-16 11:00:00,1239.52,1234.2314
2025-01-16 13:00:00,1239.1,1235.0953
2025-01-16 14:00:00,1242.36,1235.917
2025-01-17 09:00:00,1242.36,1236.691
2025-01-17 10:00:00,1241.35,1237.3948
2025-01-17 11:00:00,1242.78,1238.1284
2025-01-17 13:00:00,1244.91,1238.8483
2025-01-17 14:00:00,1249.11,1239.6144
2025-01-20 09:00:00,1250.2,1240.5376
2025-01-20 10:00:00,1252.61,1241.6653
2025-01-20 11:00:00,1250.17,1242.9388
2025-01-20 13:00:00,1247.93,1244.2343
2025-01-20 14:00:00,1249.55,1245.3511
2025-01-21 09:00:00,1251.44,1246.2756
2025-01-21 10:00:00,1247.85,1247.1635
2025-01-21 11:00:00,1247.52,1247.8798
2025-01-21 13:00:00,1244.51,1248.3658
2025-01-21 14:00:00,1246.09,1248.5682
2025-01-22 09:00:00,1245.93,1248.5759
2025-01-22 10:00:00,1247.28,1248.5326
2025-01-22 11:00:00,1244.75,1248.4523
2025-01-22 13:00:00,1244.82,1248.3218
2025-01-22 14:00:00,1242.53,1248.1315
2025-01-23 09:00:00,1249.13,1247.8346
2025-01-23 10:00:00,1252.32,1247.6954
2025-01-23 11:00:00,1255.1,1247.8318
2025-01-23 13:00:00,1259.13,1248.2828
2025-01-23 14:00:00,1259.63,1249.0809
2025-01-24 09:00:00,1260.62,1250.2306
2025-01-24 10:00:00,1259.52,1251.5249
2025-01-24 11:00:00,1259.24,1252.8232
2025-01-24 13:00:00,1262.61,1254.0243
2025-01-24 14:00:00,1265.05,1255.1926
2025-02-03 09:00:00,1252.74,1256.4095
2025-02-03 10:00:00,1256.43,1257.3206
2025-02-03 11:00:00,1255.48,1257.7369
2025-02-03 13:00:00,1252.02,1257.96
2025-02-03 14:00:00,1253.03,1257.9208
2025-02-04 09:00:00,1257.53,1257.642
2025-02-04 10:00:00,1257.61,1257.49
2025-02-04 11:00:00,1260.98,1257.464
2025-02-04 13:00:00,1263.02,1257.6038
2025-02-04 14:00:00,1264.68,1257.9645
2025-02-05 09:00:00,1268.58,1258.5499
2025-02-05 10:00:00,1269.1,1259.4104
2025-02-05 11:00:00,1267.8,1260.5356
2025-02-05 13:00:00,1268.73,1261.699
2025-02-05 14:00:00,1269.61,1262.7911
2025-02-06 09:00:00,1274.61,1263.874
2025-02-06 10:00:00,1270.5,1265.086
2025-02-06 11:00:00,1272.15,1266.2793
2025-02-06 13:00:00,1271.37,1267.3323
2025-02-06 14:00:00,1271.48,1268.2133
2025-02-07 09:00:00,1271.94,1268.9933
2025-02-07 10:00:00,1273.66,1269.656
2025-02-07 11:00:00,1274.38,1270.2853
2025-02-07 13:00:00,1276.87,1270.923
2025-02-07 14:00:00,1275.2,1271.6204
2025-02-10 09:00:00,1266.15,1272.3383
2025-02-10 10:00:00,1269.27,1272.709
2025-02-10 11:00:00,1269.88,1272.7875
2025-02-10 13:00:00,1266.95,1272.7073
2025-02-10 14:00:00,1263.26,1272.4725
2025-02-11 09:00:00,1264.62,1272.0111
2025-02-11 10:00:00,1265.97,1271.3778
2025-02-11 11:00:00,1266.41,1270.7203
2025-02-11 13:00:00,1267.1,1270.1068
2025-02-11 14:00:00,1268.45,1269.5836
2025-02-12 09:00:00,1270.9,1269.1677
2025-02-12 10:00:00,1270.69,1269.0135
2025-02-12 11:00:00,1270.49,1269.0852
2025-02-12 13:00:00,1267.78,1269.2563
2025-02-12 14:00:00,1266.91,1269.4104
2025-02-13 09:00:00,1267.07,1269.4602
2025-02-13 10:00:00,1267.11,1269.3937
2025-02-13 11:00:00,1267.54,1269.2355
2025-02-13 13:00:00,1269.03,1269.0992
2025-02-13 14:00:00,1270.35,1269.0255
2025-02-14 09:00:00,1275.6,1269.0322
2025-02-14 10:00:00,1280.22,1269.3834
2025-02-14 11:00:00,1278.19,1270.1006
2025-02-14 13:00:00,1275.29,1271.0775
2025-02-14 14:00:00,1276.08,1272.014
2025-02-17 09:00:00,1275.92,1272.8405
2025-02-17 10:00:00,1276.52,1273.6084
2025-02-17 11:00:00,1277.4,1274.2545
2025-02-17 13:00:00,1277.13,1274.8512
2025-02-17 14:00:00,1272.72,1275.3909
2025-02-18 09:00:00,1276.84,1275.7515
2025-02-18 10:00:00,1279.58,1275.9615
2025-02-18 11:00:00,1277.82,1276.302
2025-02-18 13:00:00,1275.12,1276.6737
2025-02-18 14:00:00,1278.14,1276.932
2025-02-19 09:00:00,1279.3,1277.1101
2025-02-19 10:00:00,1284.24,1277.4095
2025-02-19 11:00:00,1285.88,1277.8832
2025-02-19 13:00:00,1285.59,1278.597
2025-02-19 14:00:00,1288.56,1279.4785
2025-02-20 09:00:00,1292.39,1280.4656
2025-02-20 10:00:00,1293.05,1281.6808
2025-02-20 11:00:00,1293.28,1283.0564
2025-02-20 13:00:00,1292.12,1284.5193
2025-02-20 14:00:00,1292.98,1285.8734
2025-02-21 09:00:00,1295.23,1287.1061
2025-02-21 10:00:00,1294.07,1288.2886
2025-02-21 11:00:00,1295.19,1289.3843
2025-02-21 13:00:00,1292.78,1290.3679
2025-02-21 14:00:00,1296.75,1291.2118
2025-02-24 09:00:00,1297.92,1291.92
2025-02-24 10:00:00,1299.29,1292.6891
2025-02-24 11:00:00,1297.78,1293.5295
2025-02-24 13:00:00,1297.21,1294.3345
2025-02-24 14:00:00,1304.56,1294.9973
2025-02-25 09:00:00,1306.84,1295.7454
2025-02-25 10:00:00,1305.7,1296.864
2025-02-25 11:00:00,1302.62,1298.0717
2025-02-25 13:00:00,1301.37,1299.1647
2025-02-25 14:00:00,1303.16,1300.0217
2025-02-26 09:00:00,1304.78,1300.6757
2025-02-26 10:00:00,1302.7,1301.3325
2025-02-26 11:00:00,1302.92,1301.8995
2025-02-26 13:00:00,1303.92,1302.3282
2025-02-26 14:00:00,1302.96,1302.6587
2025-02-27 09:00:00,1305.63,1302.916
2025-02-27 10:00:00,1302.93,1303.2738
2025-02-27 11:00:00,1300.01,1303.5775
2025-02-27 13:00:00,1301.94,1303.673
2025-02-27 14:00:00,1307.8,1303.56
2025-02-28 09:00:00,1305.15,1303.5725
2025-02-28 10:00:00,1303.94,1303.7682
2025-02-28 11:00:00,1305.17,1303.9183
2025-02-28 13:00:00,1304.26,1304.0802
2025-02-28 14:00:00,1305.36,1304.2678
2025-03-03 09:00:00,1308.36,1304.466
2025-03-03 10:00:00,1307.22,1304.7366
2025-03-03 11:00:00,1308.12,1305.0961
2025-03-03 13:00:00,1308.99,1305.4766
2025-03-03 14:00:00,1309.37,1305.8815
2025-03-04 09:00:00,1309.64,1306.3147
2025-03-04 10:00:00,1302.68,1306.7118
2025-03-04 11:00:00,1303.22,1306.8911
2025-03-04 13:00:00,1309.89,1306.8163
2025-03-04 14:00:00,1311.91,1306.7938
2025-03-05 09:00:00,1315.91,1307.0334
2025-03-05 10:00:00,1314.22,1307.6422
2025-03-05 11:00:00,1313.71,1308.4302
2025-03-05 13:00:00,1310.73,1309.2233
2025-03-05 14:00:00,1304.71,1309.898
2025-03-06 09:00:00,1310.79,1310.2529
2025-03-06 10:00:00,1310.61,1310.4664
2025-03-06 11:00:00,1311.21,1310.6423
2025-03-06 13:00:00,1311.67,1310.7717
2025-03-06 14:00:00,1318.22,1310.8892
2025-03-07 09:00:00,1320.05,1311.1993
2025-03-07 10:00:00,1323.84,1311.8871
2025-03-07 11:00:00,1321.59,1312.8712
2025-03-07 13:00:00,1323.6,1314.0214
2025-03-07 14:00:00,1326.05,1315.2073
2025-03-10 09:00:00,1333.18,1316.4835
2025-03-10 10:00:00,1331.33,1318.1514
2025-03-10 11:00:00,1333.7,1319.9401
2025-03-10 13:00:00,1329.52,1321.7343
2025-03-10 14:00:00,1330.28,1323.3757
2025-03-11 09:00:00,1323.08,1324.7162
2025-03-11 10:00:00,1325.31,1325.3209
2025-03-11 11:00:00,1324.23,1325.6116
2025-03-11 13:00:00,1327.31,1325.7604
2025-03-11 14:00:00,1332.54,1325.8435
2025-03-12 09:00:00,1338.71,1326.0886
2025-03-12 10:00:00,1337.09,1326.9188
2025-03-12 11:00:00,1338.02,1327.9784
2025-03-12 13:00:00,1334.89,1329.1533
2025-03-12 14:00:00,1334.41,1330.2322
2025-03-13 09:00:00,1333.63,1331.1747
2025-03-13 10:00:00,1334.29,1331.9305
2025-03-13 11:00:00,1333.17,1332.5989
2025-03-13 13:00:00,1332.86,1333.0801
2025-03-13 14:00:00,1326.27,1333.3793
2025-03-14 09:00:00,1328.63,1333.344
2025-03-14 10:00:00,1330.86,1333.0471
2025-03-14 11:00:00,1328.21,1332.7092
2025-03-14 13:00:00,1325.67,1332.342
2025-03-14 14:00:00,1326.15,1331.8237
2025-03-17 09:00:00,1332.36,1331.1932
2025-03-17 10:00:00,1330.36,1330.8126
2025-03-17 11:00:00,1331.01,1330.6168
2025-03-17 13:00:00,1333.31,1330.5088
2025-03-17 14:00:00,1336.26,1330.5259
2025-03-18 09:00:00,1340.8,1330.774
2025-03-18 10:00:00,1337.92,1331.4332
2025-03-18 11:00:00,1337.48,1332.2687
2025-03-18 13:00:00,1333.91,1333.0673
2025-03-18 14:00:00,1330.97,1333.6981
2025-03-19 09:00:00,1327.16,1334.0516
2025-03-19 10:00:00,1326.44,1333.9722
2025-03-19 11:00:00,1323.67,1333.572
2025-03-19 13:00:00,1323.14,1332.8712
2025-03-19 14:00:00,1324.63,1331.9182
2025-03-20 09:00:00,1328.72,1330.9319
2025-03-20 10:00:00,1322.66,1330.2104
2025-03-20 11:00:00,1318.08,1329.5131
2025-03-20 13:00:00,1323.53,1328.5916
2025-03-20 14:00:00,1323.93,1327.5839
2025-03-21 09:00:00,1323.02,1326.7092
2025-03-21 10:00:00,1322.54,1326.0002
2025-03-21 11:00:00,1323.94,1325.4353
2025-03-21 13:00:00,1323.19,1324.978
2025-03-21 14:00:00,1321.88,1324.6019
2025-03-24 09:00:00,1320.39,1324.2758
2025-03-24 10:00:00,1320.99,1323.9882
2025-03-24 11:00:00,1320.21,1323.6108
2025-03-24 13:00:00,1322.96,1323.2328
2025-03-24 14:00:00,1330.32,1322.9215
2025-03-25 09:00:00,1333.06,1322.9296
2025-03-25 10:00:00,1334.32,1323.4781
2025-03-25 11:00:00,1335.46,1324.3916
2025-03-25 13:00:00,1334.56,1325.5233
2025-03-25 14:00:00,1331.92,1326.7667
2025-03-26 09:00:00,1338.22,1327.8645
2025-03-26 10:00:00,1331.13,1328.9774
2025-03-26 11:00:00,1330.91,1329.9791
2025-03-26 13:00:00,1330.23,1330.6721
2025-03-26 14:00:00,1326.09,1331.1077
2025-03-27 09:00:00,1325.54,1331.1932
2025-03-27 10:00:00,1326.72,1330.9858
2025-03-27 11:00:00,1326.31,1330.6064
2025-03-27 13:00:00,1325.66,1330.153
2025-03-27 14:00:00,1323.81,1329.6238
2025-03-28 09:00:00,1323.73,1329.054
2025-03-28 10:00:00,1321.98,1328.4302
2025-03-28 11:00:00,1320.8,1327.7341
2025-03-28 13:00:00,1320.87,1326.9832
2025-03-28 14:00:00,1317.46,1326.1586
2025-03-31 09:00:00,1312.18,1325.2789
2025-03-31 10:00:00,1310.7,1324.0374
2025-03-31 11:00:00,1308.83,1322.6384
2025-03-31 13:00:00,1307.73,1321.1027
2025-03-31 14:00:00,1306.86,1319.4579
2025-04-01 09:00:00,1311.72,1317.8026
2025-04-01 10:00:00,1315.13,1316.5203
2025-04-01 11:00:00,1315.17,1315.577
2025-04-01 13:00:00,1310.24,1315.033
2025-04-01 14:00:00,1317.33,1314.6039
2025-04-02 09:00:00,1323.15,1314.2904
2025-04-02 10:00:00,1322.51,1314.5105
2025-04-02 11:00:00,1322.84,1315.1201
2025-04-02 13:00:00,1322.0,1315.9099
2025-04-02 14:00:00,1317.83,1316.7457
2025-04-03 09:00:00,1257.84,1317.4816
2025-04-03 10:00:00,1239.46,1315.1187
2025-04-03 11:00:00,1235.55,1310.1359
2025-04-03 13:00:00,1229.63,1303.2217
2025-04-03 14:00:00,1229.84,1295.1442
2025-04-04 09:00:00,1179.6,1286.6707
2025-04-04 10:00:00,1190.35,1276.1378
2025-04-04 11:00:00,1182.07,1264.9736
2025-04-04 13:00:00,1189.44,1253.8899
2025-04-04 14:00:00,1210.67,1243.3632
2025-04-08 09:00:00,1146.95,1234.61
2025-04-08 10:00:00,1135.31,1226.2866
2025-04-08 11:00:00,1142.93,1216.6403
2025-04-08 13:00:00,1135.75,1206.6301
2025-04-08 14:00:00,1132.79,1196.85
2025-04-09 09:00:00,1117.58,1187.5098
2025-04-09 10:00:00,1107.29,1177.3701
2025-04-09 11:00:00,1100.31,1168.0636
2025-04-09 13:00:00,1111.41,1159.0458
2025-04-09 14:00:00,1094.3,1150.7573
2025-04-10 09:00:00,1167.07,1143.138
2025-04-10 10:00:00,1167.18,1137.8145
2025-04-10 11:00:00,1167.4,1136.1895
2025-04-10 13:00:00,1168.3,1136.9536
2025-04-10 14:00:00,1168.34,1139.236
2025-04-11 09:00:00,1186.49,1142.336
2025-04-11 10:00:00,1199.96,1146.8262
2025-04-11 11:00:00,1195.09,1152.2485
2025-04-11 13:00:00,1211.46,1158.1091
2025-04-11 14:00:00,1222.46,1164.2085
2025-04-14 09:00:00,1228.24,1170.8749
2025-04-14 10:00:00,1233.32,1178.2809
2025-04-14 11:00:00,1229.74,1185.7462
2025-04-14 13:00:00,1233.9,1192.8633
2025-04-14 14:00:00,1241.44,1199.422
2025-04-15 09:00:00,1239.0,1205.5887
2025-04-15 10:00:00,1236.94,1211.136
2025-04-15 11:00:00,1229.56,1216.1373
2025-04-15 13:00:00,1227.95,1220.1829
2025-04-15 14:00:00,1227.79,1223.0778
2025-04-16 09:00:00,1230.62,1225.1635
2025-04-16 10:00:00,1228.9,1226.6633
2025-04-16 11:00:00,1227.23,1227.8182
2025-04-16 13:00:00,1217.15,1228.5786
2025-04-16 14:00:00,1210.3,1228.6843
2025-04-17 09:00:00,1206.06,1227.9386
2025-04-17 10:00:00,1202.26,1226.4376
2025-04-17 11:00:00,1202.22,1224.2969
2025-04-17 13:00:00,1209.26,1221.84
2025-04-17 14:00:00,1217.25,1219.5293
2025-04-18 09:00:00,1226.22,1217.746
2025-04-18 10:00:00,1225.37,1217.2166
2025-04-18 11:00:00,1226.2,1217.3839
2025-04-18 13:00:00,1234.19,1218.0262
2025-04-18 14:00:00,1219.12,1219.1362
2025-04-21 09:00:00,1220.39,1220.302
2025-04-21 10:00:00,1211.08,1221.0543
2025-04-21 11:00:00,1206.15,1221.2943
2025-04-21 13:00:00,1210.6,1220.8247
2025-04-21 14:00:00,1207.07,1219.8507
2025-04-22 09:00:00,1199.39,1218.7415
2025-04-22 10:00:00,1200.69,1217.202
2025-04-22 11:00:00,1189.07,1215.4021
2025-04-22 13:00:00,1163.41,1213.247
2025-04-22 14:00:00,1197.13,1209.5507
2025-04-23 09:00:00,1206.83,1205.7623
2025-04-23 10:00:00,1208.05,1203.6587
2025-04-23 11:00:00,1209.63,1202.5438
2025-04-23 13:00:00,1212.95,1202.2311
2025-04-23 14:00:00,1211.0,1202.591
2025-04-24 09:00:00,1217.26,1203.4053
2025-04-24 10:00:00,1210.52,1204.711
2025-04-24 11:00:00,1214.08,1206.0853
2025-04-24 13:00:00,1217.08,1207.3596
2025-04-24 14:00:00,1223.35,1208.6198
2025-04-25 09:00:00,1230.17,1210.0966
2025-04-25 10:00:00,1223.22,1211.9736
2025-04-25 11:00:00,1222.9,1213.9656
2025-04-25 13:00:00,1225.1,1215.7367
2025-04-25 14:00:00,1229.23,1217.3313
2025-04-28 09:00:00,1227.95,1218.8923
2025-04-28 10:00:00,1223.66,1220.5446
2025-04-28 11:00:00,1225.54,1221.9012
2025-04-28 13:00:00,1229.63,1222.9329
2025-04-28 14:00:00,1226.8,1223.8536
2025-04-29 09:00:00,1226.58,1224.6935
2025-04-29 10:00:00,1223.83,1225.3431
2025-04-29 11:00:00,1223.85,1225.8025
2025-04-29 13:00:00,1228.65,1226.0366
2025-04-29 14:00:00,1226.3,1226.228
2025-05-05 09:00:00,1230.49,1226.4613
2025-05-05 10:00:00,1229.95,1226.8348
2025-05-05 11:00:00,1231.13,1227.2896
2025-05-05 13:00:00,1234.12,1227.7817
2025-05-05 14:00:00,1240.05,1228.3944
2025-05-06 09:00:00,1245.88,1229.3036
2025-05-06 10:00:00,1247.26,1230.6758
2025-05-06 11:00:00,1248.16,1232.4688
2025-05-06 13:00:00,1247.7,1234.4406
2025-05-06 14:00:00,1241.95,1236.4565
2025-05-07 09:00:00,1247.62,1238.1975
2025-05-07 10:00:00,1244.8,1239.6671
2025-05-07 11:00:00,1245.57,1240.983
2025-05-07 13:00:00,1247.15,1242.0823
2025-05-07 14:00:00,1250.37,1243.0198
2025-05-08 09:00:00,1258.74,1243.9674
2025-05-08 10:00:00,1253.99,1245.1682
2025-05-08 11:00:00,1255.66,1246.5713
2025-05-08 13:00:00,1266.15,1247.9198
2025-05-08 14:00:00,1269.8,1249.4813
2025-05-09 09:00:00,1268.45,1251.485
2025-05-09 10:00:00,1268.13,1253.7911
2025-05-09 11:00:00,1269.75,1256.0818
2025-05-09 13:00:00,1268.83,1258.2196
2025-05-09 14:00:00,1267.3,1260.1807
2025-05-12 09:00:00,1275.55,1261.8284
2025-05-12 10:00:00,1271.15,1263.4642
2025-05-12 11:00:00,1274.92,1264.987
2025-05-12 13:00:00,1274.89,1266.392
2025-05-12 14:00:00,1283.26,1267.7837
2025-05-13 09:00:00,1288.55,1269.2828
2025-05-13 10:00:00,1288.11,1271.1957
2025-05-13 11:00:00,1289.03,1273.3298
2025-05-13 13:00:00,1290.07,1275.5153
2025-05-13 14:00:00,1293.43,1277.6256
2025-05-14 09:00:00,1307.04,1279.6737
2025-05-14 10:00:00,1302.61,1282.0822
2025-05-14 11:00:00,1303.83,1284.7811
2025-05-14 13:00:00,1306.04,1287.4851
2025-05-14 14:00:00,1309.73,1290.0897
2025-05-15 09:00:00,1309.83,1292.6613
2025-05-15 10:00:00,1303.95,1295.2661
2025-05-15 11:00:00,1306.72,1297.4857
2025-05-15 13:00:00,1312.03,1299.2908
2025-05-15 14:00:00,1313.2,1300.9281
2025-05-16 09:00:00,1313.35,1302.5693
2025-05-16 10:00:00,1310.31,1304.156
2025-05-16 11:00:00,1307.89,1305.5875
2025-05-16 13:00:00,1304.27,1306.6614
2025-05-16 14:00:00,1301.39,1307.247
2025-05-19 09:00:00,1297.02,1307.4135
2025-05-19 10:00:00,1304.58,1307.0199
2025-05-19 11:00:00,1302.97,1306.4539
2025-05-19 13:00:00,1299.99,1305.9734
2025-05-19 14:00:00,1296.29,1305.4937
2025-05-20 09:00:00,1304.49,1304.8398
2025-05-20 10:00:00,1311.48,1304.2417
2025-05-20 11:00:00,1313.33,1304.0969
2025-05-20 13:00:00,1313.76,1304.4713
2025-05-20 14:00:00,1315.15,1305.2363
2025-05-21 09:00:00,1323.85,1306.2195
2025-05-21 10:00:00,1315.17,1307.6711
2025-05-21 11:00:00,1316.13,1309.1884
2025-05-21 13:00:00,1320.18,1310.502
2025-05-21 14:00:00,1323.05,1311.7087
2025-05-22 09:00:00,1321.38,1312.9845
2025-05-22 10:00:00,1328.07,1314.276
2025-05-22 11:00:00,1331.92,1315.6562
2025-05-22 13:00:00,1327.47,1317.282
2025-05-22 14:00:00,1313.84,1318.9017
2025-05-23 09:00:00,1317.99,1319.9985
2025-05-23 10:00:00,1312.91,1320.502
2025-05-23 11:00:00,1313.25,1320.5022
2025-05-23 13:00:00,1310.79,1320.1063
2025-05-23 14:00:00,1314.46,1319.4514
2025-05-26 09:00:00,1301.45,1318.695
2025-05-26 10:00:00,1303.87,1317.576
2025-05-26 11:00:00,1310.92,1316.1542
2025-05-26 13:00:00,1316.18,1314.8285
2025-05-26 14:00:00,1332.51,1313.9192
2025-05-27 09:00:00,1332.33,1313.9236
2025-05-27 10:00:00,1336.86,1314.986
2025-05-27 11:00:00,1338.14,1316.6906
2025-05-27 13:00:00,1337.72,1318.8822
2025-05-27 14:00:00,1339.81,1321.1953
2025-05-28 09:00:00,1343.26,1323.5216
2025-05-28 10:00:00,1346.7,1325.988
2025-05-28 11:00:00,1345.86,1328.5106
2025-05-28 13:00:00,1341.63,1331.0306
2025-05-28 14:00:00,1341.87,1333.2329
2025-05-29 09:00:00,1346.71,1334.9874
2025-05-29 10:00:00,1343.31,1336.5807
2025-05-29 11:00:00,1338.97,1338.0027
2025-05-29 13:00:00,1339.17,1339.0339
2025-05-29 14:00:00,1341.86,1339.6345
2025-05-30 09:00:00,1338.83,1340.0725
2025-05-30 10:00:00,1338.78,1340.371
2025-05-30 11:00:00,1336.42,1340.477
2025-05-30 13:00:00,1337.69,1340.3566
2025-05-30 14:00:00,1332.6,1340.0658
2025-06-02 09:00:00,1331.82,1339.6001
2025-06-02 10:00:00,1327.93,1338.8617
2025-06-02 11:00:00,1324.4,1337.9364
2025-06-02 13:00:00,1334.34,1336.7532
2025-06-02 14:00:00,1336.3,1335.6089
2025-06-03 09:00:00,1344.58,1334.848
2025-06-03 10:00:00,1342.14,1334.6992
2025-06-03 11:00:00,1345.33,1335.0604
2025-06-03 13:00:00,1350.17,1335.753
2025-06-03 14:00:00,1347.25,1336.8268
2025-06-04 09:00:00,1348.07,1338.1224
2025-06-04 10:00:00,1347.6,1339.4744
2025-06-04 11:00:00,1346.61,1340.7212
2025-06-04 13:00:00,1345.86,1341.8129
2025-06-04 14:00:00,1345.74,1342.7074
2025-06-05 09:00:00,1342.96,1343.3577
2025-06-05 10:00:00,1338.56,1343.8134
2025-06-05 11:00:00,1341.46,1343.9373
2025-06-05 13:00:00,1338.79,1343.8082
2025-06-05 14:00:00,1342.09,1343.4802
2025-06-06 09:00:00,1339.09,1343.1097
2025-06-06 10:00:00,1336.09,1342.7046
2025-06-06 11:00:00,1336.5,1342.1467
2025-06-06 13:00:00,1334.25,1341.4988
2025-06-06 14:00:00,1329.89,1340.7266
2025-06-09 09:00:00,1324.53,1339.8322
2025-06-09 10:00:00,1322.47,1338.6321
2025-06-09 11:00:00,1323.17,1337.0732
2025-06-09 13:00:00,1320.51,1335.3688
2025-06-09 14:00:00,1310.57,1333.5745
2025-06-10 09:00:00,1315.92,1331.5135
2025-06-10 10:00:00,1317.9,1329.2479
2025-06-10 11:00:00,1318.3,1327.2281
2025-06-10 13:00:00,1318.61,1325.4998
2025-06-10 14:00:00,1316.23,1324.1251
2025-06-11 09:00:00,1316.56,1322.9016
2025-06-11 10:00:00,1316.58,1321.9022
2025-06-11 11:00:00,1316.68,1321.0105
2025-06-11 13:00:00,1311.96,1320.2661
2025-06-11 14:00:00,1315.2,1319.4943
2025-06-12 09:00:00,1324.15,1318.7285
2025-06-12 10:00:00,1322.58,1318.3503
2025-06-12 11:00:00,1322.74,1318.407
2025-06-12 13:00:00,1321.52,1318.712
2025-06-12 14:00:00,1322.99,1319.1478
2025-06-13 09:00:00,1308.36,1319.537
2025-06-13 10:00:00,1320.03,1319.5901
2025-06-13 11:00:00,1312.48,1319.3594
2025-06-13 13:00:00,1306.8,1319.0754
2025-06-13 14:00:00,1315.49,1318.3998
2025-06-16 09:00:00,1324.83,1317.5848
2025-06-16 10:00:00,1326.11,1317.2416
2025-06-16 11:00:00,1326.74,1317.5032
2025-06-16 13:00:00,1328.28,1318.1494
2025-06-16 14:00:00,1338.11,1319.0348
2025-06-17 09:00:00,1347.01,1320.3607
2025-06-17 10:00:00,1345.39,1322.3838
2025-06-17 11:00:00,1344.88,1324.9904
2025-06-17 13:00:00,1344.81,1327.6821
2025-06-17 14:00:00,1347.69,1330.1848
2025-06-18 09:00:00,1351.7,1332.5885
2025-06-18 10:00:00,1349.92,1334.9523
2025-06-18 11:00:00,1349.06,1337.2689
2025-06-18 13:00:00,1342.44,1339.328
2025-06-18 14:00:00,1346.83,1340.9186
2025-06-19 09:00:00,1349.61,1342.1001
2025-06-19 10:00:00,1346.05,1343.156
2025-06-19 11:00:00,1344.06,1343.9923
2025-06-19 13:00:00,1347.81,1344.5641
2025-06-19 14:00:00,1352.04,1344.9467
2025-06-20 09:00:00,1353.44,1345.4569
2025-06-20 10:00:00,1353.15,1346.1326
2025-06-20 11:00:00,1350.17,1346.9479
2025-06-20 13:00:00,1350.86,1347.6829
2025-06-20 14:00:00,1349.35,1348.2368
2025-06-23 09:00:00,1350.15,1348.6406
2025-06-23 10:00:00,1346.86,1348.7793
2025-06-23 11:00:00,1347.89,1348.8341
2025-06-23 13:00:00,1355.09,1348.7716
2025-06-23 14:00:00,1358.18,1348.8468
2025-06-24 09:00:00,1366.07,1349.2776
2025-06-24 10:00:00,1369.46,1350.2162
2025-06-24 11:00:00,1369.68,1351.7117
2025-06-24 13:00:00,1367.19,1353.5867
2025-06-24 14:00:00,1366.77,1355.4697
2025-06-25 09:00:00,1367.2,1357.1942
2025-06-25 10:00:00,1368.45,1358.8167
2025-06-25 11:00:00,1369.54,1360.2777
2025-06-25 13:00:00,1368.99,1361.605
2025-06-25 14:00:00,1366.75,1362.798
2025-06-26 09:00:00,1368.2,1363.7512
2025-06-26 10:00:00,1362.21,1364.5331
2025-06-26 11:00:00,1363.61,1365.0103
2025-06-26 13:00:00,1363.94,1365.1711
2025-06-26 14:00:00,1365.67,1365.1455
2025-06-27 09:00:00,1365.47,1365.0383
2025-06-27 10:00:00,1364.85,1365.0455
2025-06-27 11:00:00,1368.39,1364.9746
2025-06-27 13:00:00,1370.33,1364.9846
2025-06-27 14:00:00,1371.44,1365.1941
2025-06-30 09:00:00,1374.96,1365.6079
2025-06-30 10:00:00,1375.74,1366.2617
2025-06-30 11:00:00,1376.73,1367.0956
2025-06-30 13:00:00,1375.47,1368.0575
2025-06-30 14:00:00,1376.07,1369.0103
2025-07-01 09:00:00,1379.15,1369.887
2025-07-01 10:00:00,1377.82,1370.8217
2025-07-01 11:00:00,1374.62,1371.8032
2025-07-01 13:00:00,1376.17,1372.5929
2025-07-01 14:00:00,1377.84,1373.1489
2025-07-02 09:00:00,1376.6,1373.5807
2025-07-02 10:00:00,1379.68,1374.0255
2025-07-02 11:00:00,1379.61,1374.4567
2025-07-02 13:00:00,1381.42,1374.9402
2025-07-02 14:00:00,1384.59,1375.4573
2025-07-03 09:00:00,1386.2,1376.1155
2025-07-03 10:00:00,1391.12,1376.9558
2025-07-03 11:00:00,1391.78,1378.0424
2025-07-03 13:00:00,1385.0,1379.3737
2025-07-03 14:00:00,1381.96,1380.5804
2025-07-04 09:00:00,1379.85,1381.3837
2025-07-04 10:00:00,1382.18,1381.8846
2025-07-04 11:00:00,1383.6,1382.0817
2025-07-04 13:00:00,1382.37,1382.1898
2025-07-04 14:00:00,1386.97,1382.2279
2025-07-07 09:00:00,1395.92,1382.3243
2025-07-07 10:00:00,1397.34,1382.8455
2025-07-07 11:00:00,1398.0,1383.8088
2025-07-07 13:00:00,1394.94,1385.0775
2025-07-07 14:00:00,1402.06,1386.3936
2025-07-08 09:00:00,1407.84,1387.7827
2025-07-08 10:00:00,1409.44,1389.5259
2025-07-08 11:00:00,1405.03,1391.5546
2025-07-08 13:00:00,1408.74,1393.5513
2025-07-08 14:00:00,1415.46,1395.3792
2025-07-09 09:00:00,1430.38,1397.3025
2025-07-09 10:00:00,1427.53,1399.7467
2025-07-09 11:00:00,1428.08,1402.6416
2025-07-09 13:00:00,1422.02,1405.6752
2025-07-09 14:00:00,1431.32,1408.509
2025-07-10 09:00:00,1439.66,1411.1033
2025-07-10 10:00:00,1445.44,1413.912
2025-07-10 11:00:00,1442.49,1417.0145
2025-07-10 13:00:00,1443.31,1420.2052
2025-07-10 14:00:00,1445.64,1423.1709
2025-07-11 09:00:00,1449.04,1425.9689
2025-07-11 10:00:00,1457.68,1428.8254
2025-07-11 11:00:00,1458.06,1431.6962
2025-07-11 13:00:00,1457.12,1434.6865
2025-07-11 14:00:00,1457.76,1437.5441
2025-07-14 09:00:00,1462.24,1440.2584
2025-07-14 10:00:00,1468.74,1442.8009
2025-07-14 11:00:00,1465.22,1445.3148
2025-07-14 13:00:00,1464.6,1447.8145
2025-07-14 14:00:00,1470.42,1450.0115
2025-07-15 09:00:00,1472.04,1452.0798
2025-07-15 10:00:00,1473.05,1454.162
2025-07-15 11:00:00,1474.31,1456.2247
2025-07-15 13:00:00,1471.84,1458.2201
2025-07-15 14:00:00,1460.65,1460.0074
2025-07-16 09:00:00,1464.54,1461.2533
2025-07-16 10:00:00,1463.6,1461.8423
2025-07-16 11:00:00,1464.14,1462.0684
2025-07-16 13:00:00,1466.22,1462.0846
2025-07-16 14:00:00,1475.47,1461.9977
2025-07-17 09:00:00,1484.75,1462.1858
2025-07-17 10:00:00,1492.34,1463.0635
2025-07-17 11:00:00,1493.63,1464.6993
2025-07-17 13:00:00,1488.83,1466.9476
2025-07-17 14:00:00,1490.01,1469.3391
2025-07-18 09:00:00,1496.15,1471.6105
2025-07-18 10:00:00,1499.24,1473.9583
2025-07-18 11:00:00,1487.12,1476.4008
2025-07-18 13:00:00,1496.85,1478.5079
2025-07-18 14:00:00,1497.28,1480.238
2025-07-21 09:00:00,1507.2,1481.8804
2025-07-21 10:00:00,1496.51,1483.7335
2025-07-21 11:00:00,1494.98,1485.5249
2025-07-21 13:00:00,1494.2,1486.9033
2025-07-21 14:00:00,1485.05,1487.8419
2025-07-22 09:00:00,1483.97,1488.3209
2025-07-22 10:00:00,1494.29,1488.1049
2025-07-22 11:00:00,1491.12,1487.7616
2025-07-22 13:00:00,1493.61,1487.5175
2025-07-22 14:00:00,1509.54,1487.3047
2025-07-23 09:00:00,1513.58,1487.6302
2025-07-23 10:00:00,1520.69,1488.8649
2025-07-23 11:00:00,1510.25,1490.8534
2025-07-23 13:00:00,1512.38,1493.051
2025-07-23 14:00:00,1512.31,1495.0397
2025-07-24 09:00:00,1523.03,1496.8518
2025-07-24 10:00:00,1513.43,1498.7649
2025-07-24 11:00:00,1513.21,1500.621
2025-07-24 13:00:00,1512.25,1502.0981
2025-07-24 14:00:00,1521.02,1503.107
2025-07-25 09:00:00,1524.76,1504.111
2025-07-25 10:00:00,1526.02,1505.4025
2025-07-25 11:00:00,1523.28,1506.9098
2025-07-25 13:00:00,1528.43,1508.3992
2025-07-25 14:00:00,1531.13,1509.8875
2025-07-28 09:00:00,1541.95,1511.5221
2025-07-28 10:00:00,1548.12,1513.5118
2025-07-28 11:00:00,1550.06,1516.0048
2025-07-28 13:00:00,1552.36,1518.8977
2025-07-28 14:00:00,1557.4199999999998,1521.9685
2025-07-29 09:00:00,1553.6899999999998,1525.1606
2025-07-29 10:00:00,1542.78,1528.2471
2025-07-29 11:00:00,1533.61,1530.5564
2025-07-29 13:00:00,1532.58,1531.9697
2025-07-29 14:00:00,1493.41,1532.4304
2025-07-30 09:00:00,1504.87,1531.3169
2025-07-30 10:00:00,1504.34,1528.6262
2025-07-30 11:00:00,1490.29,1525.3224
2025-07-30 13:00:00,1497.23,1521.4102
2025-07-30 14:00:00,1507.63,1517.108
2025-07-31 09:00:00,1508.11,1513.41
2025-07-31 10:00:00,1493.94,1510.6118
2025-07-31 11:00:00,1492.4,1508.059
2025-07-31 13:00:00,1503.52,1505.36
2025-07-31 14:00:00,1502.52,1502.9962
2025-08-01 09:00:00,1506.68,1501.0984
2025-08-01 10:00:00,1500.71,1499.7562
2025-08-01 11:00:00,1496.46,1498.8098
2025-08-01 13:00:00,1487.75,1497.9303
2025-08-01 14:00:00,1495.21,1496.8085
2025-08-04 09:00:00,1506.68,1495.5867
2025-08-04 10:00:00,1512.1,1494.8179
2025-08-04 11:00:00,1507.41,1494.8508
2025-08-04 13:00:00,1517.05,1495.3411
2025-08-04 14:00:00,1528.19,1496.2057
2025-08-05 09:00:00,1549.36,1497.8025
2025-08-05 10:00:00,1564.9999999999998,1500.637
2025-08-05 11:00:00,1565.03,1504.959
2025-08-05 13:00:00,1583.86,1510.4302
2025-08-05 14:00:00,1547.15,1516.7166
2025-08-06 09:00:00,1559.51,1522.313
2025-08-06 10:00:00,1556.3600000000001,1527.0394
2025-08-06 11:00:00,1568.1399999999999,1531.1046
2025-08-06 13:00:00,1566.0600000000002,1534.7861
2025-08-06 14:00:00,1573.7100000000003,1538.2529
2025-08-07 09:00:00,1575.28,1541.446
2025-08-07 10:00:00,1572.76,1544.7961
2025-08-07 11:00:00,1572.99,1547.9047
2025-08-07 13:00:00,1572.79,1550.6034
2025-08-07 14:00:00,1581.8099999999997,1552.8934
2025-08-08 09:00:00,1585.99,1555.102
2025-08-08 10:00:00,1580.71,1557.4275
2025-08-08 11:00:00,1569.22,1559.6478
2025-08-08 13:00:00,1575.9900000000002,1561.2523
2025-08-08 14:00:00,1584.9499999999998,1562.2643
2025-08-11 09:00:00,1595.95,1563.3019
2025-08-11 10:00:00,1597.8299999999997,1564.8019
2025-08-11 11:00:00,1600.4100000000003,1566.7783
2025-08-11 13:00:00,1596.2500000000002,1569.0365
2025-08-11 14:00:00,1596.86,1571.2909
2025-08-12 09:00:00,1604.98,1573.4038
2025-08-12 10:00:00,1606.3,1575.5615
2025-08-12 11:00:00,1596.54,1577.8046
2025-08-12 13:00:00,1601.77,1579.7756
2025-08-12 14:00:00,1608.22,1581.2772
2025-08-13 09:00:00,1610.11,1582.7931
2025-08-13 10:00:00,1600.08,1584.6248
2025-08-13 11:00:00,1591.5099999999998,1586.145
2025-08-13 13:00:00,1598.39,1586.8945
2025-08-13 14:00:00,1611.6,1587.1072
2025-08-14 09:00:00,1630.29,1587.5153
2025-08-14 10:00:00,1636.36,1589.0745
2025-08-14 11:00:00,1632.72,1591.647
2025-08-14 13:00:00,1635.94,1594.7067
2025-08-14 14:00:00,1640.69,1597.9434
2025-08-15 09:00:00,1658.01,1601.2542
2025-08-15 10:00:00,1647.59,1605.3835
2025-08-15 11:00:00,1639.4499999999998,1609.5823
2025-08-15 13:00:00,1644.29,1613.0919
2025-08-15 14:00:00,1630.0,1615.8345
2025-08-18 09:00:00,1635.3,1617.6171
2025-08-18 10:00:00,1639.9500000000003,1618.8345
2025-08-18 11:00:00,1633.6700000000003,1619.7626
2025-08-18 13:00:00,1630.3499999999997,1620.3824
2025-08-18 14:00:00,1636.37,1620.4766
2025-08-19 09:00:00,1651.37,1620.3828
2025-08-19 10:00:00,1648.98,1620.9951
2025-08-19 11:00:00,1653.71,1622.0476
2025-08-19 13:00:00,1652.7600000000002,1623.3505
2025-08-19 14:00:00,1654.2,1624.8207
2025-08-20 09:00:00,1660.42,1626.4105
2025-08-20 10:00:00,1633.74,1628.1752
2025-08-20 11:00:00,1633.22,1629.1052
2025-08-20 13:00:00,1650.96,1629.0134
2025-08-20 14:00:00,1664.36,1628.7306
2025-08-21 09:00:00,1683.64,1629.145
2025-08-21 10:00:00,1685.61,1631.0591
2025-08-21 11:00:00,1683.22,1634.0669
2025-08-21 13:00:00,1676.9099999999999,1637.5365
2025-08-21 14:00:00,1688.0,1640.9404
2025-08-22 09:00:00,1679.8199999999997,1644.2681
2025-08-22 10:00:00,1651.16,1647.032
2025-08-22 11:00:00,1646.06,1648.7562
2025-08-22 13:00:00,1647.2,1649.0122
2025-08-22 14:00:00,1645.47,1647.9813
2025-08-25 09:00:00,1648.9499999999998,1646.6605
2025-08-25 10:00:00,1635.8400000000001,1645.1544
2025-08-25 11:00:00,1632.1100000000001,1643.192
2025-08-25 13:00:00,1623.64,1640.6062
2025-08-25 14:00:00,1614.03,1637.438
2025-08-26 09:00:00,1622.92,1633.6567
2025-08-26 10:00:00,1624.19,1629.5773
2025-08-26 11:00:00,1620.1699999999998,1625.996
2025-08-26 13:00:00,1647.9699999999998,1622.7983
2025-08-26 14:00:00,1667.6300000000003,1620.5837
2025-08-27 09:00:00,1683.2,1620.3147
2025-08-27 10:00:00,1679.92,1622.4789
2025-08-27 11:00:00,1677.33,1625.9309
2025-08-27 13:00:00,1672.3,1629.8142
2025-08-27 14:00:00,1672.78,1633.5865
2025-08-28 09:00:00,1676.92,1637.1394
2025-08-28 10:00:00,1668.01,1640.4694
2025-08-28 11:00:00,1669.32,1643.0901
2025-08-28 13:00:00,1677.1399999999999,1645.0776
2025-08-28 14:00:00,1680.86,1646.7385
2025-08-29 09:00:00,1684.3700000000001,1648.4343
2025-08-29 10:00:00,1689.23,1650.3672
2025-08-29 11:00:00,1690.76,1652.4446
2025-08-29 13:00:00,1683.26,1654.614
2025-08-29 14:00:00,1682.2099999999998,1656.5787
2025-09-03 09:00:00,1681.0300000000002,1658.1765
2025-09-03 10:00:00,1675.2600000000002,1659.2959
2025-09-03 11:00:00,1675.57,1659.9371
2025-09-03 13:00:00,1676.58,1660.0312
2025-09-03 14:00:00,1681.3,1659.9092
2025-09-04 09:00:00,1682.45,1659.769
2025-09-04 10:00:00,1679.75,1659.955
2025-09-04 11:00:00,1678.47,1660.1814
2025-09-04 13:00:00,1685.1,1660.2201
2025-09-04 14:00:00,1696.29,1660.3523
2025-09-05 09:00:00,1702.46,1660.9109
2025-09-05 10:00:00,1706.15,1662.3546
2025-09-05 11:00:00,1705.3000000000002,1664.3485
2025-09-05 13:00:00,1696.0799999999997,1666.6079
2025-09-05 14:00:00,1666.9700000000003,1668.6661
2025-09-08 09:00:00,1660.09,1669.532
2025-09-08 10:00:00,1642.33,1668.5614
2025-09-08 11:00:00,1639.12,1665.9994
2025-09-08 13:00:00,1644.1599999999999,1662.1243
2025-09-08 14:00:00,1624.5299999999997,1657.7512
2025-09-09 09:00:00,1625.86,1653.0547
2025-09-09 10:00:00,1614.1999999999998,1647.901
2025-09-09 11:00:00,1624.65,1642.463
2025-09-09 13:00:00,1622.3700000000001,1637.0925
2025-09-09 14:00:00,1637.32,1632.3834
2025-09-10 09:00:00,1644.5500000000002,1628.4818
2025-09-10 10:00:00,1630.9699999999998,1626.0815
2025-09-10 11:00:00,1633.54,1624.4048
2025-09-10 13:00:00,1634.5800000000002,1622.9772
2025-09-10 14:00:00,1643.2599999999998,1621.8469
2025-09-11 09:00:00,1612.38,1621.2312
2025-09-11 10:00:00,1615.78,1620.2382
2025-09-11 11:00:00,1629.4700000000003,1618.5013
2025-09-11 13:00:00,1646.69,1616.8965
2025-09-11 14:00:00,1657.7499999999998,1616.1316
2025-09-12 09:00:00,1659.9800000000002,1616.6495
2025-09-12 10:00:00,1663.7100000000003,1618.4064
2025-09-12 11:00:00,1661.5,1620.8148
2025-09-12 13:00:00,1666.79,1623.614
2025-09-12 14:00:00,1667.26,1626.5839
2025-09-15 09:00:00,1674.4300000000003,1629.6067
2025-09-15 10:00:00,1672.06,1632.7615
2025-09-15 11:00:00,1674.13,1635.8401
2025-09-15 13:00:00,1675.67,1638.7219
2025-09-15 14:00:00,1684.9,1641.3259
2025-09-16 09:00:00,1692.52,1643.9242
2025-09-16 10:00:00,1692.29,1647.0961
2025-09-16 11:00:00,1687.69,1650.2561
2025-09-16 13:00:00,1685.57,1653.2012
2025-09-16 14:00:00,1680.9,1655.7949
2025-09-17 09:00:00,1680.78,1657.7401
2025-09-17 10:00:00,1681.1100000000001,1659.0339
2025-09-17 11:00:00,1681.99,1659.9045
2025-09-17 13:00:00,1680.35,1660.4543
2025-09-17 14:00:00,1670.97,1660.7766
2025-09-18 09:00:00,1671.18,1660.6533
2025-09-18 10:00:00,1666.2,1660.2606
2025-09-18 11:00:00,1667.86,1659.4574
2025-09-18 13:00:00,1662.63,1658.3595
2025-09-18 14:00:00,1665.18,1656.9207
2025-09-19 09:00:00,1659.68,1655.3116
2025-09-19 10:00:00,1656.2100000000003,1653.8652
2025-09-19 11:00:00,1651.1400000000003,1652.2697
2025-09-19 13:00:00,1655.6,1650.408
2025-09-19 14:00:00,1658.6199999999997,1648.4932
2025-09-22 09:00:00,1649.85,1646.6897
2025-09-22 10:00:00,1643.6400000000003,1644.9985
2025-09-22 11:00:00,1635.8400000000001,1643.0612
2025-09-22 13:00:00,1617.2,1640.8242
2025-09-22 14:00:00,1634.45,1637.8674
2025-09-23 09:00:00,1639.9100000000003,1634.5759
2025-09-23 10:00:00,1638.61,1631.8519
2025-09-23 11:00:00,1638.8,1629.7246
2025-09-23 13:00:00,1635.7999999999997,1628.0453
2025-09-23 14:00:00,1635.26,1626.6877
2025-09-24 09:00:00,1628.19,1625.3927
2025-09-24 10:00:00,1626.2599999999998,1624.0056
2025-09-24 11:00:00,1621.16,1622.5762
2025-09-24 13:00:00,1631.04,1620.9663
2025-09-24 14:00:00,1657.46,1619.5001
2025-09-25 09:00:00,1660.09,1619.073
2025-09-25 10:00:00,1655.97,1620.0447
2025-09-25 11:00:00,1657.8999999999999,1621.7229
2025-09-25 13:00:00,1664.2,1623.7344
2025-09-25 14:00:00,1666.09,1626.0903
2025-09-26 09:00:00,1662.6200000000001,1628.6428
2025-09-26 10:00:00,1662.2200000000003,1631.178
2025-09-26 11:00:00,1660.0,1633.5322
2025-09-26 13:00:00,1670.7000000000003,1635.4869
2025-09-26 14:00:00,1660.7,1637.2699
2025-09-29 09:00:00,1666.22,1638.8829
2025-09-29 10:00:00,1669.0199999999998,1640.1355
2025-09-29 11:00:00,1668.76,1641.3306
2025-09-29 13:00:00,1669.3700000000001,1642.5496
2025-09-29 14:00:00,1666.48,1643.6687
2025-09-30 09:00:00,1668.11,1644.6062
2025-09-30 10:00:00,1660.9200000000003,1645.4764
2025-09-30 11:00:00,1655.3599999999997,1646.0664
2025-09-30 13:00:00,1659.02,1646.1016
2025-09-30 14:00:00,1661.7,1645.6556
2025-10-01 09:00:00,1668.24,1645.1865
2025-10-01 10:00:00,1664.63,1644.9922
2025-10-01 11:00:00,1666.2299999999998,1645.0095
2025-10-01 13:00:00,1666.87,1645.1149
2025-10-01 14:00:00,1665.0500000000002,1645.3257
2025-10-02 09:00:00,1675.56,1645.5448
2025-10-02 10:00:00,1670.71,1646.1167
2025-10-02 11:00:00,1666.52,1646.8832
2025-10-02 13:00:00,1666.5899999999997,1647.513
2025-10-02 14:00:00,1652.71,1647.936
2025-10-03 09:00:00,1647.1399999999999,1647.8433
2025-10-03 10:00:00,1640.25,1646.8914
2025-10-03 11:00:00,1642.3199999999997,1645.2286
2025-10-03 13:00:00,1652.81,1643.1039
2025-10-03 14:00:00,1645.8199999999997,1641.1036
2025-10-06 09:00:00,1670.26,1639.4199
2025-10-06 10:00:00,1677.2699999999998,1639.0284
2025-10-06 11:00:00,1679.1,1639.7798
2025-10-06 13:00:00,1681.8600000000001,1641.2672
2025-10-06 14:00:00,1695.5,1643.2391
2025-10-07 09:00:00,1696.09,1645.7935
2025-10-07 10:00:00,1694.09,1649.0767
2025-10-07 11:00:00,1694.87,1652.4338
2025-10-07 13:00:00,1687.8,1655.6104
2025-10-07 14:00:00,1685.3,1658.3241
2025-10-08 09:00:00,1691.1999999999998,1660.3707
2025-10-08 10:00:00,1688.32,1662.3818
2025-10-08 11:00:00,1683.67,1663.9795
2025-10-08 13:00:00,1690.9600000000003,1665.0095
2025-10-08 14:00:00,1697.83,1665.6978
2025-10-09 09:00:00,1713.69,1666.5764
2025-10-09 10:00:00,1708.97,1668.099
2025-10-09 11:00:00,1708.46,1670.1512
2025-10-09 13:00:00,1710.92,1672.2047
2025-10-09 14:00:00,1716.47,1674.2291
2025-10-10 09:00:00,1727.81,1676.3208
2025-10-10 10:00:00,1730.06,1678.9288
2025-10-10 11:00:00,1731.7299999999998,1681.8822
2025-10-10 13:00:00,1738.21,1684.9451
2025-10-10 14:00:00,1747.5500000000002,1688.0891
2025-10-13 09:00:00,1748.1300000000003,1691.4321
2025-10-13 10:00:00,1750.71,1694.8401
2025-10-13 11:00:00,1754.91,1698.4004
2025-10-13 13:00:00,1753.4399999999998,1701.967
2025-10-13 14:00:00,1765.12,1705.3632
2025-10-14 09:00:00,1785.3,1708.7994
2025-10-14 10:00:00,1784.34,1713.2699
2025-10-14 11:00:00,1786.09,1718.0089
2025-10-14 13:00:00,1768.7999999999997,1722.8328
2025-10-14 14:00:00,1761.0600000000002,1726.9481
2025-10-15 09:00:00,1770.9099999999999,1729.7915
2025-10-15 10:00:00,1765.95,1731.9116
2025-10-15 11:00:00,1757.08,1733.5358
2025-10-15 13:00:00,1759.2,1734.4066
2025-10-15 14:00:00,1757.9500000000003,1734.5858
2025-10-16 09:00:00,1761.6400000000003,1734.3636
2025-10-16 10:00:00,1761.0600000000002,1734.0671
2025-10-16 11:00:00,1762.2799999999997,1733.6976
2025-10-16 13:00:00,1754.02,1733.3043
2025-10-16 14:00:00,1766.85,1732.8777
2025-10-17 09:00:00,1759.55,1732.4766
2025-10-17 10:00:00,1756.71,1732.3447
2025-10-17 11:00:00,1753.3200000000002,1732.1078
2025-10-17 13:00:00,1738.77,1731.6267
2025-10-17 14:00:00,1731.19,1730.5792
2025-10-20 09:00:00,1713.16,1728.7261
2025-10-20 10:00:00,1717.61,1725.7129
2025-10-20 11:00:00,1710.6700000000003,1721.9962
2025-10-20 13:00:00,1701.58,1717.9963
2025-10-20 14:00:00,1636.43,1713.6921
2025-10-21 09:00:00,1652.12,1707.5354
2025-10-21 10:00:00,1635.5699999999997,1699.6051
2025-10-21 11:00:00,1630.47,1690.7788
2025-10-21 13:00:00,1655.1,1681.274
2025-10-21 14:00:00,1663.43,1672.5186
2025-10-22 09:00:00,1662.39,1665.6335
2025-10-22 10:00:00,1652.24,1660.63
2025-10-22 11:00:00,1657.48,1656.4227
2025-10-22 13:00:00,1639.65,1652.8229
2025-10-22 14:00:00,1678.5,1649.425
2025-10-23 09:00:00,1683.25,1646.7635
2025-10-23 10:00:00,1685.48,1645.8544
2025-10-23 11:00:00,1690.4900000000002,1646.2456
2025-10-23 13:00:00,1692.19,1647.6724
2025-10-23 14:00:00,1687.06,1649.7288
2025-10-24 09:00:00,1683.77,1652.0924
2025-10-24 10:00:00,1664.34,1654.2103
2025-10-24 11:00:00,1672.72,1655.5548
2025-10-24 13:00:00,1680.9500000000003,1656.017
2025-10-24 14:00:00,1683.18,1656.3538
2025-10-27 09:00:00,1685.63,1656.9089
2025-10-27 10:00:00,1668.29,1657.9366
2025-10-27 11:00:00,1679.02,1658.5074
2025-10-27 13:00:00,1680.0599999999997,1658.6439
2025-10-27 14:00:00,1652.54,1658.6058
2025-10-28 09:00:00,1639.36,1657.9999
2025-10-28 10:00:00,1636.88,1655.9868
2025-10-28 11:00:00,1629.8,1653.0227
2025-10-28 13:00:00,1649.28,1649.2672
2025-10-28 14:00:00,1680.5,1645.4348
2025-10-29 09:00:00,1680.4399999999998,1643.1104
2025-10-29 10:00:00,1682.98,1642.7397
2025-10-29 11:00:00,1689.49,1643.477
2025-10-29 13:00:00,1693.9000000000003,1645.1774
2025-10-29 14:00:00,1685.8299999999997,1647.5897
2025-10-30 09:00:00,1677.53,1650.265
2025-10-30 10:00:00,1668.81,1652.6229
2025-10-30 11:00:00,1673.8500000000001,1654.1283
2025-10-30 13:00:00,1669.08,1654.9615
2025-10-30 14:00:00,1669.5699999999997,1655.3136
2025-10-31 09:00:00,1658.8100000000002,1655.2654
2025-10-31 10:00:00,1654.55,1654.7054
2025-10-31 11:00:00,1652.78,1653.448
2025-10-31 13:00:00,1654.4099999999999,1651.7134
2025-10-31 14:00:00,1639.65,1649.8777
2025-11-03 09:00:00,1632.6900000000003,1647.7295
2025-11-03 10:00:00,1641.24,1645.1332
2025-11-03 11:00:00,1651.76,1642.0867
2025-11-03 13:00:00,1640.5500000000002,1639.5443
2025-11-03 14:00:00,1617.0,1637.4031
2025-11-04 09:00:00,1625.02,1634.8302
2025-11-04 10:00:00,1614.95,1631.7455
2025-11-04 11:00:00,1612.53,1628.4454
2025-11-04 13:00:00,1635.9,1624.8444
2025-11-04 14:00:00,1651.9799999999998,1621.675
2025-11-05 09:00:00,1652.5200000000002,1620.1141
2025-11-05 10:00:00,1655.9399999999998,1619.7877
2025-11-05 11:00:00,1655.72,1620.5222
2025-11-05 13:00:00,1654.16,1621.9941
2025-11-05 14:00:00,1654.89,1623.7477
2025-11-06 09:00:00,1658.1300000000003,1625.5676
2025-11-06 10:00:00,1644.18,1627.3778
2025-11-06 11:00:00,1640.58,1628.8527
2025-11-06 13:00:00,1644.4,1629.6144
2025-11-06 14:00:00,1642.64,1629.9374
2025-11-07 09:00:00,1629.5,1630.1368
2025-11-07 10:00:00,1628.28,1629.5613
2025-11-07 11:00:00,1621.47,1628.2826
2025-11-07 13:00:00,1616.27,1626.5138
2025-11-07 14:00:00,1599.1,1624.28
2025-11-10 09:00:00,1593.85,1621.2235
2025-11-10 10:00:00,1584.5,1617.2764
2025-11-10 11:00:00,1593.0799999999997,1612.6527
2025-11-10 13:00:00,1606.4,1607.9772
2025-11-10 14:00:00,1580.54,1604.0
2025-11-11 09:00:00,1593.95,1600.327
2025-11-11 10:00:00,1585.61,1596.8329
2025-11-11 11:00:00,1586.4700000000003,1593.6917
2025-11-11 13:00:00,1595.0800000000002,1590.7455
2025-11-11 14:00:00,1593.61,1588.2206
2025-11-12 09:00:00,1597.57,1586.3317
2025-11-12 10:00:00,1599.7900000000002,1585.2529
2025-11-12 11:00:00,1607.41,1584.653
2025-11-12 13:00:00,1623.21,1584.6576
2025-11-12 14:00:00,1631.86,1585.5879
2025-11-13 09:00:00,1632.15,1587.658
2025-11-13 10:00:00,1633.41,1590.5603
2025-11-13 11:00:00,1634.49,1593.7437
2025-11-13 13:00:00,1631.29,1597.0935
2025-11-13 14:00:00,1631.4399999999998,1600.3031
2025-11-14 09:00:00,1626.98,1603.0934
2025-11-14 10:00:00,1624.55,1605.3239
2025-11-14 11:00:00,1630.6199999999997,1606.9961
2025-11-14 13:00:00,1637.03,1608.3348
2025-11-14 14:00:00,1635.46,1609.6664
2025-11-17 09:00:00,1648.5,1611.0088
2025-11-17 10:00:00,1648.9099999999999,1612.7941
2025-11-17 11:00:00,1651.85,1614.8344
2025-11-17 13:00:00,1648.66,1617.0759
2025-11-17 14:00:00,1654.42,1619.3033
2025-11-18 09:00:00,1658.29,1621.4888
2025-11-18 10:00:00,1657.33,1623.7822
2025-11-18 11:00:00,1656.16,1626.0209
2025-11-18 13:00:00,1652.8000000000002,1628.1147
2025-11-18 14:00:00,1659.92,1629.7974
2025-11-19 09:00:00,1658.9,1631.3273
2025-11-19 10:00:00,1652.18,1632.783
2025-11-19 11:00:00,1653.5099999999998,1633.9497
2025-11-19 13:00:00,1654.08,1634.7937
2025-11-19 14:00:00,1649.0,1635.3535
2025-11-20 09:00:00,1653.8299999999997,1635.5664
2025-11-20 10:00:00,1656.1099999999997,1635.6686
2025-11-20 11:00:00,1652.9,1635.9072
2025-11-20 13:00:00,1648.22,1636.1073
2025-11-20 14:00:00,1655.99,1636.1077
2025-11-21 09:00:00,1638.3199999999997,1636.0908
2025-11-21 10:00:00,1640.29,1635.5381
2025-11-21 11:00:00,1638.29,1634.5616
2025-11-21 13:00:00,1645.79,1633.316
2025-11-21 14:00:00,1654.93,1632.1316
2025-11-24 09:00:00,1672.37,1631.4639
2025-11-24 10:00:00,1663.7900000000002,1631.8512
2025-11-24 11:00:00,1667.09,1633.0122
2025-11-24 13:00:00,1673.33,1634.4692
2025-11-24 14:00:00,1667.98,1636.2875
2025-11-25 09:00:00,1669.79,1638.2574
2025-11-25 10:00:00,1676.11,1640.23
2025-11-25 11:00:00,1670.73,1642.1857
2025-11-25 13:00:00,1669.47,1644.0287
2025-11-25 14:00:00,1660.36,1645.5409
2025-11-26 09:00:00,1674.8700000000001,1646.4888
2025-11-26 10:00:00,1665.31,1647.3514
2025-11-26 11:00:00,1667.6399999999999,1648.0771
2025-11-26 13:00:00,1673.08,1648.481
2025-11-26 14:00:00,1680.36,1648.9055
2025-11-27 09:00:00,1690.44,1649.619
2025-11-27 10:00:00,1686.8799999999999,1651.0831
2025-11-27 11:00:00,1685.8200000000002,1652.8462
2025-11-27 13:00:00,1689.46,1654.6033
2025-11-27 14:00:00,1684.32,1656.3029
2025-11-28 09:00:00,1687.85,1657.8508
2025-11-28 10:00:00,1687.7099999999998,1659.275
2025-11-28 11:00:00,1693.3699999999997,1660.53
2025-11-28 13:00:00,1687.2300000000002,1661.7788
2025-11-28 14:00:00,1690.99,1662.9249
2025-12-01 09:00:00,1706.7500000000002,1663.7887
2025-12-01 10:00:00,1705.0600000000002,1665.3225
2025-12-01 11:00:00,1700.2799999999997,1667.1746
2025-12-01 13:00:00,1702.7899999999997,1669.0114
2025-12-01 14:00:00,1701.67,1670.6606
2025-12-02 09:00:00,1702.11,1672.244
2025-12-02 10:00:00,1700.7899999999997,1673.6057
2025-12-02 11:00:00,1693.98,1674.6318
2025-12-02 13:00:00,1706.76,1675.2906
2025-12-02 14:00:00,1717.06,1675.7914
2025-12-03 09:00:00,1715.0800000000002,1676.762
2025-12-03 10:00:00,1723.51,1678.4066
2025-12-03 11:00:00,1725.38,1680.3021
2025-12-03 13:00:00,1738.45,1682.5364
2025-12-03 14:00:00,1731.7699999999998,1685.1555
2025-12-04 09:00:00,1730.5,1688.0867
2025-12-04 10:00:00,1731.8000000000002,1690.9535
2025-12-04 11:00:00,1729.89,1693.4136
2025-12-04 13:00:00,1741.21,1695.5422
2025-12-04 14:00:00,1737.24,1697.5575
2025-12-05 09:00:00,1746.2900000000002,1699.524
2025-12-05 10:00:00,1742.2900000000002,1702.0103
2025-12-05 11:00:00,1745.2700000000002,1704.32
2025-12-05 13:00:00,1745.3199999999997,1706.3792
2025-12-05 14:00:00,1741.32,1708.2426
2025-12-08 09:00:00,1755.47,1709.8131
2025-12-08 10:00:00,1755.2099999999998,1711.6731
2025-12-08 11:00:00,1755.49,1713.6425
2025-12-08 13:00:00,1750.2199999999998,1715.5377
2025-12-08 14:00:00,1753.74,1717.1448
2025-12-09 09:00:00,1759.59,1718.4316
2025-12-09 10:00:00,1745.68,1720.1075
2025-12-09 11:00:00,1743.1199999999997,1721.2449
2025-12-09 13:00:00,1753.03,1721.6537
2025-12-09 14:00:00,1747.17,1721.5491
2025-12-10 09:00:00,1733.63,1721.599
2025-12-10 10:00:00,1727.74,1721.0876
2025-12-10 11:00:00,1725.06,1719.8513
2025-12-10 13:00:00,1719.25,1718.0696
2025-12-10 14:00:00,1718.98,1715.8582
2025-12-11 09:00:00,1701.89,1713.317
2025-12-11 10:00:00,1702.1500000000003,1710.194
2025-12-11 11:00:00,1706.34,1706.5006
2025-12-11 13:00:00,1707.76,1702.8516
2025-12-11 14:00:00,1698.9,1699.4131
2025-12-12 09:00:00,1682.86,1696.2828
2025-12-12 10:00:00,1679.04,1692.9501
2025-12-12 11:00:00,1678.27,1689.1456
2025-12-12 13:00:00,1672.5999999999997,1685.2455
2025-12-12 14:00:00,1646.89,1681.2273
2025-12-15 09:00:00,1649.29,1676.5673
2025-12-15 10:00:00,1653.16,1671.1824
2025-12-15 11:00:00,1648.0500000000002,1666.0452
2025-12-15 13:00:00,1639.38,1661.1035
2025-12-15 14:00:00,1646.0099999999998,1656.249
2025-12-16 09:00:00,1641.2599999999998,1651.6489
2025-12-16 10:00:00,1637.93,1647.5518
2025-12-16 11:00:00,1638.11,1643.6318
2025-12-16 13:00:00,1676.49,1640.1111
2025-12-16 14:00:00,1679.1800000000003,1637.9816
2025-12-17 09:00:00,1683.32,1637.9215
2025-12-17 10:00:00,1677.63,1639.1194
2025-12-17 11:00:00,1677.39,1641.044
2025-12-17 13:00:00,1679.1100000000001,1643.155
2025-12-17 14:00:00,1673.66,1645.2379
2025-12-18 09:00:00,1668.6,1647.2351
2025-12-18 10:00:00,1672.14,1648.7283
2025-12-18 11:00:00,1671.5700000000002,1649.7764
2025-12-18 13:00:00,1674.03,1650.5863
2025-12-18 14:00:00,1676.9800000000002,1651.1442
2025-12-19 09:00:00,1690.76,1651.6703
2025-12-19 10:00:00,1692.1399999999999,1652.7147
2025-12-19 11:00:00,1693.6000000000001,1654.3738
2025-12-19 13:00:00,1694.71,1656.3129
2025-12-19 14:00:00,1704.31,1658.3279
2025-12-22 09:00:00,1720.55,1660.6329
2025-12-22 10:00:00,1727.94,1663.9154
2025-12-22 11:00:00,1734.3200000000002,1667.85
2025-12-22 13:00:00,1743.6599999999999,1672.3232
2025-12-22 14:00:00,1751.03,1677.2386
2025-12-23 09:00:00,1770.51,1682.5721
2025-12-23 10:00:00,1766.64,1688.9214
2025-12-23 11:00:00,1770.62,1695.4591
2025-12-23 13:00:00,1772.39,1701.7942
2025-12-23 14:00:00,1772.15,1707.8379
2025-12-24 09:00:00,1771.05,1713.331
2025-12-24 10:00:00,1773.18,1718.2107
2025-12-24 11:00:00,1771.4199999999998,1722.5088
2025-12-24 13:00:00,1772.38,1726.05
2025-12-24 14:00:00,1782.8199999999997,1728.8528
2025-12-25 09:00:00,1790.3,1731.4712
2025-12-25 10:00:00,1797.36,1734.2205
2025-12-25 11:00:00,1792.1900000000003,1737.3923
2025-12-25 13:00:00,1788.3599999999997,1740.5435
2025-12-25 14:00:00,1742.85,1743.194
2025-12-26 09:00:00,1708.26,1744.392
2025-12-26 10:00:00,1699.69,1741.8671
2025-12-26 11:00:00,1690.47,1736.9764
2025-12-26 13:00:00,1709.37,1730.4829
2025-12-26 14:00:00,1729.8000000000002,1723.5546
2025-12-29 09:00:00,1747.31,1717.7024
2025-12-29 10:00:00,1743.41,1713.8466
2025-12-29 11:00:00,1745.17,1711.6046
2025-12-29 13:00:00,1751.4399999999998,1710.5245
2025-12-29 14:00:00,1754.84,1710.364
2025-12-30 09:00:00,1757.3700000000001,1711.0248
2025-12-30 10:00:00,1747.81,1712.4006
2025-12-30 11:00:00,1747.16,1713.8967
2025-12-30 13:00:00,1753.7500000000002,1715.1531
2025-12-30 14:00:00,1766.9000000000003,1716.2278
2025-12-31 09:00:00,1770.36,1717.6912
2025-12-31 10:00:00,1773.02,1719.6063
2025-12-31 11:00:00,1781.5599999999997,1721.9622
2025-12-31 13:00:00,1784.36,1724.6959
2025-12-31 14:00:00,1784.49,1727.7922
2026-01-05 09:00:00,1781.7900000000002,1730.8655
2026-01-05 10:00:00,1785.27,1733.9252
2026-01-05 11:00:00,1787.6099999999997,1736.7045
2026-01-05 13:00:00,1792.89,1739.349
2026-01-05 14:00:00,1788.4,1741.9056
2026-01-06 09:00:00,1805.2,1744.1222
2026-01-06 10:00:00,1796.9800000000002,1746.6608
2026-01-06 11:00:00,1794.41,1749.1536
2026-01-06 13:00:00,1811.7900000000002,1751.3236
2026-01-06 14:00:00,1816.2699999999998,1753.5067
2026-01-07 09:00:00,1837.31,1756.1372
2026-01-07 10:00:00,1838.8500000000001,1759.691
2026-01-07 11:00:00,1836.2900000000002,1763.8462
2026-01-07 13:00:00,1848.52,1768.1863
2026-01-07 14:00:00,1861.5800000000002,1772.5836
2026-01-08 09:00:00,1877.03,1777.4209
2026-01-08 10:00:00,1869.35,1783.3595
2026-01-08 11:00:00,1873.03,1789.389
2026-01-08 13:00:00,1868.99,1794.8983
2026-01-08 14:00:00,1855.56,1800.0138
2026-01-09 09:00:00,1866.46,1804.0952
2026-01-09 10:00:00,1860.94,1807.361
2026-01-09 11:00:00,1856.23,1809.9274
2026-01-09 13:00:00,1872.9299999999998,1811.7007
2026-01-09 14:00:00,1867.8999999999999,1813.1978
2026-01-12 09:00:00,1879.36,1814.5659
2026-01-12 10:00:00,1876.24,1816.3556
2026-01-12 11:00:00,1871.33,1818.1206
2026-01-12 13:00:00,1874.33,1819.645
2026-01-12 14:00:00,1877.3300000000002,1820.9603
2026-01-13 09:00:00,1884.8700000000001,1822.1182
2026-01-13 10:00:00,1891.63,1823.3907
2026-01-13 11:00:00,1896.71,1825.0526
2026-01-13 13:00:00,1910.44,1827.1321
2026-01-13 14:00:00,1902.9299999999998,1829.6036
2026-01-14 09:00:00,1898.6199999999997,1832.3818
2026-01-14 10:00:00,1917.1399999999999,1835.0367
2026-01-14 11:00:00,1901.02,1837.6637
2026-01-14 13:00:00,1904.95,1840.2623
2026-01-14 14:00:00,1894.4400000000003,1842.3807
2026-01-15 09:00:00,1880.85,1843.6434
2026-01-15 10:00:00,1862.51,1843.7588
2026-01-15 11:00:00,1851.7299999999998,1842.6611
2026-01-15 13:00:00,1867.3800000000003,1840.3204
2026-01-15 14:00:00,1864.8000000000002,1837.3972
2026-01-16 09:00:00,1892.7,1834.5825
2026-01-16 10:00:00,1885.75,1832.9823
2026-01-16 11:00:00,1895.34,1832.3313
2026-01-16 13:00:00,1890.0900000000001,1832.374
2026-01-16 14:00:00,1879.1299999999999,1832.8965
2026-01-19 09:00:00,1896.56,1833.3813
2026-01-19 10:00:00,1890.0999999999997,1834.158
2026-01-19 11:00:00,1880.76,1835.0851
2026-01-19 13:00:00,1883.9199999999998,1835.76
2026-01-19 14:00:00,1896.59,1836.0029
2026-01-20 09:00:00,1892.98,1836.3942
2026-01-20 10:00:00,1888.25,1837.1904
2026-01-20 11:00:00,1895.2700000000002,1837.9138
2026-01-20 13:00:00,1907.4400000000003,1838.4929
2026-01-20 14:00:00,1893.7800000000002,1839.4768
2026-01-21 09:00:00,1880.1200000000001,1840.5493
2026-01-21 10:00:00,1888.38,1840.6334
2026-01-21 11:00:00,1881.04,1840.3534
2026-01-21 13:00:00,1861.61,1839.9814
2026-01-21 14:00:00,1885.44,1838.8121
2026-01-22 09:00:00,1887.36,1837.4071
2026-01-22 10:00:00,1894.1299999999999,1836.7551
2026-01-22 11:00:00,1893.09,1836.6797
2026-01-22 13:00:00,1891.9,1836.9917
2026-01-22 14:00:00,1882.73,1837.3452
2026-01-23 09:00:00,1889.7399999999998,1837.5592
2026-01-23 10:00:00,1881.84,1837.8947
2026-01-23 11:00:00,1878.9300000000003,1837.9774
2026-01-23 13:00:00,1881.4000000000003,1837.6917
2026-01-23 14:00:00,1870.79,1837.2378
2026-01-26 09:00:00,1871.25,1836.3992
2026-01-26 10:00:00,1858.3,1835.3065
2026-01-26 11:00:00,1863.1199999999997,1833.7266
2026-01-26 13:00:00,1850.09,1831.7621
2026-01-26 14:00:00,1843.72,1829.401
2026-01-27 09:00:00,1837.3199999999997,1826.441
2026-01-27 10:00:00,1836.7699999999998,1823.0127
2026-01-27 11:00:00,1831.8,1819.3923
2026-01-27 13:00:00,1840.78,1815.7748
2026-01-27 14:00:00,1830.5,1812.329
2026-01-28 09:00:00,1829.71,1809.1464
2026-01-28 10:00:00,1814.87,1806.3035
2026-01-28 11:00:00,1805.73,1803.3547
2026-01-28 13:00:00,1804.9100000000003,1799.8807
2026-01-28 14:00:00,1802.9100000000003,1796.2194
2026-01-29 09:00:00,1803.3599999999997,1792.3163
2026-01-29 10:00:00,1800.3999999999999,1788.7076
2026-01-29 11:00:00,1801.95,1785.2312
2026-01-29 13:00:00,1806.12,1782.0258
2026-01-29 14:00:00,1814.98,1779.3005
2026-01-30 09:00:00,1814.7300000000002,1777.2815
2026-01-30 10:00:00,1820.99,1776.2562
2026-01-30 11:00:00,1828.5199999999998,1775.8687
2026-01-30 13:00:00,1830.3299999999997,1776.1667
2026-01-30 14:00:00,1829.04,1777.0676
2026-02-02 09:00:00,1806.2100000000003,1778.0751
2026-02-02 10:00:00,1792.81,1778.6715
2026-02-02 11:00:00,1782.57,1778.2137
2026-02-02 13:00:00,1794.8,1776.5885
2026-02-02 14:00:00,1806.5,1774.3727
2026-02-03 09:00:00,1810.99,1772.5106
2026-02-03 10:00:00,1816.64,1771.4412
2026-02-03 11:00:00,1822.06,1771.0532
2026-02-03 13:00:00,1818.44,1771.3804
2026-02-03 14:00:00,1813.3999999999999,1772.2089
2026-02-04 09:00:00,1801.06,1773.0371
2026-02-04 10:00:00,1792.62,1773.422
2026-02-04 11:00:00,1794.61,1772.997
2026-02-04 13:00:00,1786.4199999999998,1771.9253
2026-02-04 14:00:00,1791.43,1770.4879
2026-02-05 09:00:00,1789.6399999999999,1768.7144
2026-02-05 10:00:00,1793.63,1766.9235
2026-02-05 11:00:00,1787.22,1765.3705
2026-02-05 13:00:00,1786.6900000000003,1763.887
2026-02-05 14:00:00,1782.56,1762.4221
2026-02-06 09:00:00,1776.51,1761.0623
2026-02-06 10:00:00,1765.76,1759.0825
2026-02-06 11:00:00,1763.56,1756.7118
2026-02-06 13:00:00,1765.5300000000002,1753.9684
2026-02-06 14:00:00,1755.49,1751.2731
2026-02-09 09:00:00,1756.41,1748.5848
2026-02-09 10:00:00,1751.1,1746.0464
2026-02-09 11:00:00,1754.33,1743.3563
2026-02-09 13:00:00,1755.0,1740.653
2026-02-09 14:00:00,1754.8199999999997,1738.1897
2026-02-10 09:00:00,1770.47,1736.0042
2026-02-10 10:00:00,1761.54,1734.5858
2026-02-10 11:00:00,1763.46,1733.6246
2026-02-10 13:00:00,1747.2300000000002,1733.0343
2026-02-10 14:00:00,1754.0300000000002,1732.2971
2026-02-11 09:00:00,1787.9599999999998,1731.2137
2026-02-11 10:00:00,1783.69,1731.3347
2026-02-11 11:00:00,1788.43,1732.6151
2026-02-11 13:00:00,1798.2899999999997,1734.508
2026-02-11 14:00:00,1796.85,1737.0348
2026-02-12 09:00:00,1810.19,1739.9011
2026-02-12 10:00:00,1808.95,1743.4817
2026-02-12 11:00:00,1808.9600000000003,1747.3104
2026-02-12 13:00:00,1815.6799999999998,1751.0813
2026-02-12 14:00:00,1814.09,1754.678
2026-02-13 09:00:00,1810.1099999999997,1758.0316
2026-02-13 10:00:00,1812.76,1760.886
2026-02-13 11:00:00,1812.4100000000003,1763.3281
2026-02-13 13:00:00,1821.2900000000002,1765.4965
2026-02-13 14:00:00,1824.0899999999997,1767.502
2026-02-23 09:00:00,1843.02,1769.5349
2026-02-23 10:00:00,1845.03,1772.3645
2026-02-23 11:00:00,1847.7199999999998,1775.6909
2026-02-23 13:00:00,1858.57,1779.2902
2026-02-23 14:00:00,1860.14,1783.1947
2026-02-24 09:00:00,1853.91,1787.2902
2026-02-24 10:00:00,1862.35,1791.2024
2026-02-24 11:00:00,1862.93,1794.8132
2026-02-24 13:00:00,1862.38,1798.2928
2026-02-24 14:00:00,1867.62,1801.4391
2026-02-25 09:00:00,1864.16,1804.2754
2026-02-25 10:00:00,1867.72,1806.822
2026-02-25 11:00:00,1862.41,1809.1624
2026-02-25 13:00:00,1864.5,1811.1266
2026-02-25 14:00:00,1860.9099999999999,1812.6462
2026-02-26 09:00:00,1873.2000000000003,1813.7948
2026-02-26 10:00:00,1863.68,1814.8911
2026-02-26 11:00:00,1872.8500000000001,1815.9451
2026-02-26 13:00:00,1874.79,1816.9026
2026-02-26 14:00:00,1879.6399999999999,1817.9663
2026-02-27 09:00:00,1891.5899999999997,1819.2753
2026-02-27 10:00:00,1882.09,1821.1904
2026-02-27 11:00:00,1884.49,1823.1471
2026-02-27 13:00:00,1878.96,1824.9554
2026-02-27 14:00:00,1880.33,1826.3749
2026-03-02 09:00:00,1866.2999999999997,1827.3214
2026-03-02 10:00:00,1876.85,1827.4418
2026-03-02 11:00:00,1877.18,1827.3015
2026-03-02 13:00:00,1872.95,1827.4172
2026-03-02 14:00:00,1846.1,1827.4424
2026-03-03 09:00:00,1839.45,1826.7247
2026-03-03 10:00:00,1834.11,1824.9562
2026-03-03 11:00:00,1832.42,1822.2261
2026-03-03 13:00:00,1816.99,1818.903
2026-03-03 14:00:00,1813.14,1814.8906
2026-03-04 09:00:00,1807.5100000000002,1810.317
2026-03-04 10:00:00,1780.1700000000003,1805.5754
2026-03-04 11:00:00,1789.7600000000002,1800.085
2026-03-04 13:00:00,1798.36,1794.0785
2026-03-04 14:00:00,1818.2700000000002,1788.2212
2026-03-05 09:00:00,1838.95,1783.6978
2026-03-05 10:00:00,1839.01,1781.7438
2026-03-05 11:00:00,1837.0400000000002,1781.5289
2026-03-05 13:00:00,1812.8500000000001,1782.2769
2026-03-05 14:00:00,1808.51,1782.8427
2026-03-06 09:00:00,1795.1099999999997,1782.7806
2026-03-06 10:00:00,1797.38,1781.4766
2026-03-06 11:00:00,1802.46,1779.5626
2026-03-06 13:00:00,1786.6500000000003,1777.6625
2026-03-06 14:00:00,1767.84,1775.4368
2026-03-09 09:00:00,1662.71,1772.4666
2026-03-09 10:00:00,1657.25,1765.7877
2026-03-09 11:00:00,1653.44,1754.9194
2026-03-09 13:00:00,1657.7099999999998,1741.9187
2026-03-09 14:00:00,1652.79,1728.4524
2026-03-10 09:00:00,1697.0199999999998,1715.2129
2026-03-10 10:00:00,1697.35,1704.1396
2026-03-10 11:00:00,1688.94,1696.0212
2026-03-10 13:00:00,1654.8799999999999,1689.7244
2026-03-10 14:00:00,1676.73,1683.8157
2026-03-11 09:00:00,1685.61,1678.3696
2026-03-11 10:00:00,1700.85,1674.2219
2026-03-11 11:00:00,1709.45,1671.5718
2026-03-11 13:00:00,1727.41,1670.5242
2026-03-11 14:00:00,1728.34,1671.1405
2026-03-12 09:00:00,1721.76,1673.1198
2026-03-12 10:00:00,1716.75,1675.4576
2026-03-12 11:00:00,1709.44,1678.0118
2026-03-12 13:00:00,1713.65,1680.2275
2026-03-12 14:00:00,1709.61,1681.9622
2026-03-13 09:00:00,1706.73,1683.3824
2026-03-13 10:00:00,1711.48,1683.9727
2026-03-13 11:00:00,1708.46,1684.3608
2026-03-13 13:00:00,1698.8200000000002,1684.775
2026-03-13 14:00:00,1696.24,1684.736
2026-03-16 09:00:00,1694.95,1684.1064
2026-03-16 10:00:00,1692.87,1683.2224
2026-03-16 11:00:00,1691.74,1682.2338
2026-03-16 13:00:00,1683.06,1680.9526
2026-03-16 14:00:00,1693.21,1679.3448
2026-03-17 09:00:00,1722.95,1677.6686
2026-03-17 10:00:00,1725.07,1677.5634
2026-03-17 11:00:00,1725.78,1678.6782
2026-03-17 13:00:00,1709.91,1680.5205
2026-03-17 14:00:00,1710.2899999999997,1682.3473
2026-03-18 09:00:00,1733.8500000000001,1683.7866
2026-03-18 10:00:00,1730.54,1685.7273
2026-03-18 11:00:00,1713.1400000000003,1688.1273
2026-03-18 13:00:00,1722.1399999999999,1690.0404
2026-03-18 14:00:00,1713.8299999999997,1691.3268
2026-03-19 09:00:00,1703.2999999999997,1692.0814
2026-03-19 10:00:00,1702.22,1691.8077
2026-03-19 11:00:00,1698.48,1690.9159
2026-03-19 13:00:00,1688.19,1689.6453
2026-03-19 14:00:00,1699.1299999999999,1687.813
2026-03-20 09:00:00,1681.22,1685.9543
2026-03-20 10:00:00,1678.2899999999997,1683.8171
2026-03-20 11:00:00,1676.0000000000002,1681.1482
2026-03-20 13:00:00,1664.02,1678.2283
2026-03-20 14:00:00,1647.8100000000002,1674.9292
2026-03-23 09:00:00,1605.78,1670.6571
2026-03-23 10:00:00,1602.87,1664.4865
2026-03-23 11:00:00,1613.5700000000002,1656.7421
2026-03-23 13:00:00,1596.2100000000003,1648.6139
2026-03-23 14:00:00,1591.17,1640.4896
2026-03-24 09:00:00,1610.73,1632.2954
2026-03-24 10:00:00,1627.0400000000002,1625.7465
2026-03-24 11:00:00,1622.69,1620.6207
2026-03-24 13:00:00,1609.27,1616.9271
2026-03-24 14:00:00,1614.77,1613.7676
2026-03-25 09:00:00,1644.8700000000001,1610.9464
2026-03-25 10:00:00,1648.93,1609.9989
2026-03-25 11:00:00,1645.76,1610.5872
2026-03-25 13:00:00,1647.43,1612.057
2026-03-25 14:00:00,1658.19,1613.9918
2026-03-26 09:00:00,1637.9100000000003,1616.3475
2026-03-26 10:00:00,1642.92,1618.7043
2026-03-26 11:00:00,1640.3800000000003,1620.525
2026-03-26 13:00:00,1643.19,1621.9369
2026-03-26 14:00:00,1644.6299999999999,1622.9482
2026-03-27 09:00:00,1652.5699999999997,1623.8356
2026-03-27 10:00:00,1649.2200000000003,1624.7426
2026-03-27 11:00:00,1652.89,1625.858
2026-03-27 13:00:00,1663.3,1626.9568
2026-03-27 14:00:00,1672.8,1628.3335
2026-03-30 09:00:00,1642.22,1630.3296
2026-03-30 10:00:00,1651.21,1631.3954
2026-03-30 11:00:00,1650.15,1631.9579
2026-03-30 13:00:00,1671.6,1632.3741
2026-03-30 14:00:00,1662.5399999999997,1633.1609
2026-03-31 09:00:00,1670.52,1634.3982
2026-03-31 10:00:00,1674.86,1636.0568
2026-03-31 11:00:00,1673.6400000000003,1638.0515
2026-03-31 13:00:00,1669.47,1640.1826
2026-03-31 14:00:00,1674.49,1642.1135
2026-04-01 09:00:00,1711.2,1643.7959
2026-04-01 10:00:00,1705.1799999999998,1647.2705
2026-04-01 11:00:00,1704.9000000000003,1651.4451
2026-04-01 13:00:00,1710.42,1655.6759
2026-04-01 14:00:00,1702.93,1659.8292
2026-04-02 09:00:00,1697.93,1663.6968
2026-04-02 10:00:00,1696.1,1666.8651
2026-04-02 11:00:00,1694.7700000000002,1669.2113
2026-04-02 13:00:00,1685.81,1670.9137
2026-04-02 14:00:00,1694.8199999999997,1671.8229
2026-04-03 09:00:00,1709.28,1672.2045
2026-04-03 10:00:00,1700.5500000000002,1672.9783
2026-04-03 11:00:00,1699.3399999999997,1673.8914
2026-04-03 13:00:00,1685.3599999999997,1674.6401
2026-04-03 14:00:00,1684.04,1674.8263
2026-04-06 09:00:00,1687.06,1674.2911
2026-04-06 10:00:00,1675.5300000000002,1673.402
2026-04-06 11:00:00,1676.0899999999997,1672.1428
2026-04-06 13:00:00,1678.22,1670.5404
2026-04-06 14:00:00,1674.9899999999998,1668.8463
2026-04-07 09:00:00,1681.6599999999999,1667.0762
2026-04-07 10:00:00,1679.5000000000002,1665.4882
2026-04-07 11:00:00,1672.93,1664.3414
2026-04-07 13:00:00,1667.58,1663.1886
2026-04-07 14:00:00,1677.5399999999997,1661.857
2026-04-08 09:00:00,1717.35,1660.5804
2026-04-08 10:00:00,1733.2999999999997,1661.4592
2026-04-08 11:00:00,1736.1999999999998,1664.208
2026-04-08 13:00:00,1753.77,1668.3444
2026-04-08 14:00:00,1756.5499999999997,1673.5704
2026-04-09 09:00:00,1753.72,1679.7017
2026-04-09 10:00:00,1741.0700000000002,1685.738
2026-04-09 11:00:00,1738.93,1691.3126
2026-04-09 13:00:00,1746.8799999999999,1695.9375
2026-04-09 14:00:00,1736.68,1699.8126
2026-04-10 09:00:00,1753.8399999999997,1703.032
2026-04-10 10:00:00,1758.33,1706.2328
2026-04-10 11:00:00,1754.25,1709.2927
2026-04-10 13:00:00,1757.0,1712.1292
2026-04-10 14:00:00,1750.0,1714.6268
2026-04-13 09:00:00,1745.92,1716.6605
2026-04-13 10:00:00,1740.55,1717.7439
2026-04-13 11:00:00,1741.94,1718.3177
2026-04-13 13:00:00,1759.62,1718.4044
2026-04-13 14:00:00,1758.96,1718.636
2026-04-14 09:00:00,1778.9199999999998,1719.4337
2026-04-14 10:00:00,1774.11,1721.3982
2026-04-14 11:00:00,1769.6500000000003,1723.8296
2026-04-14 13:00:00,1772.0100000000002,1726.2158
2026-04-14 14:00:00,1775.65,1728.3678
2026-04-15 09:00:00,1791.5700000000002,1730.4214
2026-04-15 10:00:00,1790.4600000000003,1733.1293
2026-04-15 11:00:00,1791.66,1736.0905
2026-04-15 13:00:00,1793.4,1739.0403
2026-04-15 14:00:00,1800.65,1741.8875
2026-04-16 09:00:00,1803.4200000000003,1744.7673
2026-04-16 10:00:00,1819.36,1747.9277
2026-04-16 11:00:00,1818.7400000000002,1751.3046
2026-04-16 13:00:00,1817.41,1755.0575
2026-04-16 14:00:00,1819.83,1758.7394
2026-04-17 09:00:00,1827.6499999999999,1762.1586
2026-04-17 10:00:00,1826.0000000000002,1765.7943
2026-04-17 11:00:00,1825.72,1769.1871
2026-04-17 13:00:00,1827.6,1772.2294
2026-04-17 14:00:00,1817.1699999999998,1774.9608
2026-04-20 09:00:00,1806.7699999999998,1777.101
2026-04-20 10:00:00,1829.4100000000003,1778.2378
2026-04-20 11:00:00,1826.3299999999997,1779.0394
2026-04-20 13:00:00,1828.06,1780.0769
2026-04-20 14:00:00,1837.11,1781.1005
2026-04-21 09:00:00,1864.7,1782.3195
2026-04-21 10:00:00,1858.0499999999997,1784.8071
2026-04-21 11:00:00,1858.0,1788.0793
2026-04-21 13:00:00,1847.79,1791.4497
2026-04-21 14:00:00,1833.48,1794.4185
2026-04-22 09:00:00,1835.29,1796.4725
2026-04-22 10:00:00,1825.78,1797.5906
2026-04-22 11:00:00,1825.08,1797.8828
2026-04-22 13:00:00,1858.9000000000003,1797.3351
2026-04-22 14:00:00,1857.3000000000002,1797.1259
2026-04-23 09:00:00,1880.21,1797.922
2026-04-23 10:00:00,1876.1400000000003,1800.033
2026-04-23 11:00:00,1874.63,1803.0828
2026-04-23 13:00:00,1862.58,1806.3561
2026-04-23 14:00:00,1870.36,1809.1486
2026-04-24 09:00:00,1876.96,1811.4506
2026-04-24 10:00:00,1862.6799999999998,1813.6509
2026-04-24 11:00:00,1862.41,1815.567
2026-04-24 13:00:00,1857.66,1816.794
2026-04-24 14:00:00,1853.29,1817.2344
2026-04-28 09:00:00,1868.6899999999998,1817.1168
2026-04-28 10:00:00,1886.72,1816.9261
2026-04-28 11:00:00,1886.0499999999997,1817.5164
2026-04-28 13:00:00,1879.5,1818.9302
2026-04-28 14:00:00,1875.8399999999997,1820.4491
2026-04-29 09:00:00,1868.2500000000002,1821.7955
2026-04-29 10:00:00,1861.5899999999997,1822.8633
2026-04-29 11:00:00,1858.98,1823.218
2026-04-29 13:00:00,1854.26,1822.9869
2026-04-29 14:00:00,1854.1,1822.2616
2026-05-04 09:00:00,1868.59,1821.0255
2026-05-04 10:00:00,1854.62,1820.4672
2026-05-04 11:00:00,1855.66,1819.8771
2026-05-04 13:00:00,1851.09,1818.9452
2026-05-04 14:00:00,1854.06,1817.7578
2026-05-05 09:00:00,1853.4900000000002,1816.5648
2026-05-05 10:00:00,1868.39,1815.5157
2026-05-05 11:00:00,1869.02,1814.9324
2026-05-05 13:00:00,1870.98,1815.0544
2026-05-05 14:00:00,1874.85,1815.4674
2026-05-06 09:00:00,1878.6999999999998,1816.3062
2026-05-06 10:00:00,1872.79,1817.7046
2026-05-06 11:00:00,1872.19,1819.0868
2026-05-06 13:00:00,1885.6499999999999,1820.2676
2026-05-06 14:00:00,1891.2,1821.536
2026-05-07 09:00:00,1901.9899999999998,1823.2817
2026-05-07 10:00:00,1909.0,1825.7902
2026-05-07 11:00:00,1906.4,1828.8116
2026-05-07 13:00:00,1914.57,1832.0575
2026-05-07 14:00:00,1909.0100000000002,1835.4838
2026-05-08 09:00:00,1903.08,1838.7191
2026-05-08 10:00:00,1901.5,1841.4479
2026-05-08 11:00:00,1899.74,1843.5869
2026-05-08 13:00:00,1913.2100000000003,1845.129
2026-05-08 14:00:00,1915.37,1846.5742
2026-05-11 09:00:00,1919.51,1848.095
2026-05-11 10:00:00,1923.79,1849.9084
2026-05-11 11:00:00,1921.29,1851.8772
2026-05-11 13:00:00,1911.4499999999998,1853.8464
2026-05-11 14:00:00,1895.5,1855.4213
2026-05-12 09:00:00,1891.8899999999999,1856.0775
2026-05-12 10:00:00,1889.79,1855.6903
2026-05-12 11:00:00,1879.82,1854.6174
2026-05-12 13:00:00,1899.1500000000003,1852.8702
2026-05-12 14:00:00,1901.1,1850.9991
2026-05-13 09:00:00,1892.07,1849.7668
2026-05-13 10:00:00,1892.3300000000002,1848.8984
2026-05-13 11:00:00,1892.75,1848.0051
2026-05-13 13:00:00,1866.9999999999998,1847.0955
2026-05-13 14:00:00,1898.37,1845.665
2026-05-14 09:00:00,1897.14,1844.0927
2026-05-14 10:00:00,1919.66,1843.1516
2026-05-14 11:00:00,1918.51,1843.1932
2026-05-14 13:00:00,1920.6300000000003,1844.3412
2026-05-14 14:00:00,1925.4600000000003,1846.1543
2026-05-15 09:00:00,1915.87,1848.3385
2026-05-15 10:00:00,1918.45,1850.6823
2026-05-15 11:00:00,1921.98,1852.7316
2026-05-15 13:00:00,1916.3600000000001,1854.6274
2026-05-15 14:00:00,1921.6,1856.1633
2026-05-18 09:00:00,1915.12,1857.461
2026-05-18 10:00:00,1913.94,1858.438
2026-05-18 11:00:00,1920.7599999999998,1859.0312
2026-05-18 13:00:00,1923.8600000000001,1859.5693
2026-05-18 14:00:00,1927.9399999999998,1860.1809
2026-05-19 09:00:00,1924.7200000000003,1861.0844
2026-05-19 10:00:00,1924.18,1862.1007
2026-05-19 11:00:00,1922.7,1862.9866
2026-05-19 13:00:00,1919.49,1863.7661
2026-05-19 14:00:00,1912.93,1864.1036
2026-05-20 09:00:00,1913.35,1864.0255
2026-05-20 10:00:00,1905.19,1863.6083
2026-05-20 11:00:00,1881.87,1862.9484
2026-05-20 13:00:00,1900.48,1861.3877
2026-05-20 14:00:00,1913.23,1859.0151
2026-05-21 09:00:00,1903.3,1857.2606
2026-05-21 10:00:00,1887.32,1856.2191
2026-05-21 11:00:00,1898.51,1854.9124
2026-05-21 13:00:00,1898.12,1853.4012
2026-05-21 14:00:00,1896.89,1852.0065
2026-05-22 09:00:00,1883.0200000000002,1850.916
2026-05-22 10:00:00,1866.9599999999998,1849.4619
2026-05-22 11:00:00,1864.97,1847.3755
2026-05-22 13:00:00,1873.49,1844.4589
2026-05-22 14:00:00,1877.1299999999999,1841.4468
2026-05-25 09:00:00,1886.4799999999998,1838.8262
2026-05-25 10:00:00,1883.54,1836.9386
2026-05-25 11:00:00,1879.14,1835.7322
2026-05-25 13:00:00,1882.02,1834.8297
2026-05-25 14:00:00,1886.03,1834.2249
2026-05-26 09:00:00,1884.5500000000002,1833.8591
2026-05-26 10:00:00,1882.89,1833.7833
2026-05-26 11:00:00,1880.8900000000003,1833.8141
2026-05-26 13:00:00,1879.69,1833.8052
2026-05-26 14:00:00,1884.18,1833.666
2026-05-27 09:00:00,1870.84,1833.5919
2026-05-27 10:00:00,1873.2899999999997,1833.4386
2026-05-27 11:00:00,1868.43,1832.8442
2026-05-27 13:00:00,1870.37,1831.9995
2026-05-27 14:00:00,1874.43,1830.9617
2026-05-28 09:00:00,1871.38,1829.9382
2026-05-28 10:00:00,1858.96,1829.0535
2026-05-28 11:00:00,1859.0,1827.9462
2026-05-28 13:00:00,1870.9699999999998,1826.5067
2026-05-28 14:00:00,1863.67,1825.2852
2026-05-29 09:00:00,1863.76,1824.4572
2026-05-29 10:00:00,1858.53,1823.5863
2026-05-29 11:00:00,1863.2299999999998,1822.6265
2026-05-29 13:00:00,1866.11,1821.6353
2026-05-29 14:00:00,1863.49,1820.9462
2026-06-01 09:00:00,1866.18,1820.4324
2026-06-01 10:00:00,1853.78,1820.1797
2026-06-01 11:00:00,1853.04,1819.7104
2026-06-01 13:00:00,1847.0,1818.8417
2026-06-01 14:00:00,1844.5400000000002,1817.5693
2026-06-02 09:00:00,1851.75,1815.9744
2026-06-02 10:00:00,1840.04,1814.4479
2026-06-02 11:00:00,1836.1000000000001,1812.9021
2026-06-02 13:00:00,1824.93,1811.0598
2026-06-02 14:00:00,1826.4700000000003,1808.801
2026-06-03 09:00:00,1810.83,1806.2026
2026-06-03 10:00:00,1803.48,1803.1279
2026-06-03 11:00:00,1809.26,1799.4105
2026-06-03 13:00:00,1825.76,1795.5396
2026-06-03 14:00:00,1819.0100000000002,1792.3457
2026-06-04 09:00:00,1818.8699999999997,1789.831
2026-06-04 10:00:00,1819.04,1787.8383
2026-06-04 11:00:00,1818.6599999999999,1786.282
2026-06-04 13:00:00,1827.8500000000001,1785.0154
2026-06-04 14:00:00,1831.5499999999997,1784.212
2026-06-05 09:00:00,1841.0499999999997,1784.0416
2026-06-05 10:00:00,1841.4700000000003,1784.6523
2026-06-05 11:00:00,1843.0900000000001,1785.8446
2026-06-05 13:00:00,1840.08,1787.4349
2026-06-05 14:00:00,1838.9,1789.0524
2026-06-08 09:00:00,1820.03,1790.472
2026-06-08 10:00:00,1808.6199999999997,1790.7614
2026-06-08 11:00:00,1799.2200000000003,1790.1803
2026-06-08 13:00:00,1796.64,1788.5701
2026-06-08 14:00:00,1790.53,1786.179
2026-06-09 09:00:00,1793.6800000000003,1783.2395
2026-06-09 10:00:00,1794.88,1780.2552
2026-06-09 11:00:00,1792.5999999999997,1777.1157
2026-06-09 13:00:00,1790.44,1774.2043
2026-06-09 14:00:00,1793.05,1771.476
2026-06-10 09:00:00,1790.8999999999999,1769.0707
2026-06-10 10:00:00,1799.8599999999997,1767.0309
2026-06-10 11:00:00,1801.26,1765.4424
2026-06-10 13:00:00,1797.68,1764.4946
2026-06-10 14:00:00,1803.71,1763.8679
2026-06-11 09:00:00,1792.62,1763.5946
2026-06-11 10:00:00,1797.37,1763.1224
2026-06-11 11:00:00,1796.9899999999998,1762.6836
2026-06-11 13:00:00,1796.08,1762.3954
2026-06-11 14:00:00,1798.61,1762.2004
2026-06-12 09:00:00,1803.18,1762.129
2026-06-12 10:00:00,1803.43,1762.6154
2026-06-12 11:00:00,1803.1899999999998,1763.2386
2026-06-12 13:00:00,1803.8,1763.825
2026-06-12 14:00:00,1791.65,1764.404
2026-06-15 09:00:00,1793.04,1764.6326
2026-06-15 10:00:00,1791.97,1764.7711
2026-06-15 11:00:00,1794.58,1764.2832
2026-06-15 13:00:00,1795.4100000000003,1763.6874
2026-06-15 14:00:00,1799.3099999999997,1763.1748
2026-06-16 09:00:00,1807.73,1762.8013
2026-06-16 10:00:00,1804.19,1762.9999
2026-06-16 11:00:00,1805.96,1763.474
2026-06-16 13:00:00,1806.04,1764.0535
2026-06-16 14:00:00,1807.9399999999998,1764.7206
2026-06-17 09:00:00,1807.0400000000002,1765.4353
2026-06-17 10:00:00,1794.1,1765.9543
2026-06-17 11:00:00,1790.11,1766.2266
2026-06-17 13:00:00,1804.8400000000001,1765.9232
2026-06-17 14:00:00,1806.2,1765.5339
2026-06-18 09:00:00,1832.9500000000003,1765.5348
2026-06-18 10:00:00,1834.77,1766.797
2026-06-18 11:00:00,1835.4200000000003,1769.0546
2026-06-18 13:00:00,1832.3700000000001,1771.8242
2026-06-18 14:00:00,1830.47,1774.7123
2026-06-19 09:00:00,1830.83,1777.4175
2026-06-19 10:00:00,1829.72,1779.9133
2026-06-19 11:00:00,1827.4100000000003,1781.9626
2026-06-19 13:00:00,1826.19,1783.5865
2026-06-19 14:00:00,1824.53,1784.7448
2026-06-22 09:00:00,1827.7700000000002,1785.1995
2026-06-22 10:00:00,1851.3399999999997,1785.6992
2026-06-22 11:00:00,1856.81,1786.678
2026-06-22 13:00:00,1856.3299999999997,1788.578
2026-06-22 14:00:00,1857.91,1791.0613
2026-06-23 09:00:00,1872.87,1793.7979
2026-06-23 10:00:00,1871.27,1797.3768
2026-06-23 11:00:00,1878.1400000000003,1801.0326
2026-06-23 13:00:00,1874.75,1804.7257
2026-06-23 14:00:00,1869.0400000000002,1808.4152
2026-06-24 09:00:00,1882.67,1811.4946
2026-06-24 10:00:00,1869.91,1814.4729
2026-06-24 11:00:00,1865.69,1817.0469
2026-06-24 13:00:00,1875.69,1818.7858
2026-06-24 14:00:00,1878.02,1820.0924
2026-06-25 09:00:00,1869.42,1821.4573
2026-06-25 10:00:00,1859.59,1822.5509
2026-06-25 11:00:00,1861.84,1822.9799
2026-06-25 13:00:00,1862.81,1822.83
2026-06-25 14:00:00,1863.0700000000002,1822.4696
2026-06-26 09:00:00,1865.21,1821.8918
2026-06-26 10:00:00,1858.9899999999998,1821.3182
2026-06-26 11:00:00,1855.99,1820.7179
2026-06-26 13:00:00,1865.8699999999997,1819.9226
2026-06-26 14:00:00,1871.91,1819.1986
